CUDA_VISIBLE_DEVICES=3
PYTHON=/home/isl_jhoh/miniconda3/envs/corl/bin/python
RISKY_ROOT=/home/isl_jhoh/CoRL/risky
LAYOUT=risky_multipath
/home/isl_jhoh/miniconda3/envs/corl/lib/python3.10/site-packages/pygame/pkgdata.py:25: UserWarning: pkg_resources is deprecated as an API. See https://setuptools.pypa.io/en/latest/pkg_resources.html. The pkg_resources package is slated for removal as early as 2025-11-30. Refrain from using this package or pin to Setuptools<81.
  from pkg_resources import resource_stream, resource_exists
pygame 2.6.1 (SDL 2.28.4, Python 3.10.20)
Hello from the pygame community. https://www.pygame.org/contribute.html
wrote /home/isl_jhoh/CoRL/transplant/policy_pool/risky_multipath/policy_config/mlp_policy_config.pkl
wrote /home/isl_jhoh/CoRL/transplant/policy_pool/risky_multipath/policy_config/rnn_policy_config.pkl
wrote /home/isl_jhoh/CoRL/transplant/policy_pool/risky_multipath/mep/s1/train.yml
/home/isl_jhoh/miniconda3/envs/corl/lib/python3.10/site-packages/pygame/pkgdata.py:25: UserWarning: pkg_resources is deprecated as an API. See https://setuptools.pypa.io/en/latest/pkg_resources.html. The pkg_resources package is slated for removal as early as 2025-11-30. Refrain from using this package or pin to Setuptools<81.
  from pkg_resources import resource_stream, resource_exists
pygame 2.6.1 (SDL 2.28.4, Python 3.10.20)
Hello from the pygame community. https://www.pygame.org/contribute.html
bootstrap:
  transplant_root: /home/isl_jhoh/CoRL/transplant
  corl_root: /home/isl_jhoh/CoRL
  hsp_root: /home/isl_jhoh/CoRL/HSP
  risky_root: /home/isl_jhoh/CoRL/risky
  risky_src: /home/isl_jhoh/CoRL/risky/src
  compat_root: /home/isl_jhoh/CoRL/transplant/compat
  policy_pool_root: /home/isl_jhoh/CoRL/transplant/policy_pool
reset:
  obs: [(7, 6, 28), (7, 6, 28)]
  share_obs: (2, 7, 6, 56)
  available_actions: (2, 6), uint8
  render rgb_array: shape=(928, 1056, 3), dtype=uint8, min=0, max=255
  step 1: action=[0, 0] reward=[[0.0], [0.0]] done=[False, False]
  step 2: action=[1, 5] reward=[[0.0], [0.0]] done=[False, False]
  step 3: action=[3, 4] reward=[[0.0], [0.0]] done=[False, False]
  step 4: action=[3, 2] reward=[[0.0], [0.0]] done=[False, False]
  step 5: action=[5, 5] reward=[[0.0], [0.0]] done=[False, False]
last info keys: ['agent_infos', 'mdp_info', 'phi_s', 'phi_s_prime', 'risky_event_counts', 'risky_event_infos', 'shaped_info_by_agent', 'shaped_r_by_agent', 'sparse_r_by_agent', 'step_shaped_info_by_agent', 'stuck', 'vec_shaped_info_by_agent']
  risky event dim: 38
  vec_shaped_info_by_agent: (2, 38)
  render gif: /home/isl_jhoh/CoRL/transplant/results/smoke_render/gifs/risky_multipath/traj_num_1/reward_0.gif
smoke check complete
/home/isl_jhoh/miniconda3/envs/corl/lib/python3.10/site-packages/pygame/pkgdata.py:25: UserWarning: pkg_resources is deprecated as an API. See https://setuptools.pypa.io/en/latest/pkg_resources.html. The pkg_resources package is slated for removal as early as 2025-11-30. Refrain from using this package or pin to Setuptools<81.
  from pkg_resources import resource_stream, resource_exists
pygame 2.6.1 (SDL 2.28.4, Python 3.10.20)
Hello from the pygame community. https://www.pygame.org/contribute.html
wrote /home/isl_jhoh/CoRL/transplant/policy_pool/risky_multipath/policy_config/mlp_policy_config.pkl
wrote /home/isl_jhoh/CoRL/transplant/policy_pool/risky_multipath/policy_config/rnn_policy_config.pkl
wrote /home/isl_jhoh/CoRL/transplant/policy_pool/risky_multipath/mep/s1/train.yml
/home/isl_jhoh/miniconda3/envs/corl/lib/python3.10/site-packages/pygame/pkgdata.py:25: UserWarning: pkg_resources is deprecated as an API. See https://setuptools.pypa.io/en/latest/pkg_resources.html. The pkg_resources package is slated for removal as early as 2025-11-30. Refrain from using this package or pin to Setuptools<81.
  from pkg_resources import resource_stream, resource_exists
pygame 2.6.1 (SDL 2.28.4, Python 3.10.20)
Hello from the pygame community. https://www.pygame.org/contribute.html
choose to use gpu...
/home/isl_jhoh/CoRL/HSP/hsp/algorithms/population/policy_pool.py:63: UserWarning: Policy pool currently loads all checkpoints into gpu, consider load into cpu latter...
  warnings.warn("Policy pool currently loads all checkpoints into gpu, consider load into cpu latter...")
Traceback (most recent call last):
  File "/home/isl_jhoh/miniconda3/envs/corl/lib/python3.10/runpy.py", line 196, in _run_module_as_main
    return _run_code(code, main_globals, None,
  File "/home/isl_jhoh/miniconda3/envs/corl/lib/python3.10/runpy.py", line 86, in _run_code
    exec(code, run_globals)
  File "/home/isl_jhoh/CoRL/transplant/train_risky_adaptive.py", line 142, in <module>
    main(sys.argv[1:])
  File "/home/isl_jhoh/CoRL/transplant/train_risky_adaptive.py", line 133, in main
    runner.train_mep()
  File "/home/isl_jhoh/CoRL/HSP/hsp/runner/shared/overcooked_runner.py", line 625, in train_mep
    self.naive_train_with_multi_policy(reset_map_ea2t_fn=pbt_reset_map_ea2t_fn)
  File "/home/isl_jhoh/CoRL/HSP/hsp/runner/shared/overcooked_runner.py", line 528, in naive_train_with_multi_policy
    train_infos = self.trainer.train(sp_size=getattr(self, "n_repeats", 0)*self.num_agents)
  File "/home/isl_jhoh/CoRL/HSP/hsp/algorithms/population/mep.py", line 54, in train
    assert len(self.active_trainers) == 1 * self.all_args.n_rollout_threads // self.all_args.train_env_batch
AssertionError
Pickle dump policy config at /home/isl_jhoh/CoRL/transplant/results/RiskyOvercooked/risky_multipath/mep/mep-S1/run1/policy_config.pkl
population_yaml_path:  /home/isl_jhoh/CoRL/transplant/policy_pool/risky_multipath/mep/s1/train.yml
config loaded
dict_keys(['mep1', 'mep2', 'mep3', 'mep4', 'mep5', 'mep6', 'mep7', 'mep8', 'mep9', 'mep10', 'mep11', 'mep12']) 12 1
population_size: 12, 12
warning: no actor checkpoints found for mep1
warning: no actor checkpoints found for mep2
warning: no actor checkpoints found for mep3
warning: no actor checkpoints found for mep4
warning: no actor checkpoints found for mep5
warning: no actor checkpoints found for mep6
/home/isl_jhoh/miniconda3/envs/corl/lib/python3.10/site-packages/pygame/pkgdata.py:25: UserWarning: pkg_resources is deprecated as an API. See https://setuptools.pypa.io/en/latest/pkg_resources.html. The pkg_resources package is slated for removal as early as 2025-11-30. Refrain from using this package or pin to Setuptools<81.
  from pkg_resources import resource_stream, resource_exists
pygame 2.6.1 (SDL 2.28.4, Python 3.10.20)
Hello from the pygame community. https://www.pygame.org/contribute.html
wrote /home/isl_jhoh/CoRL/transplant/policy_pool/risky_multipath/policy_config/mlp_policy_config.pkl
wrote /home/isl_jhoh/CoRL/transplant/policy_pool/risky_multipath/policy_config/rnn_policy_config.pkl
wrote /home/isl_jhoh/CoRL/transplant/policy_pool/risky_multipath/mep/s1/train.yml
=== HSP S1 seed 1/1 ===
/home/isl_jhoh/miniconda3/envs/corl/lib/python3.10/site-packages/pygame/pkgdata.py:25: UserWarning: pkg_resources is deprecated as an API. See https://setuptools.pypa.io/en/latest/pkg_resources.html. The pkg_resources package is slated for removal as early as 2025-11-30. Refrain from using this package or pin to Setuptools<81.
  from pkg_resources import resource_stream, resource_exists
pygame 2.6.1 (SDL 2.28.4, Python 3.10.20)
Hello from the pygame community. https://www.pygame.org/contribute.html
choose to use gpu...
Pickle dump policy config at /home/isl_jhoh/CoRL/transplant/results/RiskyOvercooked/risky_multipath/mappo/hsp-S1/run3/policy_config.pkl
(7, 6, 28)
(7, 6, 56)
(7, 6, 28)
(7, 6, 56)

 Layout risky_multipath Algo mappo Exp hsp-S1 updates 0/12 episodes, total num timesteps 1600/20000, FPS 370.

average episode rewards agent 0 is 1.2520867586135864
average episode rewards agent 1 is 0.0

 Layout risky_multipath Algo mappo Exp hsp-S1 updates 1/12 episodes, total num timesteps 3200/20000, FPS 389.

average episode rewards agent 0 is 3.511678695678711
average episode rewards agent 1 is 0.75

 Layout risky_multipath Algo mappo Exp hsp-S1 updates 2/12 episodes, total num timesteps 4800/20000, FPS 407.

average episode rewards agent 0 is 8.35031795501709
average episode rewards agent 1 is 1.5

 Layout risky_multipath Algo mappo Exp hsp-S1 updates 3/12 episodes, total num timesteps 6400/20000, FPS 416.

average episode rewards agent 0 is 3.3350143432617188
average episode rewards agent 1 is 1.5

 Layout risky_multipath Algo mappo Exp hsp-S1 updates 4/12 episodes, total num timesteps 8000/20000, FPS 422.

average episode rewards agent 0 is 4.584047794342041
average episode rewards agent 1 is 0.75

 Layout risky_multipath Algo mappo Exp hsp-S1 updates 5/12 episodes, total num timesteps 9600/20000, FPS 426.

average episode rewards agent 0 is 10.766189575195312
average episode rewards agent 1 is 1.5

 Layout risky_multipath Algo mappo Exp hsp-S1 updates 6/12 episodes, total num timesteps 11200/20000, FPS 428.

average episode rewards agent 0 is 14.118285179138184
average episode rewards agent 1 is 1.5

 Layout risky_multipath Algo mappo Exp hsp-S1 updates 7/12 episodes, total num timesteps 12800/20000, FPS 423.

average episode rewards agent 0 is 12.912312507629395
average episode rewards agent 1 is 1.5

 Layout risky_multipath Algo mappo Exp hsp-S1 updates 8/12 episodes, total num timesteps 14400/20000, FPS 416.

average episode rewards agent 0 is 18.156789779663086
average episode rewards agent 1 is 3.0

 Layout risky_multipath Algo mappo Exp hsp-S1 updates 9/12 episodes, total num timesteps 16000/20000, FPS 414.

average episode rewards agent 0 is 7.760009288787842
average episode rewards agent 1 is 3.750000238418579

 Layout risky_multipath Algo mappo Exp hsp-S1 updates 10/12 episodes, total num timesteps 17600/20000, FPS 409.

average episode rewards agent 0 is 5.500957489013672
average episode rewards agent 1 is 6.0

 Layout risky_multipath Algo mappo Exp hsp-S1 updates 11/12 episodes, total num timesteps 19200/20000, FPS 407.

average episode rewards agent 0 is 31.138410568237305
average episode rewards agent 1 is 7.500000476837158
/home/isl_jhoh/CoRL/transplant/results/RiskyOvercooked/risky_multipath/mappo/hsp-S1/run1/models/actor_agent0_periodic_3.pt -> /home/isl_jhoh/CoRL/transplant/policy_pool/risky_multipath/hsp/s1/hsp1_w0_actor.pt
/home/isl_jhoh/CoRL/transplant/results/RiskyOvercooked/risky_multipath/mappo/hsp-S1/run1/models/actor_agent1_periodic_3.pt -> /home/isl_jhoh/CoRL/transplant/policy_pool/risky_multipath/hsp/s1/hsp1_w1_actor.pt
/home/isl_jhoh/CoRL/transplant/results/RiskyOvercooked/risky_multipath/mappo/hsp-S1/run2/models/actor_agent0_periodic_0.pt -> /home/isl_jhoh/CoRL/transplant/policy_pool/risky_multipath/hsp/s1/hsp1_w0_actor.pt
/home/isl_jhoh/CoRL/transplant/results/RiskyOvercooked/risky_multipath/mappo/hsp-S1/run2/models/actor_agent1_periodic_0.pt -> /home/isl_jhoh/CoRL/transplant/policy_pool/risky_multipath/hsp/s1/hsp1_w1_actor.pt
/home/isl_jhoh/CoRL/transplant/results/RiskyOvercooked/risky_multipath/mappo/hsp-S1/run3/models/actor_agent0_periodic_11.pt -> /home/isl_jhoh/CoRL/transplant/policy_pool/risky_multipath/hsp/s1/hsp1_w0_actor.pt
/home/isl_jhoh/CoRL/transplant/results/RiskyOvercooked/risky_multipath/mappo/hsp-S1/run3/models/actor_agent1_periodic_11.pt -> /home/isl_jhoh/CoRL/transplant/policy_pool/risky_multipath/hsp/s1/hsp1_w1_actor.pt
wrote /home/isl_jhoh/CoRL/transplant/policy_pool/risky_multipath/hsp/s1/eval.yml
=== eval hsp1_w0 vs hsp1_w1 ===
/home/isl_jhoh/miniconda3/envs/corl/lib/python3.10/site-packages/pygame/pkgdata.py:25: UserWarning: pkg_resources is deprecated as an API. See https://setuptools.pypa.io/en/latest/pkg_resources.html. The pkg_resources package is slated for removal as early as 2025-11-30. Refrain from using this package or pin to Setuptools<81.
  from pkg_resources import resource_stream, resource_exists
pygame 2.6.1 (SDL 2.28.4, Python 3.10.20)
Hello from the pygame community. https://www.pygame.org/contribute.html
choose to use gpu...
/home/isl_jhoh/CoRL/HSP/hsp/algorithms/population/policy_pool.py:63: UserWarning: Policy pool currently loads all checkpoints into gpu, consider load into cpu latter...
  warnings.warn("Policy pool currently loads all checkpoints into gpu, consider load into cpu latter...")
/home/isl_jhoh/CoRL/transplant/runners/risky_overcooked_runner.py:131: UserWarning: Evaluation with multi policy is not compatible with async done.
  warnings.warn("Evaluation with multi policy is not compatible with async done.")
Pickle dump policy config at /home/isl_jhoh/CoRL/transplant/results/RiskyOvercooked/risky_multipath/population/eval-hsp1-w0-w1/run1/policy_config.pkl
population_yaml_path:  /home/isl_jhoh/CoRL/transplant/policy_pool/risky_multipath/hsp/s1/eval.yml
config loaded
디버깅 before checkpoint: {'actor': '/home/isl_jhoh/CoRL/transplant/policy_pool/risky_multipath/hsp/s1/hsp1_w0_actor.pt'}
디버깅 checkpoint loaded
디버깅 before checkpoint: {'actor': '/home/isl_jhoh/CoRL/transplant/policy_pool/risky_multipath/hsp/s1/hsp1_w1_actor.pt'}
디버깅 checkpoint loaded
{'hsp1_w0-hsp1_w1-eval_ep_tomato_pickup_by_agent0': [np.float32(0.0)], 'agent0-hsp1_w0-eval_ep_tomato_pickup_by_agent0': [np.float32(0.0)], 'agent1-hsp1_w1-eval_ep_tomato_pickup_by_agent0': [np.float32(0.0)], 'either-hsp1_w0-eval_ep_tomato_pickup_by_agent0': [np.float32(0.0)], 'either-hsp1_w1-eval_ep_tomato_pickup_by_agent0': [np.float32(0.0)], 'hsp1_w0-hsp1_w1-eval_ep_useful_tomato_pickup_by_agent0': [np.float32(0.0)], 'agent0-hsp1_w0-eval_ep_useful_tomato_pickup_by_agent0': [np.float32(0.0)], 'agent1-hsp1_w1-eval_ep_useful_tomato_pickup_by_agent0': [np.float32(0.0)], 'either-hsp1_w0-eval_ep_useful_tomato_pickup_by_agent0': [np.float32(0.0)], 'either-hsp1_w1-eval_ep_useful_tomato_pickup_by_agent0': [np.float32(0.0)], 'hsp1_w0-hsp1_w1-eval_ep_tomato_drop_by_agent0': [np.float32(0.0)], 'agent0-hsp1_w0-eval_ep_tomato_drop_by_agent0': [np.float32(0.0)], 'agent1-hsp1_w1-eval_ep_tomato_drop_by_agent0': [np.float32(0.0)], 'either-hsp1_w0-eval_ep_tomato_drop_by_agent0': [np.float32(0.0)], 'either-hsp1_w1-eval_ep_tomato_drop_by_agent0': [np.float32(0.0)], 'hsp1_w0-hsp1_w1-eval_ep_useful_tomato_drop_by_agent0': [np.float32(0.0)], 'agent0-hsp1_w0-eval_ep_useful_tomato_drop_by_agent0': [np.float32(0.0)], 'agent1-hsp1_w1-eval_ep_useful_tomato_drop_by_agent0': [np.float32(0.0)], 'either-hsp1_w0-eval_ep_useful_tomato_drop_by_agent0': [np.float32(0.0)], 'either-hsp1_w1-eval_ep_useful_tomato_drop_by_agent0': [np.float32(0.0)], 'hsp1_w0-hsp1_w1-eval_ep_potting_tomato_by_agent0': [np.float32(0.0)], 'agent0-hsp1_w0-eval_ep_potting_tomato_by_agent0': [np.float32(0.0)], 'agent1-hsp1_w1-eval_ep_potting_tomato_by_agent0': [np.float32(0.0)], 'either-hsp1_w0-eval_ep_potting_tomato_by_agent0': [np.float32(0.0)], 'either-hsp1_w1-eval_ep_potting_tomato_by_agent0': [np.float32(0.0)], 'hsp1_w0-hsp1_w1-eval_ep_tomato_risked_by_agent0': [np.float32(0.0)], 'agent0-hsp1_w0-eval_ep_tomato_risked_by_agent0': [np.float32(0.0)], 'agent1-hsp1_w1-eval_ep_tomato_risked_by_agent0': [np.float32(0.0)], 'either-hsp1_w0-eval_ep_tomato_risked_by_agent0': [np.float32(0.0)], 'either-hsp1_w1-eval_ep_tomato_risked_by_agent0': [np.float32(0.0)], 'hsp1_w0-hsp1_w1-eval_ep_tomato_slip_by_agent0': [np.float32(0.0)], 'agent0-hsp1_w0-eval_ep_tomato_slip_by_agent0': [np.float32(0.0)], 'agent1-hsp1_w1-eval_ep_tomato_slip_by_agent0': [np.float32(0.0)], 'either-hsp1_w0-eval_ep_tomato_slip_by_agent0': [np.float32(0.0)], 'either-hsp1_w1-eval_ep_tomato_slip_by_agent0': [np.float32(0.0)], 'hsp1_w0-hsp1_w1-eval_ep_tomato_handoff_by_agent0': [np.float32(0.0)], 'agent0-hsp1_w0-eval_ep_tomato_handoff_by_agent0': [np.float32(0.0)], 'agent1-hsp1_w1-eval_ep_tomato_handoff_by_agent0': [np.float32(0.0)], 'either-hsp1_w0-eval_ep_tomato_handoff_by_agent0': [np.float32(0.0)], 'either-hsp1_w1-eval_ep_tomato_handoff_by_agent0': [np.float32(0.0)], 'hsp1_w0-hsp1_w1-eval_ep_onion_pickup_by_agent0': [np.float32(6.95)], 'agent0-hsp1_w0-eval_ep_onion_pickup_by_agent0': [np.float32(6.95)], 'agent1-hsp1_w1-eval_ep_onion_pickup_by_agent0': [np.float32(6.95)], 'either-hsp1_w0-eval_ep_onion_pickup_by_agent0': [np.float32(6.95)], 'either-hsp1_w1-eval_ep_onion_pickup_by_agent0': [np.float32(6.95)], 'hsp1_w0-hsp1_w1-eval_ep_useful_onion_pickup_by_agent0': [np.float32(6.9)], 'agent0-hsp1_w0-eval_ep_useful_onion_pickup_by_agent0': [np.float32(6.9)], 'agent1-hsp1_w1-eval_ep_useful_onion_pickup_by_agent0': [np.float32(6.9)], 'either-hsp1_w0-eval_ep_useful_onion_pickup_by_agent0': [np.float32(6.9)], 'either-hsp1_w1-eval_ep_useful_onion_pickup_by_agent0': [np.float32(6.9)], 'hsp1_w0-hsp1_w1-eval_ep_onion_drop_by_agent0': [np.float32(6.45)], 'agent0-hsp1_w0-eval_ep_onion_drop_by_agent0': [np.float32(6.45)], 'agent1-hsp1_w1-eval_ep_onion_drop_by_agent0': [np.float32(6.45)], 'either-hsp1_w0-eval_ep_onion_drop_by_agent0': [np.float32(6.45)], 'either-hsp1_w1-eval_ep_onion_drop_by_agent0': [np.float32(6.45)], 'hsp1_w0-hsp1_w1-eval_ep_useful_onion_drop_by_agent0': [np.float32(0.0)], 'agent0-hsp1_w0-eval_ep_useful_onion_drop_by_agent0': [np.float32(0.0)], 'agent1-hsp1_w1-eval_ep_useful_onion_drop_by_agent0': [np.float32(0.0)], 'either-hsp1_w0-eval_ep_useful_onion_drop_by_agent0': [np.float32(0.0)], 'either-hsp1_w1-eval_ep_useful_onion_drop_by_agent0': [np.float32(0.0)], 'hsp1_w0-hsp1_w1-eval_ep_potting_onion_by_agent0': [np.float32(0.0)], 'agent0-hsp1_w0-eval_ep_potting_onion_by_agent0': [np.float32(0.0)], 'agent1-hsp1_w1-eval_ep_potting_onion_by_agent0': [np.float32(0.0)], 'either-hsp1_w0-eval_ep_potting_onion_by_agent0': [np.float32(0.0)], 'either-hsp1_w1-eval_ep_potting_onion_by_agent0': [np.float32(0.0)], 'hsp1_w0-hsp1_w1-eval_ep_onion_risked_by_agent0': [np.float32(1.55)], 'agent0-hsp1_w0-eval_ep_onion_risked_by_agent0': [np.float32(1.55)], 'agent1-hsp1_w1-eval_ep_onion_risked_by_agent0': [np.float32(1.55)], 'either-hsp1_w0-eval_ep_onion_risked_by_agent0': [np.float32(1.55)], 'either-hsp1_w1-eval_ep_onion_risked_by_agent0': [np.float32(1.55)], 'hsp1_w0-hsp1_w1-eval_ep_onion_slip_by_agent0': [np.float32(0.3)], 'agent0-hsp1_w0-eval_ep_onion_slip_by_agent0': [np.float32(0.3)], 'agent1-hsp1_w1-eval_ep_onion_slip_by_agent0': [np.float32(0.3)], 'either-hsp1_w0-eval_ep_onion_slip_by_agent0': [np.float32(0.3)], 'either-hsp1_w1-eval_ep_onion_slip_by_agent0': [np.float32(0.3)], 'hsp1_w0-hsp1_w1-eval_ep_onion_handoff_by_agent0': [np.float32(0.1)], 'agent0-hsp1_w0-eval_ep_onion_handoff_by_agent0': [np.float32(0.1)], 'agent1-hsp1_w1-eval_ep_onion_handoff_by_agent0': [np.float32(0.1)], 'either-hsp1_w0-eval_ep_onion_handoff_by_agent0': [np.float32(0.1)], 'either-hsp1_w1-eval_ep_onion_handoff_by_agent0': [np.float32(0.1)], 'hsp1_w0-hsp1_w1-eval_ep_dish_pickup_by_agent0': [np.float32(6.55)], 'agent0-hsp1_w0-eval_ep_dish_pickup_by_agent0': [np.float32(6.55)], 'agent1-hsp1_w1-eval_ep_dish_pickup_by_agent0': [np.float32(6.55)], 'either-hsp1_w0-eval_ep_dish_pickup_by_agent0': [np.float32(6.55)], 'either-hsp1_w1-eval_ep_dish_pickup_by_agent0': [np.float32(6.55)], 'hsp1_w0-hsp1_w1-eval_ep_useful_dish_pickup_by_agent0': [np.float32(0.15)], 'agent0-hsp1_w0-eval_ep_useful_dish_pickup_by_agent0': [np.float32(0.15)], 'agent1-hsp1_w1-eval_ep_useful_dish_pickup_by_agent0': [np.float32(0.15)], 'either-hsp1_w0-eval_ep_useful_dish_pickup_by_agent0': [np.float32(0.15)], 'either-hsp1_w1-eval_ep_useful_dish_pickup_by_agent0': [np.float32(0.15)], 'hsp1_w0-hsp1_w1-eval_ep_dish_drop_by_agent0': [np.float32(5.95)], 'agent0-hsp1_w0-eval_ep_dish_drop_by_agent0': [np.float32(5.95)], 'agent1-hsp1_w1-eval_ep_dish_drop_by_agent0': [np.float32(5.95)], 'either-hsp1_w0-eval_ep_dish_drop_by_agent0': [np.float32(5.95)], 'either-hsp1_w1-eval_ep_dish_drop_by_agent0': [np.float32(5.95)], 'hsp1_w0-hsp1_w1-eval_ep_useful_dish_drop_by_agent0': [np.float32(3.3)], 'agent0-hsp1_w0-eval_ep_useful_dish_drop_by_agent0': [np.float32(3.3)], 'agent1-hsp1_w1-eval_ep_useful_dish_drop_by_agent0': [np.float32(3.3)], 'either-hsp1_w0-eval_ep_useful_dish_drop_by_agent0': [np.float32(3.3)], 'either-hsp1_w1-eval_ep_useful_dish_drop_by_agent0': [np.float32(3.3)], 'hsp1_w0-hsp1_w1-eval_ep_dish_risked_by_agent0': [np.float32(1.35)], 'agent0-hsp1_w0-eval_ep_dish_risked_by_agent0': [np.float32(1.35)], 'agent1-hsp1_w1-eval_ep_dish_risked_by_agent0': [np.float32(1.35)], 'either-hsp1_w0-eval_ep_dish_risked_by_agent0': [np.float32(1.35)], 'either-hsp1_w1-eval_ep_dish_risked_by_agent0': [np.float32(1.35)], 'hsp1_w0-hsp1_w1-eval_ep_dish_slip_by_agent0': [np.float32(0.3)], 'agent0-hsp1_w0-eval_ep_dish_slip_by_agent0': [np.float32(0.3)], 'agent1-hsp1_w1-eval_ep_dish_slip_by_agent0': [np.float32(0.3)], 'either-hsp1_w0-eval_ep_dish_slip_by_agent0': [np.float32(0.3)], 'either-hsp1_w1-eval_ep_dish_slip_by_agent0': [np.float32(0.3)], 'hsp1_w0-hsp1_w1-eval_ep_dish_handoff_by_agent0': [np.float32(0.0)], 'agent0-hsp1_w0-eval_ep_dish_handoff_by_agent0': [np.float32(0.0)], 'agent1-hsp1_w1-eval_ep_dish_handoff_by_agent0': [np.float32(0.0)], 'either-hsp1_w0-eval_ep_dish_handoff_by_agent0': [np.float32(0.0)], 'either-hsp1_w1-eval_ep_dish_handoff_by_agent0': [np.float32(0.0)], 'hsp1_w0-hsp1_w1-eval_ep_soup_pickup_by_agent0': [np.float32(0.0)], 'agent0-hsp1_w0-eval_ep_soup_pickup_by_agent0': [np.float32(0.0)], 'agent1-hsp1_w1-eval_ep_soup_pickup_by_agent0': [np.float32(0.0)], 'either-hsp1_w0-eval_ep_soup_pickup_by_agent0': [np.float32(0.0)], 'either-hsp1_w1-eval_ep_soup_pickup_by_agent0': [np.float32(0.0)], 'hsp1_w0-hsp1_w1-eval_ep_soup_delivery_by_agent0': [np.float32(0.0)], 'agent0-hsp1_w0-eval_ep_soup_delivery_by_agent0': [np.float32(0.0)], 'agent1-hsp1_w1-eval_ep_soup_delivery_by_agent0': [np.float32(0.0)], 'either-hsp1_w0-eval_ep_soup_delivery_by_agent0': [np.float32(0.0)], 'either-hsp1_w1-eval_ep_soup_delivery_by_agent0': [np.float32(0.0)], 'hsp1_w0-hsp1_w1-eval_ep_soup_drop_by_agent0': [np.float32(0.0)], 'agent0-hsp1_w0-eval_ep_soup_drop_by_agent0': [np.float32(0.0)], 'agent1-hsp1_w1-eval_ep_soup_drop_by_agent0': [np.float32(0.0)], 'either-hsp1_w0-eval_ep_soup_drop_by_agent0': [np.float32(0.0)], 'either-hsp1_w1-eval_ep_soup_drop_by_agent0': [np.float32(0.0)], 'hsp1_w0-hsp1_w1-eval_ep_soup_risked_by_agent0': [np.float32(0.0)], 'agent0-hsp1_w0-eval_ep_soup_risked_by_agent0': [np.float32(0.0)], 'agent1-hsp1_w1-eval_ep_soup_risked_by_agent0': [np.float32(0.0)], 'either-hsp1_w0-eval_ep_soup_risked_by_agent0': [np.float32(0.0)], 'either-hsp1_w1-eval_ep_soup_risked_by_agent0': [np.float32(0.0)], 'hsp1_w0-hsp1_w1-eval_ep_soup_slip_by_agent0': [np.float32(0.0)], 'agent0-hsp1_w0-eval_ep_soup_slip_by_agent0': [np.float32(0.0)], 'agent1-hsp1_w1-eval_ep_soup_slip_by_agent0': [np.float32(0.0)], 'either-hsp1_w0-eval_ep_soup_slip_by_agent0': [np.float32(0.0)], 'either-hsp1_w1-eval_ep_soup_slip_by_agent0': [np.float32(0.0)], 'hsp1_w0-hsp1_w1-eval_ep_soup_handoff_by_agent0': [np.float32(0.0)], 'agent0-hsp1_w0-eval_ep_soup_handoff_by_agent0': [np.float32(0.0)], 'agent1-hsp1_w1-eval_ep_soup_handoff_by_agent0': [np.float32(0.0)], 'either-hsp1_w0-eval_ep_soup_handoff_by_agent0': [np.float32(0.0)], 'either-hsp1_w1-eval_ep_soup_handoff_by_agent0': [np.float32(0.0)], 'hsp1_w0-hsp1_w1-eval_ep_optimal_onion_potting_by_agent0': [np.float32(0.0)], 'agent0-hsp1_w0-eval_ep_optimal_onion_potting_by_agent0': [np.float32(0.0)], 'agent1-hsp1_w1-eval_ep_optimal_onion_potting_by_agent0': [np.float32(0.0)], 'either-hsp1_w0-eval_ep_optimal_onion_potting_by_agent0': [np.float32(0.0)], 'either-hsp1_w1-eval_ep_optimal_onion_potting_by_agent0': [np.float32(0.0)], 'hsp1_w0-hsp1_w1-eval_ep_optimal_tomato_potting_by_agent0': [np.float32(0.0)], 'agent0-hsp1_w0-eval_ep_optimal_tomato_potting_by_agent0': [np.float32(0.0)], 'agent1-hsp1_w1-eval_ep_optimal_tomato_potting_by_agent0': [np.float32(0.0)], 'either-hsp1_w0-eval_ep_optimal_tomato_potting_by_agent0': [np.float32(0.0)], 'either-hsp1_w1-eval_ep_optimal_tomato_potting_by_agent0': [np.float32(0.0)], 'hsp1_w0-hsp1_w1-eval_ep_viable_onion_potting_by_agent0': [np.float32(0.0)], 'agent0-hsp1_w0-eval_ep_viable_onion_potting_by_agent0': [np.float32(0.0)], 'agent1-hsp1_w1-eval_ep_viable_onion_potting_by_agent0': [np.float32(0.0)], 'either-hsp1_w0-eval_ep_viable_onion_potting_by_agent0': [np.float32(0.0)], 'either-hsp1_w1-eval_ep_viable_onion_potting_by_agent0': [np.float32(0.0)], 'hsp1_w0-hsp1_w1-eval_ep_viable_tomato_potting_by_agent0': [np.float32(0.0)], 'agent0-hsp1_w0-eval_ep_viable_tomato_potting_by_agent0': [np.float32(0.0)], 'agent1-hsp1_w1-eval_ep_viable_tomato_potting_by_agent0': [np.float32(0.0)], 'either-hsp1_w0-eval_ep_viable_tomato_potting_by_agent0': [np.float32(0.0)], 'either-hsp1_w1-eval_ep_viable_tomato_potting_by_agent0': [np.float32(0.0)], 'hsp1_w0-hsp1_w1-eval_ep_catastrophic_onion_potting_by_agent0': [np.float32(0.0)], 'agent0-hsp1_w0-eval_ep_catastrophic_onion_potting_by_agent0': [np.float32(0.0)], 'agent1-hsp1_w1-eval_ep_catastrophic_onion_potting_by_agent0': [np.float32(0.0)], 'either-hsp1_w0-eval_ep_catastrophic_onion_potting_by_agent0': [np.float32(0.0)], 'either-hsp1_w1-eval_ep_catastrophic_onion_potting_by_agent0': [np.float32(0.0)], 'hsp1_w0-hsp1_w1-eval_ep_catastrophic_tomato_potting_by_agent0': [np.float32(0.0)], 'agent0-hsp1_w0-eval_ep_catastrophic_tomato_potting_by_agent0': [np.float32(0.0)], 'agent1-hsp1_w1-eval_ep_catastrophic_tomato_potting_by_agent0': [np.float32(0.0)], 'either-hsp1_w0-eval_ep_catastrophic_tomato_potting_by_agent0': [np.float32(0.0)], 'either-hsp1_w1-eval_ep_catastrophic_tomato_potting_by_agent0': [np.float32(0.0)], 'hsp1_w0-hsp1_w1-eval_ep_useless_onion_potting_by_agent0': [np.float32(0.0)], 'agent0-hsp1_w0-eval_ep_useless_onion_potting_by_agent0': [np.float32(0.0)], 'agent1-hsp1_w1-eval_ep_useless_onion_potting_by_agent0': [np.float32(0.0)], 'either-hsp1_w0-eval_ep_useless_onion_potting_by_agent0': [np.float32(0.0)], 'either-hsp1_w1-eval_ep_useless_onion_potting_by_agent0': [np.float32(0.0)], 'hsp1_w0-hsp1_w1-eval_ep_useless_tomato_potting_by_agent0': [np.float32(0.0)], 'agent0-hsp1_w0-eval_ep_useless_tomato_potting_by_agent0': [np.float32(0.0)], 'agent1-hsp1_w1-eval_ep_useless_tomato_potting_by_agent0': [np.float32(0.0)], 'either-hsp1_w0-eval_ep_useless_tomato_potting_by_agent0': [np.float32(0.0)], 'either-hsp1_w1-eval_ep_useless_tomato_potting_by_agent0': [np.float32(0.0)], 'hsp1_w0-hsp1_w1-eval_ep_empty_slip_by_agent0': [np.float32(0.0)], 'agent0-hsp1_w0-eval_ep_empty_slip_by_agent0': [np.float32(0.0)], 'agent1-hsp1_w1-eval_ep_empty_slip_by_agent0': [np.float32(0.0)], 'either-hsp1_w0-eval_ep_empty_slip_by_agent0': [np.float32(0.0)], 'either-hsp1_w1-eval_ep_empty_slip_by_agent0': [np.float32(0.0)], 'hsp1_w0-hsp1_w1-eval_ep_tomato_pickup_by_agent1': [np.float32(0.0)], 'agent0-hsp1_w0-eval_ep_tomato_pickup_by_agent1': [np.float32(0.0)], 'agent1-hsp1_w1-eval_ep_tomato_pickup_by_agent1': [np.float32(0.0)], 'either-hsp1_w0-eval_ep_tomato_pickup_by_agent1': [np.float32(0.0)], 'either-hsp1_w1-eval_ep_tomato_pickup_by_agent1': [np.float32(0.0)], 'hsp1_w0-hsp1_w1-eval_ep_useful_tomato_pickup_by_agent1': [np.float32(0.0)], 'agent0-hsp1_w0-eval_ep_useful_tomato_pickup_by_agent1': [np.float32(0.0)], 'agent1-hsp1_w1-eval_ep_useful_tomato_pickup_by_agent1': [np.float32(0.0)], 'either-hsp1_w0-eval_ep_useful_tomato_pickup_by_agent1': [np.float32(0.0)], 'either-hsp1_w1-eval_ep_useful_tomato_pickup_by_agent1': [np.float32(0.0)], 'hsp1_w0-hsp1_w1-eval_ep_tomato_drop_by_agent1': [np.float32(0.0)], 'agent0-hsp1_w0-eval_ep_tomato_drop_by_agent1': [np.float32(0.0)], 'agent1-hsp1_w1-eval_ep_tomato_drop_by_agent1': [np.float32(0.0)], 'either-hsp1_w0-eval_ep_tomato_drop_by_agent1': [np.float32(0.0)], 'either-hsp1_w1-eval_ep_tomato_drop_by_agent1': [np.float32(0.0)], 'hsp1_w0-hsp1_w1-eval_ep_useful_tomato_drop_by_agent1': [np.float32(0.0)], 'agent0-hsp1_w0-eval_ep_useful_tomato_drop_by_agent1': [np.float32(0.0)], 'agent1-hsp1_w1-eval_ep_useful_tomato_drop_by_agent1': [np.float32(0.0)], 'either-hsp1_w0-eval_ep_useful_tomato_drop_by_agent1': [np.float32(0.0)], 'either-hsp1_w1-eval_ep_useful_tomato_drop_by_agent1': [np.float32(0.0)], 'hsp1_w0-hsp1_w1-eval_ep_potting_tomato_by_agent1': [np.float32(0.0)], 'agent0-hsp1_w0-eval_ep_potting_tomato_by_agent1': [np.float32(0.0)], 'agent1-hsp1_w1-eval_ep_potting_tomato_by_agent1': [np.float32(0.0)], 'either-hsp1_w0-eval_ep_potting_tomato_by_agent1': [np.float32(0.0)], 'either-hsp1_w1-eval_ep_potting_tomato_by_agent1': [np.float32(0.0)], 'hsp1_w0-hsp1_w1-eval_ep_tomato_risked_by_agent1': [np.float32(0.0)], 'agent0-hsp1_w0-eval_ep_tomato_risked_by_agent1': [np.float32(0.0)], 'agent1-hsp1_w1-eval_ep_tomato_risked_by_agent1': [np.float32(0.0)], 'either-hsp1_w0-eval_ep_tomato_risked_by_agent1': [np.float32(0.0)], 'either-hsp1_w1-eval_ep_tomato_risked_by_agent1': [np.float32(0.0)], 'hsp1_w0-hsp1_w1-eval_ep_tomato_slip_by_agent1': [np.float32(0.0)], 'agent0-hsp1_w0-eval_ep_tomato_slip_by_agent1': [np.float32(0.0)], 'agent1-hsp1_w1-eval_ep_tomato_slip_by_agent1': [np.float32(0.0)], 'either-hsp1_w0-eval_ep_tomato_slip_by_agent1': [np.float32(0.0)], 'either-hsp1_w1-eval_ep_tomato_slip_by_agent1': [np.float32(0.0)], 'hsp1_w0-hsp1_w1-eval_ep_tomato_handoff_by_agent1': [np.float32(0.0)], 'agent0-hsp1_w0-eval_ep_tomato_handoff_by_agent1': [np.float32(0.0)], 'agent1-hsp1_w1-eval_ep_tomato_handoff_by_agent1': [np.float32(0.0)], 'either-hsp1_w0-eval_ep_tomato_handoff_by_agent1': [np.float32(0.0)], 'either-hsp1_w1-eval_ep_tomato_handoff_by_agent1': [np.float32(0.0)], 'hsp1_w0-hsp1_w1-eval_ep_onion_pickup_by_agent1': [np.float32(7.65)], 'agent0-hsp1_w0-eval_ep_onion_pickup_by_agent1': [np.float32(7.65)], 'agent1-hsp1_w1-eval_ep_onion_pickup_by_agent1': [np.float32(7.65)], 'either-hsp1_w0-eval_ep_onion_pickup_by_agent1': [np.float32(7.65)], 'either-hsp1_w1-eval_ep_onion_pickup_by_agent1': [np.float32(7.65)], 'hsp1_w0-hsp1_w1-eval_ep_useful_onion_pickup_by_agent1': [np.float32(7.6)], 'agent0-hsp1_w0-eval_ep_useful_onion_pickup_by_agent1': [np.float32(7.6)], 'agent1-hsp1_w1-eval_ep_useful_onion_pickup_by_agent1': [np.float32(7.6)], 'either-hsp1_w0-eval_ep_useful_onion_pickup_by_agent1': [np.float32(7.6)], 'either-hsp1_w1-eval_ep_useful_onion_pickup_by_agent1': [np.float32(7.6)], 'hsp1_w0-hsp1_w1-eval_ep_onion_drop_by_agent1': [np.float32(1.6)], 'agent0-hsp1_w0-eval_ep_onion_drop_by_agent1': [np.float32(1.6)], 'agent1-hsp1_w1-eval_ep_onion_drop_by_agent1': [np.float32(1.6)], 'either-hsp1_w0-eval_ep_onion_drop_by_agent1': [np.float32(1.6)], 'either-hsp1_w1-eval_ep_onion_drop_by_agent1': [np.float32(1.6)], 'hsp1_w0-hsp1_w1-eval_ep_useful_onion_drop_by_agent1': [np.float32(0.0)], 'agent0-hsp1_w0-eval_ep_useful_onion_drop_by_agent1': [np.float32(0.0)], 'agent1-hsp1_w1-eval_ep_useful_onion_drop_by_agent1': [np.float32(0.0)], 'either-hsp1_w0-eval_ep_useful_onion_drop_by_agent1': [np.float32(0.0)], 'either-hsp1_w1-eval_ep_useful_onion_drop_by_agent1': [np.float32(0.0)], 'hsp1_w0-hsp1_w1-eval_ep_potting_onion_by_agent1': [np.float32(3.45)], 'agent0-hsp1_w0-eval_ep_potting_onion_by_agent1': [np.float32(3.45)], 'agent1-hsp1_w1-eval_ep_potting_onion_by_agent1': [np.float32(3.45)], 'either-hsp1_w0-eval_ep_potting_onion_by_agent1': [np.float32(3.45)], 'either-hsp1_w1-eval_ep_potting_onion_by_agent1': [np.float32(3.45)], 'hsp1_w0-hsp1_w1-eval_ep_onion_risked_by_agent1': [np.float32(16.85)], 'agent0-hsp1_w0-eval_ep_onion_risked_by_agent1': [np.float32(16.85)], 'agent1-hsp1_w1-eval_ep_onion_risked_by_agent1': [np.float32(16.85)], 'either-hsp1_w0-eval_ep_onion_risked_by_agent1': [np.float32(16.85)], 'either-hsp1_w1-eval_ep_onion_risked_by_agent1': [np.float32(16.85)], 'hsp1_w0-hsp1_w1-eval_ep_onion_slip_by_agent1': [np.float32(2.15)], 'agent0-hsp1_w0-eval_ep_onion_slip_by_agent1': [np.float32(2.15)], 'agent1-hsp1_w1-eval_ep_onion_slip_by_agent1': [np.float32(2.15)], 'either-hsp1_w0-eval_ep_onion_slip_by_agent1': [np.float32(2.15)], 'either-hsp1_w1-eval_ep_onion_slip_by_agent1': [np.float32(2.15)], 'hsp1_w0-hsp1_w1-eval_ep_onion_handoff_by_agent1': [np.float32(0.25)], 'agent0-hsp1_w0-eval_ep_onion_handoff_by_agent1': [np.float32(0.25)], 'agent1-hsp1_w1-eval_ep_onion_handoff_by_agent1': [np.float32(0.25)], 'either-hsp1_w0-eval_ep_onion_handoff_by_agent1': [np.float32(0.25)], 'either-hsp1_w1-eval_ep_onion_handoff_by_agent1': [np.float32(0.25)], 'hsp1_w0-hsp1_w1-eval_ep_dish_pickup_by_agent1': [np.float32(0.4)], 'agent0-hsp1_w0-eval_ep_dish_pickup_by_agent1': [np.float32(0.4)], 'agent1-hsp1_w1-eval_ep_dish_pickup_by_agent1': [np.float32(0.4)], 'either-hsp1_w0-eval_ep_dish_pickup_by_agent1': [np.float32(0.4)], 'either-hsp1_w1-eval_ep_dish_pickup_by_agent1': [np.float32(0.4)], 'hsp1_w0-hsp1_w1-eval_ep_useful_dish_pickup_by_agent1': [np.float32(0.0)], 'agent0-hsp1_w0-eval_ep_useful_dish_pickup_by_agent1': [np.float32(0.0)], 'agent1-hsp1_w1-eval_ep_useful_dish_pickup_by_agent1': [np.float32(0.0)], 'either-hsp1_w0-eval_ep_useful_dish_pickup_by_agent1': [np.float32(0.0)], 'either-hsp1_w1-eval_ep_useful_dish_pickup_by_agent1': [np.float32(0.0)], 'hsp1_w0-hsp1_w1-eval_ep_dish_drop_by_agent1': [np.float32(0.25)], 'agent0-hsp1_w0-eval_ep_dish_drop_by_agent1': [np.float32(0.25)], 'agent1-hsp1_w1-eval_ep_dish_drop_by_agent1': [np.float32(0.25)], 'either-hsp1_w0-eval_ep_dish_drop_by_agent1': [np.float32(0.25)], 'either-hsp1_w1-eval_ep_dish_drop_by_agent1': [np.float32(0.25)], 'hsp1_w0-hsp1_w1-eval_ep_useful_dish_drop_by_agent1': [np.float32(0.25)], 'agent0-hsp1_w0-eval_ep_useful_dish_drop_by_agent1': [np.float32(0.25)], 'agent1-hsp1_w1-eval_ep_useful_dish_drop_by_agent1': [np.float32(0.25)], 'either-hsp1_w0-eval_ep_useful_dish_drop_by_agent1': [np.float32(0.25)], 'either-hsp1_w1-eval_ep_useful_dish_drop_by_agent1': [np.float32(0.25)], 'hsp1_w0-hsp1_w1-eval_ep_dish_risked_by_agent1': [np.float32(0.95)], 'agent0-hsp1_w0-eval_ep_dish_risked_by_agent1': [np.float32(0.95)], 'agent1-hsp1_w1-eval_ep_dish_risked_by_agent1': [np.float32(0.95)], 'either-hsp1_w0-eval_ep_dish_risked_by_agent1': [np.float32(0.95)], 'either-hsp1_w1-eval_ep_dish_risked_by_agent1': [np.float32(0.95)], 'hsp1_w0-hsp1_w1-eval_ep_dish_slip_by_agent1': [np.float32(0.15)], 'agent0-hsp1_w0-eval_ep_dish_slip_by_agent1': [np.float32(0.15)], 'agent1-hsp1_w1-eval_ep_dish_slip_by_agent1': [np.float32(0.15)], 'either-hsp1_w0-eval_ep_dish_slip_by_agent1': [np.float32(0.15)], 'either-hsp1_w1-eval_ep_dish_slip_by_agent1': [np.float32(0.15)], 'hsp1_w0-hsp1_w1-eval_ep_dish_handoff_by_agent1': [np.float32(0.15)], 'agent0-hsp1_w0-eval_ep_dish_handoff_by_agent1': [np.float32(0.15)], 'agent1-hsp1_w1-eval_ep_dish_handoff_by_agent1': [np.float32(0.15)], 'either-hsp1_w0-eval_ep_dish_handoff_by_agent1': [np.float32(0.15)], 'either-hsp1_w1-eval_ep_dish_handoff_by_agent1': [np.float32(0.15)], 'hsp1_w0-hsp1_w1-eval_ep_soup_pickup_by_agent1': [np.float32(0.0)], 'agent0-hsp1_w0-eval_ep_soup_pickup_by_agent1': [np.float32(0.0)], 'agent1-hsp1_w1-eval_ep_soup_pickup_by_agent1': [np.float32(0.0)], 'either-hsp1_w0-eval_ep_soup_pickup_by_agent1': [np.float32(0.0)], 'either-hsp1_w1-eval_ep_soup_pickup_by_agent1': [np.float32(0.0)], 'hsp1_w0-hsp1_w1-eval_ep_soup_delivery_by_agent1': [np.float32(0.0)], 'agent0-hsp1_w0-eval_ep_soup_delivery_by_agent1': [np.float32(0.0)], 'agent1-hsp1_w1-eval_ep_soup_delivery_by_agent1': [np.float32(0.0)], 'either-hsp1_w0-eval_ep_soup_delivery_by_agent1': [np.float32(0.0)], 'either-hsp1_w1-eval_ep_soup_delivery_by_agent1': [np.float32(0.0)], 'hsp1_w0-hsp1_w1-eval_ep_soup_drop_by_agent1': [np.float32(0.0)], 'agent0-hsp1_w0-eval_ep_soup_drop_by_agent1': [np.float32(0.0)], 'agent1-hsp1_w1-eval_ep_soup_drop_by_agent1': [np.float32(0.0)], 'either-hsp1_w0-eval_ep_soup_drop_by_agent1': [np.float32(0.0)], 'either-hsp1_w1-eval_ep_soup_drop_by_agent1': [np.float32(0.0)], 'hsp1_w0-hsp1_w1-eval_ep_soup_risked_by_agent1': [np.float32(0.0)], 'agent0-hsp1_w0-eval_ep_soup_risked_by_agent1': [np.float32(0.0)], 'agent1-hsp1_w1-eval_ep_soup_risked_by_agent1': [np.float32(0.0)], 'either-hsp1_w0-eval_ep_soup_risked_by_agent1': [np.float32(0.0)], 'either-hsp1_w1-eval_ep_soup_risked_by_agent1': [np.float32(0.0)], 'hsp1_w0-hsp1_w1-eval_ep_soup_slip_by_agent1': [np.float32(0.0)], 'agent0-hsp1_w0-eval_ep_soup_slip_by_agent1': [np.float32(0.0)], 'agent1-hsp1_w1-eval_ep_soup_slip_by_agent1': [np.float32(0.0)], 'either-hsp1_w0-eval_ep_soup_slip_by_agent1': [np.float32(0.0)], 'either-hsp1_w1-eval_ep_soup_slip_by_agent1': [np.float32(0.0)], 'hsp1_w0-hsp1_w1-eval_ep_soup_handoff_by_agent1': [np.float32(0.0)], 'agent0-hsp1_w0-eval_ep_soup_handoff_by_agent1': [np.float32(0.0)], 'agent1-hsp1_w1-eval_ep_soup_handoff_by_agent1': [np.float32(0.0)], 'either-hsp1_w0-eval_ep_soup_handoff_by_agent1': [np.float32(0.0)], 'either-hsp1_w1-eval_ep_soup_handoff_by_agent1': [np.float32(0.0)], 'hsp1_w0-hsp1_w1-eval_ep_optimal_onion_potting_by_agent1': [np.float32(3.45)], 'agent0-hsp1_w0-eval_ep_optimal_onion_potting_by_agent1': [np.float32(3.45)], 'agent1-hsp1_w1-eval_ep_optimal_onion_potting_by_agent1': [np.float32(3.45)], 'either-hsp1_w0-eval_ep_optimal_onion_potting_by_agent1': [np.float32(3.45)], 'either-hsp1_w1-eval_ep_optimal_onion_potting_by_agent1': [np.float32(3.45)], 'hsp1_w0-hsp1_w1-eval_ep_optimal_tomato_potting_by_agent1': [np.float32(0.0)], 'agent0-hsp1_w0-eval_ep_optimal_tomato_potting_by_agent1': [np.float32(0.0)], 'agent1-hsp1_w1-eval_ep_optimal_tomato_potting_by_agent1': [np.float32(0.0)], 'either-hsp1_w0-eval_ep_optimal_tomato_potting_by_agent1': [np.float32(0.0)], 'either-hsp1_w1-eval_ep_optimal_tomato_potting_by_agent1': [np.float32(0.0)], 'hsp1_w0-hsp1_w1-eval_ep_viable_onion_potting_by_agent1': [np.float32(3.45)], 'agent0-hsp1_w0-eval_ep_viable_onion_potting_by_agent1': [np.float32(3.45)], 'agent1-hsp1_w1-eval_ep_viable_onion_potting_by_agent1': [np.float32(3.45)], 'either-hsp1_w0-eval_ep_viable_onion_potting_by_agent1': [np.float32(3.45)], 'either-hsp1_w1-eval_ep_viable_onion_potting_by_agent1': [np.float32(3.45)], 'hsp1_w0-hsp1_w1-eval_ep_viable_tomato_potting_by_agent1': [np.float32(0.0)], 'agent0-hsp1_w0-eval_ep_viable_tomato_potting_by_agent1': [np.float32(0.0)], 'agent1-hsp1_w1-eval_ep_viable_tomato_potting_by_agent1': [np.float32(0.0)], 'either-hsp1_w0-eval_ep_viable_tomato_potting_by_agent1': [np.float32(0.0)], 'either-hsp1_w1-eval_ep_viable_tomato_potting_by_agent1': [np.float32(0.0)], 'hsp1_w0-hsp1_w1-eval_ep_catastrophic_onion_potting_by_agent1': [np.float32(0.0)], 'agent0-hsp1_w0-eval_ep_catastrophic_onion_potting_by_agent1': [np.float32(0.0)], 'agent1-hsp1_w1-eval_ep_catastrophic_onion_potting_by_agent1': [np.float32(0.0)], 'either-hsp1_w0-eval_ep_catastrophic_onion_potting_by_agent1': [np.float32(0.0)], 'either-hsp1_w1-eval_ep_catastrophic_onion_potting_by_agent1': [np.float32(0.0)], 'hsp1_w0-hsp1_w1-eval_ep_catastrophic_tomato_potting_by_agent1': [np.float32(0.0)], 'agent0-hsp1_w0-eval_ep_catastrophic_tomato_potting_by_agent1': [np.float32(0.0)], 'agent1-hsp1_w1-eval_ep_catastrophic_tomato_potting_by_agent1': [np.float32(0.0)], 'either-hsp1_w0-eval_ep_catastrophic_tomato_potting_by_agent1': [np.float32(0.0)], 'either-hsp1_w1-eval_ep_catastrophic_tomato_potting_by_agent1': [np.float32(0.0)], 'hsp1_w0-hsp1_w1-eval_ep_useless_onion_potting_by_agent1': [np.float32(0.0)], 'agent0-hsp1_w0-eval_ep_useless_onion_potting_by_agent1': [np.float32(0.0)], 'agent1-hsp1_w1-eval_ep_useless_onion_potting_by_agent1': [np.float32(0.0)], 'either-hsp1_w0-eval_ep_useless_onion_potting_by_agent1': [np.float32(0.0)], 'either-hsp1_w1-eval_ep_useless_onion_potting_by_agent1': [np.float32(0.0)], 'hsp1_w0-hsp1_w1-eval_ep_useless_tomato_potting_by_agent1': [np.float32(0.0)], 'agent0-hsp1_w0-eval_ep_useless_tomato_potting_by_agent1': [np.float32(0.0)], 'agent1-hsp1_w1-eval_ep_useless_tomato_potting_by_agent1': [np.float32(0.0)], 'either-hsp1_w0-eval_ep_useless_tomato_potting_by_agent1': [np.float32(0.0)], 'either-hsp1_w1-eval_ep_useless_tomato_potting_by_agent1': [np.float32(0.0)], 'hsp1_w0-hsp1_w1-eval_ep_empty_slip_by_agent1': [np.float32(0.0)], 'agent0-hsp1_w0-eval_ep_empty_slip_by_agent1': [np.float32(0.0)], 'agent1-hsp1_w1-eval_ep_empty_slip_by_agent1': [np.float32(0.0)], 'either-hsp1_w0-eval_ep_empty_slip_by_agent1': [np.float32(0.0)], 'either-hsp1_w1-eval_ep_empty_slip_by_agent1': [np.float32(0.0)], 'hsp1_w0-hsp1_w1-eval_ep_sparse_r_by_agent0': [np.float64(0.0)], 'agent0-hsp1_w0-eval_ep_sparse_r_by_agent0': [np.float64(0.0)], 'agent1-hsp1_w1-eval_ep_sparse_r_by_agent0': [np.float64(0.0)], 'either-hsp1_w0-eval_ep_sparse_r_by_agent0': [np.float64(0.0)], 'either-hsp1_w1-eval_ep_sparse_r_by_agent0': [np.float64(0.0)], 'hsp1_w0-hsp1_w1-eval_ep_shaped_r_by_agent0': [np.float64(0.45)], 'agent0-hsp1_w0-eval_ep_shaped_r_by_agent0': [np.float64(0.45)], 'agent1-hsp1_w1-eval_ep_shaped_r_by_agent0': [np.float64(0.45)], 'either-hsp1_w0-eval_ep_shaped_r_by_agent0': [np.float64(0.45)], 'either-hsp1_w1-eval_ep_shaped_r_by_agent0': [np.float64(0.45)], 'hsp1_w0-hsp1_w1-eval_ep_sparse_r_by_agent1': [np.float64(0.0)], 'agent0-hsp1_w0-eval_ep_sparse_r_by_agent1': [np.float64(0.0)], 'agent1-hsp1_w1-eval_ep_sparse_r_by_agent1': [np.float64(0.0)], 'either-hsp1_w0-eval_ep_sparse_r_by_agent1': [np.float64(0.0)], 'either-hsp1_w1-eval_ep_sparse_r_by_agent1': [np.float64(0.0)], 'hsp1_w0-hsp1_w1-eval_ep_shaped_r_by_agent1': [np.float64(10.35)], 'agent0-hsp1_w0-eval_ep_shaped_r_by_agent1': [np.float64(10.35)], 'agent1-hsp1_w1-eval_ep_shaped_r_by_agent1': [np.float64(10.35)], 'either-hsp1_w0-eval_ep_shaped_r_by_agent1': [np.float64(10.35)], 'either-hsp1_w1-eval_ep_shaped_r_by_agent1': [np.float64(10.35)], 'hsp1_w0-hsp1_w1-eval_ep_sparse_r': [np.float64(0.0)], 'agent0-hsp1_w0-eval_ep_sparse_r': [np.float64(0.0)], 'agent1-hsp1_w1-eval_ep_sparse_r': [np.float64(0.0)], 'either-hsp1_w0-eval_ep_sparse_r': [np.float64(0.0)], 'either-hsp1_w1-eval_ep_sparse_r': [np.float64(0.0)], 'hsp1_w0-hsp1_w1-eval_ep_shaped_r': [np.float64(10.8)], 'agent0-hsp1_w0-eval_ep_shaped_r': [np.float64(10.8)], 'agent1-hsp1_w1-eval_ep_shaped_r': [np.float64(10.8)], 'either-hsp1_w0-eval_ep_shaped_r': [np.float64(10.8)], 'either-hsp1_w1-eval_ep_shaped_r': [np.float64(10.8)]}
{'hsp1_w0-hsp1_w1-eval_ep_sparse_r_by_agent0': [np.float64(0.0)], 'agent0-hsp1_w0-eval_ep_sparse_r_by_agent0': [np.float64(0.0)], 'agent1-hsp1_w1-eval_ep_sparse_r_by_agent0': [np.float64(0.0)], 'either-hsp1_w0-eval_ep_sparse_r_by_agent0': [np.float64(0.0)], 'either-hsp1_w1-eval_ep_sparse_r_by_agent0': [np.float64(0.0)], 'hsp1_w0-hsp1_w1-eval_ep_sparse_r_by_agent1': [np.float64(0.0)], 'agent0-hsp1_w0-eval_ep_sparse_r_by_agent1': [np.float64(0.0)], 'agent1-hsp1_w1-eval_ep_sparse_r_by_agent1': [np.float64(0.0)], 'either-hsp1_w0-eval_ep_sparse_r_by_agent1': [np.float64(0.0)], 'either-hsp1_w1-eval_ep_sparse_r_by_agent1': [np.float64(0.0)], 'hsp1_w0-hsp1_w1-eval_ep_sparse_r': [np.float64(0.0)], 'agent0-hsp1_w0-eval_ep_sparse_r': [np.float64(0.0)], 'agent1-hsp1_w1-eval_ep_sparse_r': [np.float64(0.0)], 'either-hsp1_w0-eval_ep_sparse_r': [np.float64(0.0)], 'either-hsp1_w1-eval_ep_sparse_r': [np.float64(0.0)]}
=== eval hsp1_w1 vs hsp1_w0 ===
/home/isl_jhoh/miniconda3/envs/corl/lib/python3.10/site-packages/pygame/pkgdata.py:25: UserWarning: pkg_resources is deprecated as an API. See https://setuptools.pypa.io/en/latest/pkg_resources.html. The pkg_resources package is slated for removal as early as 2025-11-30. Refrain from using this package or pin to Setuptools<81.
  from pkg_resources import resource_stream, resource_exists
pygame 2.6.1 (SDL 2.28.4, Python 3.10.20)
Hello from the pygame community. https://www.pygame.org/contribute.html
choose to use gpu...
/home/isl_jhoh/CoRL/HSP/hsp/algorithms/population/policy_pool.py:63: UserWarning: Policy pool currently loads all checkpoints into gpu, consider load into cpu latter...
  warnings.warn("Policy pool currently loads all checkpoints into gpu, consider load into cpu latter...")
/home/isl_jhoh/CoRL/transplant/runners/risky_overcooked_runner.py:131: UserWarning: Evaluation with multi policy is not compatible with async done.
  warnings.warn("Evaluation with multi policy is not compatible with async done.")
Pickle dump policy config at /home/isl_jhoh/CoRL/transplant/results/RiskyOvercooked/risky_multipath/population/eval-hsp1-w1-w0/run1/policy_config.pkl
population_yaml_path:  /home/isl_jhoh/CoRL/transplant/policy_pool/risky_multipath/hsp/s1/eval.yml
config loaded
디버깅 before checkpoint: {'actor': '/home/isl_jhoh/CoRL/transplant/policy_pool/risky_multipath/hsp/s1/hsp1_w0_actor.pt'}
디버깅 checkpoint loaded
디버깅 before checkpoint: {'actor': '/home/isl_jhoh/CoRL/transplant/policy_pool/risky_multipath/hsp/s1/hsp1_w1_actor.pt'}
디버깅 checkpoint loaded
{'hsp1_w1-hsp1_w0-eval_ep_tomato_pickup_by_agent0': [np.float32(0.0)], 'agent0-hsp1_w1-eval_ep_tomato_pickup_by_agent0': [np.float32(0.0)], 'agent1-hsp1_w0-eval_ep_tomato_pickup_by_agent0': [np.float32(0.0)], 'either-hsp1_w1-eval_ep_tomato_pickup_by_agent0': [np.float32(0.0)], 'either-hsp1_w0-eval_ep_tomato_pickup_by_agent0': [np.float32(0.0)], 'hsp1_w1-hsp1_w0-eval_ep_useful_tomato_pickup_by_agent0': [np.float32(0.0)], 'agent0-hsp1_w1-eval_ep_useful_tomato_pickup_by_agent0': [np.float32(0.0)], 'agent1-hsp1_w0-eval_ep_useful_tomato_pickup_by_agent0': [np.float32(0.0)], 'either-hsp1_w1-eval_ep_useful_tomato_pickup_by_agent0': [np.float32(0.0)], 'either-hsp1_w0-eval_ep_useful_tomato_pickup_by_agent0': [np.float32(0.0)], 'hsp1_w1-hsp1_w0-eval_ep_tomato_drop_by_agent0': [np.float32(0.0)], 'agent0-hsp1_w1-eval_ep_tomato_drop_by_agent0': [np.float32(0.0)], 'agent1-hsp1_w0-eval_ep_tomato_drop_by_agent0': [np.float32(0.0)], 'either-hsp1_w1-eval_ep_tomato_drop_by_agent0': [np.float32(0.0)], 'either-hsp1_w0-eval_ep_tomato_drop_by_agent0': [np.float32(0.0)], 'hsp1_w1-hsp1_w0-eval_ep_useful_tomato_drop_by_agent0': [np.float32(0.0)], 'agent0-hsp1_w1-eval_ep_useful_tomato_drop_by_agent0': [np.float32(0.0)], 'agent1-hsp1_w0-eval_ep_useful_tomato_drop_by_agent0': [np.float32(0.0)], 'either-hsp1_w1-eval_ep_useful_tomato_drop_by_agent0': [np.float32(0.0)], 'either-hsp1_w0-eval_ep_useful_tomato_drop_by_agent0': [np.float32(0.0)], 'hsp1_w1-hsp1_w0-eval_ep_potting_tomato_by_agent0': [np.float32(0.0)], 'agent0-hsp1_w1-eval_ep_potting_tomato_by_agent0': [np.float32(0.0)], 'agent1-hsp1_w0-eval_ep_potting_tomato_by_agent0': [np.float32(0.0)], 'either-hsp1_w1-eval_ep_potting_tomato_by_agent0': [np.float32(0.0)], 'either-hsp1_w0-eval_ep_potting_tomato_by_agent0': [np.float32(0.0)], 'hsp1_w1-hsp1_w0-eval_ep_tomato_risked_by_agent0': [np.float32(0.0)], 'agent0-hsp1_w1-eval_ep_tomato_risked_by_agent0': [np.float32(0.0)], 'agent1-hsp1_w0-eval_ep_tomato_risked_by_agent0': [np.float32(0.0)], 'either-hsp1_w1-eval_ep_tomato_risked_by_agent0': [np.float32(0.0)], 'either-hsp1_w0-eval_ep_tomato_risked_by_agent0': [np.float32(0.0)], 'hsp1_w1-hsp1_w0-eval_ep_tomato_slip_by_agent0': [np.float32(0.0)], 'agent0-hsp1_w1-eval_ep_tomato_slip_by_agent0': [np.float32(0.0)], 'agent1-hsp1_w0-eval_ep_tomato_slip_by_agent0': [np.float32(0.0)], 'either-hsp1_w1-eval_ep_tomato_slip_by_agent0': [np.float32(0.0)], 'either-hsp1_w0-eval_ep_tomato_slip_by_agent0': [np.float32(0.0)], 'hsp1_w1-hsp1_w0-eval_ep_tomato_handoff_by_agent0': [np.float32(0.0)], 'agent0-hsp1_w1-eval_ep_tomato_handoff_by_agent0': [np.float32(0.0)], 'agent1-hsp1_w0-eval_ep_tomato_handoff_by_agent0': [np.float32(0.0)], 'either-hsp1_w1-eval_ep_tomato_handoff_by_agent0': [np.float32(0.0)], 'either-hsp1_w0-eval_ep_tomato_handoff_by_agent0': [np.float32(0.0)], 'hsp1_w1-hsp1_w0-eval_ep_onion_pickup_by_agent0': [np.float32(6.25)], 'agent0-hsp1_w1-eval_ep_onion_pickup_by_agent0': [np.float32(6.25)], 'agent1-hsp1_w0-eval_ep_onion_pickup_by_agent0': [np.float32(6.25)], 'either-hsp1_w1-eval_ep_onion_pickup_by_agent0': [np.float32(6.25)], 'either-hsp1_w0-eval_ep_onion_pickup_by_agent0': [np.float32(6.25)], 'hsp1_w1-hsp1_w0-eval_ep_useful_onion_pickup_by_agent0': [np.float32(6.25)], 'agent0-hsp1_w1-eval_ep_useful_onion_pickup_by_agent0': [np.float32(6.25)], 'agent1-hsp1_w0-eval_ep_useful_onion_pickup_by_agent0': [np.float32(6.25)], 'either-hsp1_w1-eval_ep_useful_onion_pickup_by_agent0': [np.float32(6.25)], 'either-hsp1_w0-eval_ep_useful_onion_pickup_by_agent0': [np.float32(6.25)], 'hsp1_w1-hsp1_w0-eval_ep_onion_drop_by_agent0': [np.float32(0.85)], 'agent0-hsp1_w1-eval_ep_onion_drop_by_agent0': [np.float32(0.85)], 'agent1-hsp1_w0-eval_ep_onion_drop_by_agent0': [np.float32(0.85)], 'either-hsp1_w1-eval_ep_onion_drop_by_agent0': [np.float32(0.85)], 'either-hsp1_w0-eval_ep_onion_drop_by_agent0': [np.float32(0.85)], 'hsp1_w1-hsp1_w0-eval_ep_useful_onion_drop_by_agent0': [np.float32(0.0)], 'agent0-hsp1_w1-eval_ep_useful_onion_drop_by_agent0': [np.float32(0.0)], 'agent1-hsp1_w0-eval_ep_useful_onion_drop_by_agent0': [np.float32(0.0)], 'either-hsp1_w1-eval_ep_useful_onion_drop_by_agent0': [np.float32(0.0)], 'either-hsp1_w0-eval_ep_useful_onion_drop_by_agent0': [np.float32(0.0)], 'hsp1_w1-hsp1_w0-eval_ep_potting_onion_by_agent0': [np.float32(3.0)], 'agent0-hsp1_w1-eval_ep_potting_onion_by_agent0': [np.float32(3.0)], 'agent1-hsp1_w0-eval_ep_potting_onion_by_agent0': [np.float32(3.0)], 'either-hsp1_w1-eval_ep_potting_onion_by_agent0': [np.float32(3.0)], 'either-hsp1_w0-eval_ep_potting_onion_by_agent0': [np.float32(3.0)], 'hsp1_w1-hsp1_w0-eval_ep_onion_risked_by_agent0': [np.float32(15.25)], 'agent0-hsp1_w1-eval_ep_onion_risked_by_agent0': [np.float32(15.25)], 'agent1-hsp1_w0-eval_ep_onion_risked_by_agent0': [np.float32(15.25)], 'either-hsp1_w1-eval_ep_onion_risked_by_agent0': [np.float32(15.25)], 'either-hsp1_w0-eval_ep_onion_risked_by_agent0': [np.float32(15.25)], 'hsp1_w1-hsp1_w0-eval_ep_onion_slip_by_agent0': [np.float32(2.1)], 'agent0-hsp1_w1-eval_ep_onion_slip_by_agent0': [np.float32(2.1)], 'agent1-hsp1_w0-eval_ep_onion_slip_by_agent0': [np.float32(2.1)], 'either-hsp1_w1-eval_ep_onion_slip_by_agent0': [np.float32(2.1)], 'either-hsp1_w0-eval_ep_onion_slip_by_agent0': [np.float32(2.1)], 'hsp1_w1-hsp1_w0-eval_ep_onion_handoff_by_agent0': [np.float32(0.1)], 'agent0-hsp1_w1-eval_ep_onion_handoff_by_agent0': [np.float32(0.1)], 'agent1-hsp1_w0-eval_ep_onion_handoff_by_agent0': [np.float32(0.1)], 'either-hsp1_w1-eval_ep_onion_handoff_by_agent0': [np.float32(0.1)], 'either-hsp1_w0-eval_ep_onion_handoff_by_agent0': [np.float32(0.1)], 'hsp1_w1-hsp1_w0-eval_ep_dish_pickup_by_agent0': [np.float32(0.45)], 'agent0-hsp1_w1-eval_ep_dish_pickup_by_agent0': [np.float32(0.45)], 'agent1-hsp1_w0-eval_ep_dish_pickup_by_agent0': [np.float32(0.45)], 'either-hsp1_w1-eval_ep_dish_pickup_by_agent0': [np.float32(0.45)], 'either-hsp1_w0-eval_ep_dish_pickup_by_agent0': [np.float32(0.45)], 'hsp1_w1-hsp1_w0-eval_ep_useful_dish_pickup_by_agent0': [np.float32(0.0)], 'agent0-hsp1_w1-eval_ep_useful_dish_pickup_by_agent0': [np.float32(0.0)], 'agent1-hsp1_w0-eval_ep_useful_dish_pickup_by_agent0': [np.float32(0.0)], 'either-hsp1_w1-eval_ep_useful_dish_pickup_by_agent0': [np.float32(0.0)], 'either-hsp1_w0-eval_ep_useful_dish_pickup_by_agent0': [np.float32(0.0)], 'hsp1_w1-hsp1_w0-eval_ep_dish_drop_by_agent0': [np.float32(0.3)], 'agent0-hsp1_w1-eval_ep_dish_drop_by_agent0': [np.float32(0.3)], 'agent1-hsp1_w0-eval_ep_dish_drop_by_agent0': [np.float32(0.3)], 'either-hsp1_w1-eval_ep_dish_drop_by_agent0': [np.float32(0.3)], 'either-hsp1_w0-eval_ep_dish_drop_by_agent0': [np.float32(0.3)], 'hsp1_w1-hsp1_w0-eval_ep_useful_dish_drop_by_agent0': [np.float32(0.15)], 'agent0-hsp1_w1-eval_ep_useful_dish_drop_by_agent0': [np.float32(0.15)], 'agent1-hsp1_w0-eval_ep_useful_dish_drop_by_agent0': [np.float32(0.15)], 'either-hsp1_w1-eval_ep_useful_dish_drop_by_agent0': [np.float32(0.15)], 'either-hsp1_w0-eval_ep_useful_dish_drop_by_agent0': [np.float32(0.15)], 'hsp1_w1-hsp1_w0-eval_ep_dish_risked_by_agent0': [np.float32(0.55)], 'agent0-hsp1_w1-eval_ep_dish_risked_by_agent0': [np.float32(0.55)], 'agent1-hsp1_w0-eval_ep_dish_risked_by_agent0': [np.float32(0.55)], 'either-hsp1_w1-eval_ep_dish_risked_by_agent0': [np.float32(0.55)], 'either-hsp1_w0-eval_ep_dish_risked_by_agent0': [np.float32(0.55)], 'hsp1_w1-hsp1_w0-eval_ep_dish_slip_by_agent0': [np.float32(0.15)], 'agent0-hsp1_w1-eval_ep_dish_slip_by_agent0': [np.float32(0.15)], 'agent1-hsp1_w0-eval_ep_dish_slip_by_agent0': [np.float32(0.15)], 'either-hsp1_w1-eval_ep_dish_slip_by_agent0': [np.float32(0.15)], 'either-hsp1_w0-eval_ep_dish_slip_by_agent0': [np.float32(0.15)], 'hsp1_w1-hsp1_w0-eval_ep_dish_handoff_by_agent0': [np.float32(0.2)], 'agent0-hsp1_w1-eval_ep_dish_handoff_by_agent0': [np.float32(0.2)], 'agent1-hsp1_w0-eval_ep_dish_handoff_by_agent0': [np.float32(0.2)], 'either-hsp1_w1-eval_ep_dish_handoff_by_agent0': [np.float32(0.2)], 'either-hsp1_w0-eval_ep_dish_handoff_by_agent0': [np.float32(0.2)], 'hsp1_w1-hsp1_w0-eval_ep_soup_pickup_by_agent0': [np.float32(0.0)], 'agent0-hsp1_w1-eval_ep_soup_pickup_by_agent0': [np.float32(0.0)], 'agent1-hsp1_w0-eval_ep_soup_pickup_by_agent0': [np.float32(0.0)], 'either-hsp1_w1-eval_ep_soup_pickup_by_agent0': [np.float32(0.0)], 'either-hsp1_w0-eval_ep_soup_pickup_by_agent0': [np.float32(0.0)], 'hsp1_w1-hsp1_w0-eval_ep_soup_delivery_by_agent0': [np.float32(0.0)], 'agent0-hsp1_w1-eval_ep_soup_delivery_by_agent0': [np.float32(0.0)], 'agent1-hsp1_w0-eval_ep_soup_delivery_by_agent0': [np.float32(0.0)], 'either-hsp1_w1-eval_ep_soup_delivery_by_agent0': [np.float32(0.0)], 'either-hsp1_w0-eval_ep_soup_delivery_by_agent0': [np.float32(0.0)], 'hsp1_w1-hsp1_w0-eval_ep_soup_drop_by_agent0': [np.float32(0.0)], 'agent0-hsp1_w1-eval_ep_soup_drop_by_agent0': [np.float32(0.0)], 'agent1-hsp1_w0-eval_ep_soup_drop_by_agent0': [np.float32(0.0)], 'either-hsp1_w1-eval_ep_soup_drop_by_agent0': [np.float32(0.0)], 'either-hsp1_w0-eval_ep_soup_drop_by_agent0': [np.float32(0.0)], 'hsp1_w1-hsp1_w0-eval_ep_soup_risked_by_agent0': [np.float32(0.0)], 'agent0-hsp1_w1-eval_ep_soup_risked_by_agent0': [np.float32(0.0)], 'agent1-hsp1_w0-eval_ep_soup_risked_by_agent0': [np.float32(0.0)], 'either-hsp1_w1-eval_ep_soup_risked_by_agent0': [np.float32(0.0)], 'either-hsp1_w0-eval_ep_soup_risked_by_agent0': [np.float32(0.0)], 'hsp1_w1-hsp1_w0-eval_ep_soup_slip_by_agent0': [np.float32(0.0)], 'agent0-hsp1_w1-eval_ep_soup_slip_by_agent0': [np.float32(0.0)], 'agent1-hsp1_w0-eval_ep_soup_slip_by_agent0': [np.float32(0.0)], 'either-hsp1_w1-eval_ep_soup_slip_by_agent0': [np.float32(0.0)], 'either-hsp1_w0-eval_ep_soup_slip_by_agent0': [np.float32(0.0)], 'hsp1_w1-hsp1_w0-eval_ep_soup_handoff_by_agent0': [np.float32(0.0)], 'agent0-hsp1_w1-eval_ep_soup_handoff_by_agent0': [np.float32(0.0)], 'agent1-hsp1_w0-eval_ep_soup_handoff_by_agent0': [np.float32(0.0)], 'either-hsp1_w1-eval_ep_soup_handoff_by_agent0': [np.float32(0.0)], 'either-hsp1_w0-eval_ep_soup_handoff_by_agent0': [np.float32(0.0)], 'hsp1_w1-hsp1_w0-eval_ep_optimal_onion_potting_by_agent0': [np.float32(3.0)], 'agent0-hsp1_w1-eval_ep_optimal_onion_potting_by_agent0': [np.float32(3.0)], 'agent1-hsp1_w0-eval_ep_optimal_onion_potting_by_agent0': [np.float32(3.0)], 'either-hsp1_w1-eval_ep_optimal_onion_potting_by_agent0': [np.float32(3.0)], 'either-hsp1_w0-eval_ep_optimal_onion_potting_by_agent0': [np.float32(3.0)], 'hsp1_w1-hsp1_w0-eval_ep_optimal_tomato_potting_by_agent0': [np.float32(0.0)], 'agent0-hsp1_w1-eval_ep_optimal_tomato_potting_by_agent0': [np.float32(0.0)], 'agent1-hsp1_w0-eval_ep_optimal_tomato_potting_by_agent0': [np.float32(0.0)], 'either-hsp1_w1-eval_ep_optimal_tomato_potting_by_agent0': [np.float32(0.0)], 'either-hsp1_w0-eval_ep_optimal_tomato_potting_by_agent0': [np.float32(0.0)], 'hsp1_w1-hsp1_w0-eval_ep_viable_onion_potting_by_agent0': [np.float32(3.0)], 'agent0-hsp1_w1-eval_ep_viable_onion_potting_by_agent0': [np.float32(3.0)], 'agent1-hsp1_w0-eval_ep_viable_onion_potting_by_agent0': [np.float32(3.0)], 'either-hsp1_w1-eval_ep_viable_onion_potting_by_agent0': [np.float32(3.0)], 'either-hsp1_w0-eval_ep_viable_onion_potting_by_agent0': [np.float32(3.0)], 'hsp1_w1-hsp1_w0-eval_ep_viable_tomato_potting_by_agent0': [np.float32(0.0)], 'agent0-hsp1_w1-eval_ep_viable_tomato_potting_by_agent0': [np.float32(0.0)], 'agent1-hsp1_w0-eval_ep_viable_tomato_potting_by_agent0': [np.float32(0.0)], 'either-hsp1_w1-eval_ep_viable_tomato_potting_by_agent0': [np.float32(0.0)], 'either-hsp1_w0-eval_ep_viable_tomato_potting_by_agent0': [np.float32(0.0)], 'hsp1_w1-hsp1_w0-eval_ep_catastrophic_onion_potting_by_agent0': [np.float32(0.0)], 'agent0-hsp1_w1-eval_ep_catastrophic_onion_potting_by_agent0': [np.float32(0.0)], 'agent1-hsp1_w0-eval_ep_catastrophic_onion_potting_by_agent0': [np.float32(0.0)], 'either-hsp1_w1-eval_ep_catastrophic_onion_potting_by_agent0': [np.float32(0.0)], 'either-hsp1_w0-eval_ep_catastrophic_onion_potting_by_agent0': [np.float32(0.0)], 'hsp1_w1-hsp1_w0-eval_ep_catastrophic_tomato_potting_by_agent0': [np.float32(0.0)], 'agent0-hsp1_w1-eval_ep_catastrophic_tomato_potting_by_agent0': [np.float32(0.0)], 'agent1-hsp1_w0-eval_ep_catastrophic_tomato_potting_by_agent0': [np.float32(0.0)], 'either-hsp1_w1-eval_ep_catastrophic_tomato_potting_by_agent0': [np.float32(0.0)], 'either-hsp1_w0-eval_ep_catastrophic_tomato_potting_by_agent0': [np.float32(0.0)], 'hsp1_w1-hsp1_w0-eval_ep_useless_onion_potting_by_agent0': [np.float32(0.0)], 'agent0-hsp1_w1-eval_ep_useless_onion_potting_by_agent0': [np.float32(0.0)], 'agent1-hsp1_w0-eval_ep_useless_onion_potting_by_agent0': [np.float32(0.0)], 'either-hsp1_w1-eval_ep_useless_onion_potting_by_agent0': [np.float32(0.0)], 'either-hsp1_w0-eval_ep_useless_onion_potting_by_agent0': [np.float32(0.0)], 'hsp1_w1-hsp1_w0-eval_ep_useless_tomato_potting_by_agent0': [np.float32(0.0)], 'agent0-hsp1_w1-eval_ep_useless_tomato_potting_by_agent0': [np.float32(0.0)], 'agent1-hsp1_w0-eval_ep_useless_tomato_potting_by_agent0': [np.float32(0.0)], 'either-hsp1_w1-eval_ep_useless_tomato_potting_by_agent0': [np.float32(0.0)], 'either-hsp1_w0-eval_ep_useless_tomato_potting_by_agent0': [np.float32(0.0)], 'hsp1_w1-hsp1_w0-eval_ep_empty_slip_by_agent0': [np.float32(0.0)], 'agent0-hsp1_w1-eval_ep_empty_slip_by_agent0': [np.float32(0.0)], 'agent1-hsp1_w0-eval_ep_empty_slip_by_agent0': [np.float32(0.0)], 'either-hsp1_w1-eval_ep_empty_slip_by_agent0': [np.float32(0.0)], 'either-hsp1_w0-eval_ep_empty_slip_by_agent0': [np.float32(0.0)], 'hsp1_w1-hsp1_w0-eval_ep_tomato_pickup_by_agent1': [np.float32(0.0)], 'agent0-hsp1_w1-eval_ep_tomato_pickup_by_agent1': [np.float32(0.0)], 'agent1-hsp1_w0-eval_ep_tomato_pickup_by_agent1': [np.float32(0.0)], 'either-hsp1_w1-eval_ep_tomato_pickup_by_agent1': [np.float32(0.0)], 'either-hsp1_w0-eval_ep_tomato_pickup_by_agent1': [np.float32(0.0)], 'hsp1_w1-hsp1_w0-eval_ep_useful_tomato_pickup_by_agent1': [np.float32(0.0)], 'agent0-hsp1_w1-eval_ep_useful_tomato_pickup_by_agent1': [np.float32(0.0)], 'agent1-hsp1_w0-eval_ep_useful_tomato_pickup_by_agent1': [np.float32(0.0)], 'either-hsp1_w1-eval_ep_useful_tomato_pickup_by_agent1': [np.float32(0.0)], 'either-hsp1_w0-eval_ep_useful_tomato_pickup_by_agent1': [np.float32(0.0)], 'hsp1_w1-hsp1_w0-eval_ep_tomato_drop_by_agent1': [np.float32(0.0)], 'agent0-hsp1_w1-eval_ep_tomato_drop_by_agent1': [np.float32(0.0)], 'agent1-hsp1_w0-eval_ep_tomato_drop_by_agent1': [np.float32(0.0)], 'either-hsp1_w1-eval_ep_tomato_drop_by_agent1': [np.float32(0.0)], 'either-hsp1_w0-eval_ep_tomato_drop_by_agent1': [np.float32(0.0)], 'hsp1_w1-hsp1_w0-eval_ep_useful_tomato_drop_by_agent1': [np.float32(0.0)], 'agent0-hsp1_w1-eval_ep_useful_tomato_drop_by_agent1': [np.float32(0.0)], 'agent1-hsp1_w0-eval_ep_useful_tomato_drop_by_agent1': [np.float32(0.0)], 'either-hsp1_w1-eval_ep_useful_tomato_drop_by_agent1': [np.float32(0.0)], 'either-hsp1_w0-eval_ep_useful_tomato_drop_by_agent1': [np.float32(0.0)], 'hsp1_w1-hsp1_w0-eval_ep_potting_tomato_by_agent1': [np.float32(0.0)], 'agent0-hsp1_w1-eval_ep_potting_tomato_by_agent1': [np.float32(0.0)], 'agent1-hsp1_w0-eval_ep_potting_tomato_by_agent1': [np.float32(0.0)], 'either-hsp1_w1-eval_ep_potting_tomato_by_agent1': [np.float32(0.0)], 'either-hsp1_w0-eval_ep_potting_tomato_by_agent1': [np.float32(0.0)], 'hsp1_w1-hsp1_w0-eval_ep_tomato_risked_by_agent1': [np.float32(0.0)], 'agent0-hsp1_w1-eval_ep_tomato_risked_by_agent1': [np.float32(0.0)], 'agent1-hsp1_w0-eval_ep_tomato_risked_by_agent1': [np.float32(0.0)], 'either-hsp1_w1-eval_ep_tomato_risked_by_agent1': [np.float32(0.0)], 'either-hsp1_w0-eval_ep_tomato_risked_by_agent1': [np.float32(0.0)], 'hsp1_w1-hsp1_w0-eval_ep_tomato_slip_by_agent1': [np.float32(0.0)], 'agent0-hsp1_w1-eval_ep_tomato_slip_by_agent1': [np.float32(0.0)], 'agent1-hsp1_w0-eval_ep_tomato_slip_by_agent1': [np.float32(0.0)], 'either-hsp1_w1-eval_ep_tomato_slip_by_agent1': [np.float32(0.0)], 'either-hsp1_w0-eval_ep_tomato_slip_by_agent1': [np.float32(0.0)], 'hsp1_w1-hsp1_w0-eval_ep_tomato_handoff_by_agent1': [np.float32(0.0)], 'agent0-hsp1_w1-eval_ep_tomato_handoff_by_agent1': [np.float32(0.0)], 'agent1-hsp1_w0-eval_ep_tomato_handoff_by_agent1': [np.float32(0.0)], 'either-hsp1_w1-eval_ep_tomato_handoff_by_agent1': [np.float32(0.0)], 'either-hsp1_w0-eval_ep_tomato_handoff_by_agent1': [np.float32(0.0)], 'hsp1_w1-hsp1_w0-eval_ep_onion_pickup_by_agent1': [np.float32(5.2)], 'agent0-hsp1_w1-eval_ep_onion_pickup_by_agent1': [np.float32(5.2)], 'agent1-hsp1_w0-eval_ep_onion_pickup_by_agent1': [np.float32(5.2)], 'either-hsp1_w1-eval_ep_onion_pickup_by_agent1': [np.float32(5.2)], 'either-hsp1_w0-eval_ep_onion_pickup_by_agent1': [np.float32(5.2)], 'hsp1_w1-hsp1_w0-eval_ep_useful_onion_pickup_by_agent1': [np.float32(5.2)], 'agent0-hsp1_w1-eval_ep_useful_onion_pickup_by_agent1': [np.float32(5.2)], 'agent1-hsp1_w0-eval_ep_useful_onion_pickup_by_agent1': [np.float32(5.2)], 'either-hsp1_w1-eval_ep_useful_onion_pickup_by_agent1': [np.float32(5.2)], 'either-hsp1_w0-eval_ep_useful_onion_pickup_by_agent1': [np.float32(5.2)], 'hsp1_w1-hsp1_w0-eval_ep_onion_drop_by_agent1': [np.float32(4.9)], 'agent0-hsp1_w1-eval_ep_onion_drop_by_agent1': [np.float32(4.9)], 'agent1-hsp1_w0-eval_ep_onion_drop_by_agent1': [np.float32(4.9)], 'either-hsp1_w1-eval_ep_onion_drop_by_agent1': [np.float32(4.9)], 'either-hsp1_w0-eval_ep_onion_drop_by_agent1': [np.float32(4.9)], 'hsp1_w1-hsp1_w0-eval_ep_useful_onion_drop_by_agent1': [np.float32(0.0)], 'agent0-hsp1_w1-eval_ep_useful_onion_drop_by_agent1': [np.float32(0.0)], 'agent1-hsp1_w0-eval_ep_useful_onion_drop_by_agent1': [np.float32(0.0)], 'either-hsp1_w1-eval_ep_useful_onion_drop_by_agent1': [np.float32(0.0)], 'either-hsp1_w0-eval_ep_useful_onion_drop_by_agent1': [np.float32(0.0)], 'hsp1_w1-hsp1_w0-eval_ep_potting_onion_by_agent1': [np.float32(0.05)], 'agent0-hsp1_w1-eval_ep_potting_onion_by_agent1': [np.float32(0.05)], 'agent1-hsp1_w0-eval_ep_potting_onion_by_agent1': [np.float32(0.05)], 'either-hsp1_w1-eval_ep_potting_onion_by_agent1': [np.float32(0.05)], 'either-hsp1_w0-eval_ep_potting_onion_by_agent1': [np.float32(0.05)], 'hsp1_w1-hsp1_w0-eval_ep_onion_risked_by_agent1': [np.float32(1.05)], 'agent0-hsp1_w1-eval_ep_onion_risked_by_agent1': [np.float32(1.05)], 'agent1-hsp1_w0-eval_ep_onion_risked_by_agent1': [np.float32(1.05)], 'either-hsp1_w1-eval_ep_onion_risked_by_agent1': [np.float32(1.05)], 'either-hsp1_w0-eval_ep_onion_risked_by_agent1': [np.float32(1.05)], 'hsp1_w1-hsp1_w0-eval_ep_onion_slip_by_agent1': [np.float32(0.15)], 'agent0-hsp1_w1-eval_ep_onion_slip_by_agent1': [np.float32(0.15)], 'agent1-hsp1_w0-eval_ep_onion_slip_by_agent1': [np.float32(0.15)], 'either-hsp1_w1-eval_ep_onion_slip_by_agent1': [np.float32(0.15)], 'either-hsp1_w0-eval_ep_onion_slip_by_agent1': [np.float32(0.15)], 'hsp1_w1-hsp1_w0-eval_ep_onion_handoff_by_agent1': [np.float32(0.1)], 'agent0-hsp1_w1-eval_ep_onion_handoff_by_agent1': [np.float32(0.1)], 'agent1-hsp1_w0-eval_ep_onion_handoff_by_agent1': [np.float32(0.1)], 'either-hsp1_w1-eval_ep_onion_handoff_by_agent1': [np.float32(0.1)], 'either-hsp1_w0-eval_ep_onion_handoff_by_agent1': [np.float32(0.1)], 'hsp1_w1-hsp1_w0-eval_ep_dish_pickup_by_agent1': [np.float32(9.3)], 'agent0-hsp1_w1-eval_ep_dish_pickup_by_agent1': [np.float32(9.3)], 'agent1-hsp1_w0-eval_ep_dish_pickup_by_agent1': [np.float32(9.3)], 'either-hsp1_w1-eval_ep_dish_pickup_by_agent1': [np.float32(9.3)], 'either-hsp1_w0-eval_ep_dish_pickup_by_agent1': [np.float32(9.3)], 'hsp1_w1-hsp1_w0-eval_ep_useful_dish_pickup_by_agent1': [np.float32(0.1)], 'agent0-hsp1_w1-eval_ep_useful_dish_pickup_by_agent1': [np.float32(0.1)], 'agent1-hsp1_w0-eval_ep_useful_dish_pickup_by_agent1': [np.float32(0.1)], 'either-hsp1_w1-eval_ep_useful_dish_pickup_by_agent1': [np.float32(0.1)], 'either-hsp1_w0-eval_ep_useful_dish_pickup_by_agent1': [np.float32(0.1)], 'hsp1_w1-hsp1_w0-eval_ep_dish_drop_by_agent1': [np.float32(8.75)], 'agent0-hsp1_w1-eval_ep_dish_drop_by_agent1': [np.float32(8.75)], 'agent1-hsp1_w0-eval_ep_dish_drop_by_agent1': [np.float32(8.75)], 'either-hsp1_w1-eval_ep_dish_drop_by_agent1': [np.float32(8.75)], 'either-hsp1_w0-eval_ep_dish_drop_by_agent1': [np.float32(8.75)], 'hsp1_w1-hsp1_w0-eval_ep_useful_dish_drop_by_agent1': [np.float32(4.45)], 'agent0-hsp1_w1-eval_ep_useful_dish_drop_by_agent1': [np.float32(4.45)], 'agent1-hsp1_w0-eval_ep_useful_dish_drop_by_agent1': [np.float32(4.45)], 'either-hsp1_w1-eval_ep_useful_dish_drop_by_agent1': [np.float32(4.45)], 'either-hsp1_w0-eval_ep_useful_dish_drop_by_agent1': [np.float32(4.45)], 'hsp1_w1-hsp1_w0-eval_ep_dish_risked_by_agent1': [np.float32(2.15)], 'agent0-hsp1_w1-eval_ep_dish_risked_by_agent1': [np.float32(2.15)], 'agent1-hsp1_w0-eval_ep_dish_risked_by_agent1': [np.float32(2.15)], 'either-hsp1_w1-eval_ep_dish_risked_by_agent1': [np.float32(2.15)], 'either-hsp1_w0-eval_ep_dish_risked_by_agent1': [np.float32(2.15)], 'hsp1_w1-hsp1_w0-eval_ep_dish_slip_by_agent1': [np.float32(0.15)], 'agent0-hsp1_w1-eval_ep_dish_slip_by_agent1': [np.float32(0.15)], 'agent1-hsp1_w0-eval_ep_dish_slip_by_agent1': [np.float32(0.15)], 'either-hsp1_w1-eval_ep_dish_slip_by_agent1': [np.float32(0.15)], 'either-hsp1_w0-eval_ep_dish_slip_by_agent1': [np.float32(0.15)], 'hsp1_w1-hsp1_w0-eval_ep_dish_handoff_by_agent1': [np.float32(0.05)], 'agent0-hsp1_w1-eval_ep_dish_handoff_by_agent1': [np.float32(0.05)], 'agent1-hsp1_w0-eval_ep_dish_handoff_by_agent1': [np.float32(0.05)], 'either-hsp1_w1-eval_ep_dish_handoff_by_agent1': [np.float32(0.05)], 'either-hsp1_w0-eval_ep_dish_handoff_by_agent1': [np.float32(0.05)], 'hsp1_w1-hsp1_w0-eval_ep_soup_pickup_by_agent1': [np.float32(0.0)], 'agent0-hsp1_w1-eval_ep_soup_pickup_by_agent1': [np.float32(0.0)], 'agent1-hsp1_w0-eval_ep_soup_pickup_by_agent1': [np.float32(0.0)], 'either-hsp1_w1-eval_ep_soup_pickup_by_agent1': [np.float32(0.0)], 'either-hsp1_w0-eval_ep_soup_pickup_by_agent1': [np.float32(0.0)], 'hsp1_w1-hsp1_w0-eval_ep_soup_delivery_by_agent1': [np.float32(0.0)], 'agent0-hsp1_w1-eval_ep_soup_delivery_by_agent1': [np.float32(0.0)], 'agent1-hsp1_w0-eval_ep_soup_delivery_by_agent1': [np.float32(0.0)], 'either-hsp1_w1-eval_ep_soup_delivery_by_agent1': [np.float32(0.0)], 'either-hsp1_w0-eval_ep_soup_delivery_by_agent1': [np.float32(0.0)], 'hsp1_w1-hsp1_w0-eval_ep_soup_drop_by_agent1': [np.float32(0.0)], 'agent0-hsp1_w1-eval_ep_soup_drop_by_agent1': [np.float32(0.0)], 'agent1-hsp1_w0-eval_ep_soup_drop_by_agent1': [np.float32(0.0)], 'either-hsp1_w1-eval_ep_soup_drop_by_agent1': [np.float32(0.0)], 'either-hsp1_w0-eval_ep_soup_drop_by_agent1': [np.float32(0.0)], 'hsp1_w1-hsp1_w0-eval_ep_soup_risked_by_agent1': [np.float32(0.0)], 'agent0-hsp1_w1-eval_ep_soup_risked_by_agent1': [np.float32(0.0)], 'agent1-hsp1_w0-eval_ep_soup_risked_by_agent1': [np.float32(0.0)], 'either-hsp1_w1-eval_ep_soup_risked_by_agent1': [np.float32(0.0)], 'either-hsp1_w0-eval_ep_soup_risked_by_agent1': [np.float32(0.0)], 'hsp1_w1-hsp1_w0-eval_ep_soup_slip_by_agent1': [np.float32(0.0)], 'agent0-hsp1_w1-eval_ep_soup_slip_by_agent1': [np.float32(0.0)], 'agent1-hsp1_w0-eval_ep_soup_slip_by_agent1': [np.float32(0.0)], 'either-hsp1_w1-eval_ep_soup_slip_by_agent1': [np.float32(0.0)], 'either-hsp1_w0-eval_ep_soup_slip_by_agent1': [np.float32(0.0)], 'hsp1_w1-hsp1_w0-eval_ep_soup_handoff_by_agent1': [np.float32(0.0)], 'agent0-hsp1_w1-eval_ep_soup_handoff_by_agent1': [np.float32(0.0)], 'agent1-hsp1_w0-eval_ep_soup_handoff_by_agent1': [np.float32(0.0)], 'either-hsp1_w1-eval_ep_soup_handoff_by_agent1': [np.float32(0.0)], 'either-hsp1_w0-eval_ep_soup_handoff_by_agent1': [np.float32(0.0)], 'hsp1_w1-hsp1_w0-eval_ep_optimal_onion_potting_by_agent1': [np.float32(0.05)], 'agent0-hsp1_w1-eval_ep_optimal_onion_potting_by_agent1': [np.float32(0.05)], 'agent1-hsp1_w0-eval_ep_optimal_onion_potting_by_agent1': [np.float32(0.05)], 'either-hsp1_w1-eval_ep_optimal_onion_potting_by_agent1': [np.float32(0.05)], 'either-hsp1_w0-eval_ep_optimal_onion_potting_by_agent1': [np.float32(0.05)], 'hsp1_w1-hsp1_w0-eval_ep_optimal_tomato_potting_by_agent1': [np.float32(0.0)], 'agent0-hsp1_w1-eval_ep_optimal_tomato_potting_by_agent1': [np.float32(0.0)], 'agent1-hsp1_w0-eval_ep_optimal_tomato_potting_by_agent1': [np.float32(0.0)], 'either-hsp1_w1-eval_ep_optimal_tomato_potting_by_agent1': [np.float32(0.0)], 'either-hsp1_w0-eval_ep_optimal_tomato_potting_by_agent1': [np.float32(0.0)], 'hsp1_w1-hsp1_w0-eval_ep_viable_onion_potting_by_agent1': [np.float32(0.05)], 'agent0-hsp1_w1-eval_ep_viable_onion_potting_by_agent1': [np.float32(0.05)], 'agent1-hsp1_w0-eval_ep_viable_onion_potting_by_agent1': [np.float32(0.05)], 'either-hsp1_w1-eval_ep_viable_onion_potting_by_agent1': [np.float32(0.05)], 'either-hsp1_w0-eval_ep_viable_onion_potting_by_agent1': [np.float32(0.05)], 'hsp1_w1-hsp1_w0-eval_ep_viable_tomato_potting_by_agent1': [np.float32(0.0)], 'agent0-hsp1_w1-eval_ep_viable_tomato_potting_by_agent1': [np.float32(0.0)], 'agent1-hsp1_w0-eval_ep_viable_tomato_potting_by_agent1': [np.float32(0.0)], 'either-hsp1_w1-eval_ep_viable_tomato_potting_by_agent1': [np.float32(0.0)], 'either-hsp1_w0-eval_ep_viable_tomato_potting_by_agent1': [np.float32(0.0)], 'hsp1_w1-hsp1_w0-eval_ep_catastrophic_onion_potting_by_agent1': [np.float32(0.0)], 'agent0-hsp1_w1-eval_ep_catastrophic_onion_potting_by_agent1': [np.float32(0.0)], 'agent1-hsp1_w0-eval_ep_catastrophic_onion_potting_by_agent1': [np.float32(0.0)], 'either-hsp1_w1-eval_ep_catastrophic_onion_potting_by_agent1': [np.float32(0.0)], 'either-hsp1_w0-eval_ep_catastrophic_onion_potting_by_agent1': [np.float32(0.0)], 'hsp1_w1-hsp1_w0-eval_ep_catastrophic_tomato_potting_by_agent1': [np.float32(0.0)], 'agent0-hsp1_w1-eval_ep_catastrophic_tomato_potting_by_agent1': [np.float32(0.0)], 'agent1-hsp1_w0-eval_ep_catastrophic_tomato_potting_by_agent1': [np.float32(0.0)], 'either-hsp1_w1-eval_ep_catastrophic_tomato_potting_by_agent1': [np.float32(0.0)], 'either-hsp1_w0-eval_ep_catastrophic_tomato_potting_by_agent1': [np.float32(0.0)], 'hsp1_w1-hsp1_w0-eval_ep_useless_onion_potting_by_agent1': [np.float32(0.0)], 'agent0-hsp1_w1-eval_ep_useless_onion_potting_by_agent1': [np.float32(0.0)], 'agent1-hsp1_w0-eval_ep_useless_onion_potting_by_agent1': [np.float32(0.0)], 'either-hsp1_w1-eval_ep_useless_onion_potting_by_agent1': [np.float32(0.0)], 'either-hsp1_w0-eval_ep_useless_onion_potting_by_agent1': [np.float32(0.0)], 'hsp1_w1-hsp1_w0-eval_ep_useless_tomato_potting_by_agent1': [np.float32(0.0)], 'agent0-hsp1_w1-eval_ep_useless_tomato_potting_by_agent1': [np.float32(0.0)], 'agent1-hsp1_w0-eval_ep_useless_tomato_potting_by_agent1': [np.float32(0.0)], 'either-hsp1_w1-eval_ep_useless_tomato_potting_by_agent1': [np.float32(0.0)], 'either-hsp1_w0-eval_ep_useless_tomato_potting_by_agent1': [np.float32(0.0)], 'hsp1_w1-hsp1_w0-eval_ep_empty_slip_by_agent1': [np.float32(0.0)], 'agent0-hsp1_w1-eval_ep_empty_slip_by_agent1': [np.float32(0.0)], 'agent1-hsp1_w0-eval_ep_empty_slip_by_agent1': [np.float32(0.0)], 'either-hsp1_w1-eval_ep_empty_slip_by_agent1': [np.float32(0.0)], 'either-hsp1_w0-eval_ep_empty_slip_by_agent1': [np.float32(0.0)], 'hsp1_w1-hsp1_w0-eval_ep_sparse_r_by_agent0': [np.float64(0.0)], 'agent0-hsp1_w1-eval_ep_sparse_r_by_agent0': [np.float64(0.0)], 'agent1-hsp1_w0-eval_ep_sparse_r_by_agent0': [np.float64(0.0)], 'either-hsp1_w1-eval_ep_sparse_r_by_agent0': [np.float64(0.0)], 'either-hsp1_w0-eval_ep_sparse_r_by_agent0': [np.float64(0.0)], 'hsp1_w1-hsp1_w0-eval_ep_shaped_r_by_agent0': [np.float64(9.2)], 'agent0-hsp1_w1-eval_ep_shaped_r_by_agent0': [np.float64(9.2)], 'agent1-hsp1_w0-eval_ep_shaped_r_by_agent0': [np.float64(9.2)], 'either-hsp1_w1-eval_ep_shaped_r_by_agent0': [np.float64(9.2)], 'either-hsp1_w0-eval_ep_shaped_r_by_agent0': [np.float64(9.2)], 'hsp1_w1-hsp1_w0-eval_ep_sparse_r_by_agent1': [np.float64(0.0)], 'agent0-hsp1_w1-eval_ep_sparse_r_by_agent1': [np.float64(0.0)], 'agent1-hsp1_w0-eval_ep_sparse_r_by_agent1': [np.float64(0.0)], 'either-hsp1_w1-eval_ep_sparse_r_by_agent1': [np.float64(0.0)], 'either-hsp1_w0-eval_ep_sparse_r_by_agent1': [np.float64(0.0)], 'hsp1_w1-hsp1_w0-eval_ep_shaped_r_by_agent1': [np.float64(0.4)], 'agent0-hsp1_w1-eval_ep_shaped_r_by_agent1': [np.float64(0.4)], 'agent1-hsp1_w0-eval_ep_shaped_r_by_agent1': [np.float64(0.4)], 'either-hsp1_w1-eval_ep_shaped_r_by_agent1': [np.float64(0.4)], 'either-hsp1_w0-eval_ep_shaped_r_by_agent1': [np.float64(0.4)], 'hsp1_w1-hsp1_w0-eval_ep_sparse_r': [np.float64(0.0)], 'agent0-hsp1_w1-eval_ep_sparse_r': [np.float64(0.0)], 'agent1-hsp1_w0-eval_ep_sparse_r': [np.float64(0.0)], 'either-hsp1_w1-eval_ep_sparse_r': [np.float64(0.0)], 'either-hsp1_w0-eval_ep_sparse_r': [np.float64(0.0)], 'hsp1_w1-hsp1_w0-eval_ep_shaped_r': [np.float64(9.6)], 'agent0-hsp1_w1-eval_ep_shaped_r': [np.float64(9.6)], 'agent1-hsp1_w0-eval_ep_shaped_r': [np.float64(9.6)], 'either-hsp1_w1-eval_ep_shaped_r': [np.float64(9.6)], 'either-hsp1_w0-eval_ep_shaped_r': [np.float64(9.6)]}
{'hsp1_w1-hsp1_w0-eval_ep_sparse_r_by_agent0': [np.float64(0.0)], 'agent0-hsp1_w1-eval_ep_sparse_r_by_agent0': [np.float64(0.0)], 'agent1-hsp1_w0-eval_ep_sparse_r_by_agent0': [np.float64(0.0)], 'either-hsp1_w1-eval_ep_sparse_r_by_agent0': [np.float64(0.0)], 'either-hsp1_w0-eval_ep_sparse_r_by_agent0': [np.float64(0.0)], 'hsp1_w1-hsp1_w0-eval_ep_sparse_r_by_agent1': [np.float64(0.0)], 'agent0-hsp1_w1-eval_ep_sparse_r_by_agent1': [np.float64(0.0)], 'agent1-hsp1_w0-eval_ep_sparse_r_by_agent1': [np.float64(0.0)], 'either-hsp1_w1-eval_ep_sparse_r_by_agent1': [np.float64(0.0)], 'either-hsp1_w0-eval_ep_sparse_r_by_agent1': [np.float64(0.0)], 'hsp1_w1-hsp1_w0-eval_ep_sparse_r': [np.float64(0.0)], 'agent0-hsp1_w1-eval_ep_sparse_r': [np.float64(0.0)], 'agent1-hsp1_w0-eval_ep_sparse_r': [np.float64(0.0)], 'either-hsp1_w1-eval_ep_sparse_r': [np.float64(0.0)], 'either-hsp1_w0-eval_ep_sparse_r': [np.float64(0.0)]}
/home/isl_jhoh/miniconda3/envs/corl/lib/python3.10/site-packages/pygame/pkgdata.py:25: UserWarning: pkg_resources is deprecated as an API. See https://setuptools.pypa.io/en/latest/pkg_resources.html. The pkg_resources package is slated for removal as early as 2025-11-30. Refrain from using this package or pin to Setuptools<81.
  from pkg_resources import resource_stream, resource_exists
pygame 2.6.1 (SDL 2.28.4, Python 3.10.20)
Hello from the pygame community. https://www.pygame.org/contribute.html
selected runs: [1]
wrote /home/isl_jhoh/CoRL/transplant/policy_pool/risky_multipath/hsp/s2/train.yml
/home/isl_jhoh/miniconda3/envs/corl/lib/python3.10/site-packages/pygame/pkgdata.py:25: UserWarning: pkg_resources is deprecated as an API. See https://setuptools.pypa.io/en/latest/pkg_resources.html. The pkg_resources package is slated for removal as early as 2025-11-30. Refrain from using this package or pin to Setuptools<81.
  from pkg_resources import resource_stream, resource_exists
pygame 2.6.1 (SDL 2.28.4, Python 3.10.20)
Hello from the pygame community. https://www.pygame.org/contribute.html
choose to use gpu...
/home/isl_jhoh/CoRL/HSP/hsp/algorithms/population/policy_pool.py:63: UserWarning: Policy pool currently loads all checkpoints into gpu, consider load into cpu latter...
  warnings.warn("Policy pool currently loads all checkpoints into gpu, consider load into cpu latter...")
Pickle dump policy config at /home/isl_jhoh/CoRL/transplant/results/RiskyOvercooked/risky_multipath/adaptive/hsp-S2/run3/policy_config.pkl
population_yaml_path:  /home/isl_jhoh/CoRL/transplant/policy_pool/risky_multipath/hsp/s2/train.yml
config loaded
디버깅 before checkpoint: {'actor': '/home/isl_jhoh/CoRL/transplant/policy_pool/risky_multipath/mep/s1/mep1_init_actor.pt'}
디버깅 checkpoint loaded
디버깅 before checkpoint: {'actor': '/home/isl_jhoh/CoRL/transplant/policy_pool/risky_multipath/mep/s1/mep1_mid_actor.pt'}
디버깅 checkpoint loaded
디버깅 before checkpoint: {'actor': '/home/isl_jhoh/CoRL/transplant/policy_pool/risky_multipath/mep/s1/mep1_final_actor.pt'}
디버깅 checkpoint loaded
디버깅 before checkpoint: {'actor': '/home/isl_jhoh/CoRL/transplant/policy_pool/risky_multipath/mep/s1/mep2_init_actor.pt'}
디버깅 checkpoint loaded
디버깅 before checkpoint: {'actor': '/home/isl_jhoh/CoRL/transplant/policy_pool/risky_multipath/mep/s1/mep2_mid_actor.pt'}
디버깅 checkpoint loaded
디버깅 before checkpoint: {'actor': '/home/isl_jhoh/CoRL/transplant/policy_pool/risky_multipath/mep/s1/mep2_final_actor.pt'}
디버깅 checkpoint loaded
디버깅 before checkpoint: {'actor': '/home/isl_jhoh/CoRL/transplant/policy_pool/risky_multipath/mep/s1/mep3_init_actor.pt'}
디버깅 checkpoint loaded
디버깅 before checkpoint: {'actor': '/home/isl_jhoh/CoRL/transplant/policy_pool/risky_multipath/mep/s1/mep3_mid_actor.pt'}
디버깅 checkpoint loaded
디버깅 before checkpoint: {'actor': '/home/isl_jhoh/CoRL/transplant/policy_pool/risky_multipath/mep/s1/mep3_final_actor.pt'}
디버깅 checkpoint loaded
디버깅 before checkpoint: {'actor': '/home/isl_jhoh/CoRL/transplant/policy_pool/risky_multipath/mep/s1/mep4_init_actor.pt'}
디버깅 checkpoint loaded
디버깅 before checkpoint: {'actor': '/home/isl_jhoh/CoRL/transplant/policy_pool/risky_multipath/mep/s1/mep4_mid_actor.pt'}
디버깅 checkpoint loaded
디버깅 before checkpoint: {'actor': '/home/isl_jhoh/CoRL/transplant/policy_pool/risky_multipath/mep/s1/mep4_final_actor.pt'}
디버깅 checkpoint loaded
디버깅 before checkpoint: {'actor': '/home/isl_jhoh/CoRL/transplant/policy_pool/risky_multipath/mep/s1/mep5_init_actor.pt'}
디버깅 checkpoint loaded
디버깅 before checkpoint: {'actor': '/home/isl_jhoh/CoRL/transplant/policy_pool/risky_multipath/mep/s1/mep5_mid_actor.pt'}
디버깅 checkpoint loaded
디버깅 before checkpoint: {'actor': '/home/isl_jhoh/CoRL/transplant/policy_pool/risky_multipath/mep/s1/mep5_final_actor.pt'}
디버깅 checkpoint loaded
디버깅 before checkpoint: {'actor': '/home/isl_jhoh/CoRL/transplant/policy_pool/risky_multipath/mep/s1/mep6_init_actor.pt'}
디버깅 checkpoint loaded
디버깅 before checkpoint: {'actor': '/home/isl_jhoh/CoRL/transplant/policy_pool/risky_multipath/mep/s1/mep6_mid_actor.pt'}
디버깅 checkpoint loaded
디버깅 before checkpoint: {'actor': '/home/isl_jhoh/CoRL/transplant/policy_pool/risky_multipath/mep/s1/mep6_final_actor.pt'}
디버깅 checkpoint loaded
디버깅 before checkpoint: {'actor': '/home/isl_jhoh/CoRL/transplant/policy_pool/risky_multipath/hsp/s1/hsp1_w0_actor.pt'}
디버깅 checkpoint loaded
dict_keys(['mep1_1', 'mep1_2', 'mep1_3', 'mep2_1', 'mep2_2', 'mep2_3', 'mep3_1', 'mep3_2', 'mep3_3', 'mep4_1', 'mep4_2', 'mep4_3', 'mep5_1', 'mep5_2', 'mep5_3', 'mep6_1', 'mep6_2', 'mep6_3', 'hsp1']) 19 2
population_size: 19, 19
all agent pairs: [('hsp1', 'hsp_adaptive'), ('mep1_1', 'hsp_adaptive'), ('mep1_2', 'hsp_adaptive'), ('mep1_3', 'hsp_adaptive'), ('mep2_1', 'hsp_adaptive'), ('mep2_2', 'hsp_adaptive'), ('mep2_3', 'hsp_adaptive'), ('mep3_1', 'hsp_adaptive'), ('mep3_2', 'hsp_adaptive'), ('mep3_3', 'hsp_adaptive'), ('mep4_1', 'hsp_adaptive'), ('mep4_2', 'hsp_adaptive'), ('mep4_3', 'hsp_adaptive'), ('mep5_1', 'hsp_adaptive'), ('mep5_2', 'hsp_adaptive'), ('mep5_3', 'hsp_adaptive'), ('mep6_1', 'hsp_adaptive'), ('mep6_2', 'hsp_adaptive'), ('mep6_3', 'hsp_adaptive'), ('hsp_adaptive', 'hsp1'), ('hsp_adaptive', 'mep1_1'), ('hsp_adaptive', 'mep1_2'), ('hsp_adaptive', 'mep1_3'), ('hsp_adaptive', 'mep2_1'), ('hsp_adaptive', 'mep2_2'), ('hsp_adaptive', 'mep2_3'), ('hsp_adaptive', 'mep3_1'), ('hsp_adaptive', 'mep3_2'), ('hsp_adaptive', 'mep3_3'), ('hsp_adaptive', 'mep4_1'), ('hsp_adaptive', 'mep4_2'), ('hsp_adaptive', 'mep4_3'), ('hsp_adaptive', 'mep5_1'), ('hsp_adaptive', 'mep5_2'), ('hsp_adaptive', 'mep5_3'), ('hsp_adaptive', 'mep6_1'), ('hsp_adaptive', 'mep6_2'), ('hsp_adaptive', 'mep6_3')]

 Layout risky_multipath Algo adaptive Exp hsp-S2 updates 0/12 episodes, total num timesteps 1600/20000, FPS 308.

average episode rewards is {'hsp_adaptive': np.float32(0.0)}

 Layout risky_multipath Algo adaptive Exp hsp-S2 updates 1/12 episodes, total num timesteps 3200/20000, FPS 377.

average episode rewards is {'hsp_adaptive': np.float32(0.0)}

 Layout risky_multipath Algo adaptive Exp hsp-S2 updates 2/12 episodes, total num timesteps 4800/20000, FPS 410.

average episode rewards is {'hsp_adaptive': np.float32(0.0)}

 Layout risky_multipath Algo adaptive Exp hsp-S2 updates 3/12 episodes, total num timesteps 6400/20000, FPS 429.

average episode rewards is {'hsp_adaptive': np.float32(2.25)}

 Layout risky_multipath Algo adaptive Exp hsp-S2 updates 4/12 episodes, total num timesteps 8000/20000, FPS 441.

average episode rewards is {'hsp_adaptive': np.float32(0.0)}

 Layout risky_multipath Algo adaptive Exp hsp-S2 updates 5/12 episodes, total num timesteps 9600/20000, FPS 449.

average episode rewards is {'hsp_adaptive': np.float32(0.75)}

 Layout risky_multipath Algo adaptive Exp hsp-S2 updates 6/12 episodes, total num timesteps 11200/20000, FPS 456.

average episode rewards is {'hsp_adaptive': np.float32(0.0)}

 Layout risky_multipath Algo adaptive Exp hsp-S2 updates 7/12 episodes, total num timesteps 12800/20000, FPS 462.

average episode rewards is {'hsp_adaptive': np.float32(0.0)}

 Layout risky_multipath Algo adaptive Exp hsp-S2 updates 8/12 episodes, total num timesteps 14400/20000, FPS 466.

average episode rewards is {'hsp_adaptive': np.float32(1.5)}

 Layout risky_multipath Algo adaptive Exp hsp-S2 updates 9/12 episodes, total num timesteps 16000/20000, FPS 470.

average episode rewards is {'hsp_adaptive': np.float32(0.0)}

 Layout risky_multipath Algo adaptive Exp hsp-S2 updates 10/12 episodes, total num timesteps 17600/20000, FPS 473.

average episode rewards is {'hsp_adaptive': np.float32(0.0)}

 Layout risky_multipath Algo adaptive Exp hsp-S2 updates 11/12 episodes, total num timesteps 19200/20000, FPS 475.

average episode rewards is {'hsp_adaptive': np.float32(1.5)}
/home/isl_jhoh/CoRL/transplant/results/RiskyOvercooked/risky_multipath/adaptive/hsp-S2/run3/models/hsp_adaptive/actor_periodic_19200.pt -> /home/isl_jhoh/CoRL/transplant/policy_pool/risky_multipath/hsp/s2/hsp_adaptive.pt
wrote /home/isl_jhoh/CoRL/transplant/policy_pool/risky_multipath/hsp/s2/eval.yml
/home/isl_jhoh/miniconda3/envs/corl/lib/python3.10/site-packages/pygame/pkgdata.py:25: UserWarning: pkg_resources is deprecated as an API. See https://setuptools.pypa.io/en/latest/pkg_resources.html. The pkg_resources package is slated for removal as early as 2025-11-30. Refrain from using this package or pin to Setuptools<81.
  from pkg_resources import resource_stream, resource_exists
pygame 2.6.1 (SDL 2.28.4, Python 3.10.20)
Hello from the pygame community. https://www.pygame.org/contribute.html
choose to use gpu...
/home/isl_jhoh/CoRL/HSP/hsp/algorithms/population/policy_pool.py:63: UserWarning: Policy pool currently loads all checkpoints into gpu, consider load into cpu latter...
  warnings.warn("Policy pool currently loads all checkpoints into gpu, consider load into cpu latter...")
/home/isl_jhoh/CoRL/transplant/runners/risky_overcooked_runner.py:131: UserWarning: Evaluation with multi policy is not compatible with async done.
  warnings.warn("Evaluation with multi policy is not compatible with async done.")
Pickle dump policy config at /home/isl_jhoh/CoRL/transplant/results/RiskyOvercooked/risky_multipath/population/final-hsp_adaptive-mep1_3/run1/policy_config.pkl
population_yaml_path:  /home/isl_jhoh/CoRL/transplant/policy_pool/risky_multipath/hsp/s2/eval.yml
config loaded
디버깅 before checkpoint: {'actor': '/home/isl_jhoh/CoRL/transplant/policy_pool/risky_multipath/hsp/s2/hsp_adaptive.pt'}
디버깅 checkpoint loaded
디버깅 before checkpoint: {'actor': '/home/isl_jhoh/CoRL/transplant/policy_pool/risky_multipath/mep/s1/mep1_init_actor.pt'}
디버깅 checkpoint loaded
디버깅 before checkpoint: {'actor': '/home/isl_jhoh/CoRL/transplant/policy_pool/risky_multipath/mep/s1/mep1_mid_actor.pt'}
디버깅 checkpoint loaded
디버깅 before checkpoint: {'actor': '/home/isl_jhoh/CoRL/transplant/policy_pool/risky_multipath/mep/s1/mep1_final_actor.pt'}
디버깅 checkpoint loaded
디버깅 before checkpoint: {'actor': '/home/isl_jhoh/CoRL/transplant/policy_pool/risky_multipath/mep/s1/mep2_init_actor.pt'}
디버깅 checkpoint loaded
디버깅 before checkpoint: {'actor': '/home/isl_jhoh/CoRL/transplant/policy_pool/risky_multipath/mep/s1/mep2_mid_actor.pt'}
디버깅 checkpoint loaded
디버깅 before checkpoint: {'actor': '/home/isl_jhoh/CoRL/transplant/policy_pool/risky_multipath/mep/s1/mep2_final_actor.pt'}
디버깅 checkpoint loaded
디버깅 before checkpoint: {'actor': '/home/isl_jhoh/CoRL/transplant/policy_pool/risky_multipath/mep/s1/mep3_init_actor.pt'}
디버깅 checkpoint loaded
디버깅 before checkpoint: {'actor': '/home/isl_jhoh/CoRL/transplant/policy_pool/risky_multipath/mep/s1/mep3_mid_actor.pt'}
디버깅 checkpoint loaded
디버깅 before checkpoint: {'actor': '/home/isl_jhoh/CoRL/transplant/policy_pool/risky_multipath/mep/s1/mep3_final_actor.pt'}
디버깅 checkpoint loaded
디버깅 before checkpoint: {'actor': '/home/isl_jhoh/CoRL/transplant/policy_pool/risky_multipath/mep/s1/mep4_init_actor.pt'}
디버깅 checkpoint loaded
디버깅 before checkpoint: {'actor': '/home/isl_jhoh/CoRL/transplant/policy_pool/risky_multipath/mep/s1/mep4_mid_actor.pt'}
디버깅 checkpoint loaded
디버깅 before checkpoint: {'actor': '/home/isl_jhoh/CoRL/transplant/policy_pool/risky_multipath/mep/s1/mep4_final_actor.pt'}
디버깅 checkpoint loaded
디버깅 before checkpoint: {'actor': '/home/isl_jhoh/CoRL/transplant/policy_pool/risky_multipath/mep/s1/mep5_init_actor.pt'}
디버깅 checkpoint loaded
디버깅 before checkpoint: {'actor': '/home/isl_jhoh/CoRL/transplant/policy_pool/risky_multipath/mep/s1/mep5_mid_actor.pt'}
디버깅 checkpoint loaded
디버깅 before checkpoint: {'actor': '/home/isl_jhoh/CoRL/transplant/policy_pool/risky_multipath/mep/s1/mep5_final_actor.pt'}
디버깅 checkpoint loaded
디버깅 before checkpoint: {'actor': '/home/isl_jhoh/CoRL/transplant/policy_pool/risky_multipath/mep/s1/mep6_init_actor.pt'}
디버깅 checkpoint loaded
디버깅 before checkpoint: {'actor': '/home/isl_jhoh/CoRL/transplant/policy_pool/risky_multipath/mep/s1/mep6_mid_actor.pt'}
디버깅 checkpoint loaded
디버깅 before checkpoint: {'actor': '/home/isl_jhoh/CoRL/transplant/policy_pool/risky_multipath/mep/s1/mep6_final_actor.pt'}
디버깅 checkpoint loaded
디버깅 before checkpoint: {'actor': '/home/isl_jhoh/CoRL/transplant/policy_pool/risky_multipath/hsp/s1/hsp1_w0_actor.pt'}
디버깅 checkpoint loaded
{'hsp_adaptive-mep1_3-eval_ep_tomato_pickup_by_agent0': [np.float32(0.0)], 'agent0-hsp_adaptive-eval_ep_tomato_pickup_by_agent0': [np.float32(0.0)], 'agent1-mep1_3-eval_ep_tomato_pickup_by_agent0': [np.float32(0.0)], 'either-hsp_adaptive-eval_ep_tomato_pickup_by_agent0': [np.float32(0.0)], 'either-mep1_3-eval_ep_tomato_pickup_by_agent0': [np.float32(0.0)], 'hsp_adaptive-mep1_3-eval_ep_useful_tomato_pickup_by_agent0': [np.float32(0.0)], 'agent0-hsp_adaptive-eval_ep_useful_tomato_pickup_by_agent0': [np.float32(0.0)], 'agent1-mep1_3-eval_ep_useful_tomato_pickup_by_agent0': [np.float32(0.0)], 'either-hsp_adaptive-eval_ep_useful_tomato_pickup_by_agent0': [np.float32(0.0)], 'either-mep1_3-eval_ep_useful_tomato_pickup_by_agent0': [np.float32(0.0)], 'hsp_adaptive-mep1_3-eval_ep_tomato_drop_by_agent0': [np.float32(0.0)], 'agent0-hsp_adaptive-eval_ep_tomato_drop_by_agent0': [np.float32(0.0)], 'agent1-mep1_3-eval_ep_tomato_drop_by_agent0': [np.float32(0.0)], 'either-hsp_adaptive-eval_ep_tomato_drop_by_agent0': [np.float32(0.0)], 'either-mep1_3-eval_ep_tomato_drop_by_agent0': [np.float32(0.0)], 'hsp_adaptive-mep1_3-eval_ep_useful_tomato_drop_by_agent0': [np.float32(0.0)], 'agent0-hsp_adaptive-eval_ep_useful_tomato_drop_by_agent0': [np.float32(0.0)], 'agent1-mep1_3-eval_ep_useful_tomato_drop_by_agent0': [np.float32(0.0)], 'either-hsp_adaptive-eval_ep_useful_tomato_drop_by_agent0': [np.float32(0.0)], 'either-mep1_3-eval_ep_useful_tomato_drop_by_agent0': [np.float32(0.0)], 'hsp_adaptive-mep1_3-eval_ep_potting_tomato_by_agent0': [np.float32(0.0)], 'agent0-hsp_adaptive-eval_ep_potting_tomato_by_agent0': [np.float32(0.0)], 'agent1-mep1_3-eval_ep_potting_tomato_by_agent0': [np.float32(0.0)], 'either-hsp_adaptive-eval_ep_potting_tomato_by_agent0': [np.float32(0.0)], 'either-mep1_3-eval_ep_potting_tomato_by_agent0': [np.float32(0.0)], 'hsp_adaptive-mep1_3-eval_ep_tomato_risked_by_agent0': [np.float32(0.0)], 'agent0-hsp_adaptive-eval_ep_tomato_risked_by_agent0': [np.float32(0.0)], 'agent1-mep1_3-eval_ep_tomato_risked_by_agent0': [np.float32(0.0)], 'either-hsp_adaptive-eval_ep_tomato_risked_by_agent0': [np.float32(0.0)], 'either-mep1_3-eval_ep_tomato_risked_by_agent0': [np.float32(0.0)], 'hsp_adaptive-mep1_3-eval_ep_tomato_slip_by_agent0': [np.float32(0.0)], 'agent0-hsp_adaptive-eval_ep_tomato_slip_by_agent0': [np.float32(0.0)], 'agent1-mep1_3-eval_ep_tomato_slip_by_agent0': [np.float32(0.0)], 'either-hsp_adaptive-eval_ep_tomato_slip_by_agent0': [np.float32(0.0)], 'either-mep1_3-eval_ep_tomato_slip_by_agent0': [np.float32(0.0)], 'hsp_adaptive-mep1_3-eval_ep_tomato_handoff_by_agent0': [np.float32(0.0)], 'agent0-hsp_adaptive-eval_ep_tomato_handoff_by_agent0': [np.float32(0.0)], 'agent1-mep1_3-eval_ep_tomato_handoff_by_agent0': [np.float32(0.0)], 'either-hsp_adaptive-eval_ep_tomato_handoff_by_agent0': [np.float32(0.0)], 'either-mep1_3-eval_ep_tomato_handoff_by_agent0': [np.float32(0.0)], 'hsp_adaptive-mep1_3-eval_ep_onion_pickup_by_agent0': [np.float32(1.45)], 'agent0-hsp_adaptive-eval_ep_onion_pickup_by_agent0': [np.float32(1.45)], 'agent1-mep1_3-eval_ep_onion_pickup_by_agent0': [np.float32(1.45)], 'either-hsp_adaptive-eval_ep_onion_pickup_by_agent0': [np.float32(1.45)], 'either-mep1_3-eval_ep_onion_pickup_by_agent0': [np.float32(1.45)], 'hsp_adaptive-mep1_3-eval_ep_useful_onion_pickup_by_agent0': [np.float32(1.45)], 'agent0-hsp_adaptive-eval_ep_useful_onion_pickup_by_agent0': [np.float32(1.45)], 'agent1-mep1_3-eval_ep_useful_onion_pickup_by_agent0': [np.float32(1.45)], 'either-hsp_adaptive-eval_ep_useful_onion_pickup_by_agent0': [np.float32(1.45)], 'either-mep1_3-eval_ep_useful_onion_pickup_by_agent0': [np.float32(1.45)], 'hsp_adaptive-mep1_3-eval_ep_onion_drop_by_agent0': [np.float32(0.85)], 'agent0-hsp_adaptive-eval_ep_onion_drop_by_agent0': [np.float32(0.85)], 'agent1-mep1_3-eval_ep_onion_drop_by_agent0': [np.float32(0.85)], 'either-hsp_adaptive-eval_ep_onion_drop_by_agent0': [np.float32(0.85)], 'either-mep1_3-eval_ep_onion_drop_by_agent0': [np.float32(0.85)], 'hsp_adaptive-mep1_3-eval_ep_useful_onion_drop_by_agent0': [np.float32(0.0)], 'agent0-hsp_adaptive-eval_ep_useful_onion_drop_by_agent0': [np.float32(0.0)], 'agent1-mep1_3-eval_ep_useful_onion_drop_by_agent0': [np.float32(0.0)], 'either-hsp_adaptive-eval_ep_useful_onion_drop_by_agent0': [np.float32(0.0)], 'either-mep1_3-eval_ep_useful_onion_drop_by_agent0': [np.float32(0.0)], 'hsp_adaptive-mep1_3-eval_ep_potting_onion_by_agent0': [np.float32(0.15)], 'agent0-hsp_adaptive-eval_ep_potting_onion_by_agent0': [np.float32(0.15)], 'agent1-mep1_3-eval_ep_potting_onion_by_agent0': [np.float32(0.15)], 'either-hsp_adaptive-eval_ep_potting_onion_by_agent0': [np.float32(0.15)], 'either-mep1_3-eval_ep_potting_onion_by_agent0': [np.float32(0.15)], 'hsp_adaptive-mep1_3-eval_ep_onion_risked_by_agent0': [np.float32(2.6)], 'agent0-hsp_adaptive-eval_ep_onion_risked_by_agent0': [np.float32(2.6)], 'agent1-mep1_3-eval_ep_onion_risked_by_agent0': [np.float32(2.6)], 'either-hsp_adaptive-eval_ep_onion_risked_by_agent0': [np.float32(2.6)], 'either-mep1_3-eval_ep_onion_risked_by_agent0': [np.float32(2.6)], 'hsp_adaptive-mep1_3-eval_ep_onion_slip_by_agent0': [np.float32(0.35)], 'agent0-hsp_adaptive-eval_ep_onion_slip_by_agent0': [np.float32(0.35)], 'agent1-mep1_3-eval_ep_onion_slip_by_agent0': [np.float32(0.35)], 'either-hsp_adaptive-eval_ep_onion_slip_by_agent0': [np.float32(0.35)], 'either-mep1_3-eval_ep_onion_slip_by_agent0': [np.float32(0.35)], 'hsp_adaptive-mep1_3-eval_ep_onion_handoff_by_agent0': [np.float32(0.15)], 'agent0-hsp_adaptive-eval_ep_onion_handoff_by_agent0': [np.float32(0.15)], 'agent1-mep1_3-eval_ep_onion_handoff_by_agent0': [np.float32(0.15)], 'either-hsp_adaptive-eval_ep_onion_handoff_by_agent0': [np.float32(0.15)], 'either-mep1_3-eval_ep_onion_handoff_by_agent0': [np.float32(0.15)], 'hsp_adaptive-mep1_3-eval_ep_dish_pickup_by_agent0': [np.float32(0.15)], 'agent0-hsp_adaptive-eval_ep_dish_pickup_by_agent0': [np.float32(0.15)], 'agent1-mep1_3-eval_ep_dish_pickup_by_agent0': [np.float32(0.15)], 'either-hsp_adaptive-eval_ep_dish_pickup_by_agent0': [np.float32(0.15)], 'either-mep1_3-eval_ep_dish_pickup_by_agent0': [np.float32(0.15)], 'hsp_adaptive-mep1_3-eval_ep_useful_dish_pickup_by_agent0': [np.float32(0.0)], 'agent0-hsp_adaptive-eval_ep_useful_dish_pickup_by_agent0': [np.float32(0.0)], 'agent1-mep1_3-eval_ep_useful_dish_pickup_by_agent0': [np.float32(0.0)], 'either-hsp_adaptive-eval_ep_useful_dish_pickup_by_agent0': [np.float32(0.0)], 'either-mep1_3-eval_ep_useful_dish_pickup_by_agent0': [np.float32(0.0)], 'hsp_adaptive-mep1_3-eval_ep_dish_drop_by_agent0': [np.float32(0.1)], 'agent0-hsp_adaptive-eval_ep_dish_drop_by_agent0': [np.float32(0.1)], 'agent1-mep1_3-eval_ep_dish_drop_by_agent0': [np.float32(0.1)], 'either-hsp_adaptive-eval_ep_dish_drop_by_agent0': [np.float32(0.1)], 'either-mep1_3-eval_ep_dish_drop_by_agent0': [np.float32(0.1)], 'hsp_adaptive-mep1_3-eval_ep_useful_dish_drop_by_agent0': [np.float32(0.1)], 'agent0-hsp_adaptive-eval_ep_useful_dish_drop_by_agent0': [np.float32(0.1)], 'agent1-mep1_3-eval_ep_useful_dish_drop_by_agent0': [np.float32(0.1)], 'either-hsp_adaptive-eval_ep_useful_dish_drop_by_agent0': [np.float32(0.1)], 'either-mep1_3-eval_ep_useful_dish_drop_by_agent0': [np.float32(0.1)], 'hsp_adaptive-mep1_3-eval_ep_dish_risked_by_agent0': [np.float32(0.2)], 'agent0-hsp_adaptive-eval_ep_dish_risked_by_agent0': [np.float32(0.2)], 'agent1-mep1_3-eval_ep_dish_risked_by_agent0': [np.float32(0.2)], 'either-hsp_adaptive-eval_ep_dish_risked_by_agent0': [np.float32(0.2)], 'either-mep1_3-eval_ep_dish_risked_by_agent0': [np.float32(0.2)], 'hsp_adaptive-mep1_3-eval_ep_dish_slip_by_agent0': [np.float32(0.05)], 'agent0-hsp_adaptive-eval_ep_dish_slip_by_agent0': [np.float32(0.05)], 'agent1-mep1_3-eval_ep_dish_slip_by_agent0': [np.float32(0.05)], 'either-hsp_adaptive-eval_ep_dish_slip_by_agent0': [np.float32(0.05)], 'either-mep1_3-eval_ep_dish_slip_by_agent0': [np.float32(0.05)], 'hsp_adaptive-mep1_3-eval_ep_dish_handoff_by_agent0': [np.float32(0.0)], 'agent0-hsp_adaptive-eval_ep_dish_handoff_by_agent0': [np.float32(0.0)], 'agent1-mep1_3-eval_ep_dish_handoff_by_agent0': [np.float32(0.0)], 'either-hsp_adaptive-eval_ep_dish_handoff_by_agent0': [np.float32(0.0)], 'either-mep1_3-eval_ep_dish_handoff_by_agent0': [np.float32(0.0)], 'hsp_adaptive-mep1_3-eval_ep_soup_pickup_by_agent0': [np.float32(0.0)], 'agent0-hsp_adaptive-eval_ep_soup_pickup_by_agent0': [np.float32(0.0)], 'agent1-mep1_3-eval_ep_soup_pickup_by_agent0': [np.float32(0.0)], 'either-hsp_adaptive-eval_ep_soup_pickup_by_agent0': [np.float32(0.0)], 'either-mep1_3-eval_ep_soup_pickup_by_agent0': [np.float32(0.0)], 'hsp_adaptive-mep1_3-eval_ep_soup_delivery_by_agent0': [np.float32(0.0)], 'agent0-hsp_adaptive-eval_ep_soup_delivery_by_agent0': [np.float32(0.0)], 'agent1-mep1_3-eval_ep_soup_delivery_by_agent0': [np.float32(0.0)], 'either-hsp_adaptive-eval_ep_soup_delivery_by_agent0': [np.float32(0.0)], 'either-mep1_3-eval_ep_soup_delivery_by_agent0': [np.float32(0.0)], 'hsp_adaptive-mep1_3-eval_ep_soup_drop_by_agent0': [np.float32(0.0)], 'agent0-hsp_adaptive-eval_ep_soup_drop_by_agent0': [np.float32(0.0)], 'agent1-mep1_3-eval_ep_soup_drop_by_agent0': [np.float32(0.0)], 'either-hsp_adaptive-eval_ep_soup_drop_by_agent0': [np.float32(0.0)], 'either-mep1_3-eval_ep_soup_drop_by_agent0': [np.float32(0.0)], 'hsp_adaptive-mep1_3-eval_ep_soup_risked_by_agent0': [np.float32(0.0)], 'agent0-hsp_adaptive-eval_ep_soup_risked_by_agent0': [np.float32(0.0)], 'agent1-mep1_3-eval_ep_soup_risked_by_agent0': [np.float32(0.0)], 'either-hsp_adaptive-eval_ep_soup_risked_by_agent0': [np.float32(0.0)], 'either-mep1_3-eval_ep_soup_risked_by_agent0': [np.float32(0.0)], 'hsp_adaptive-mep1_3-eval_ep_soup_slip_by_agent0': [np.float32(0.0)], 'agent0-hsp_adaptive-eval_ep_soup_slip_by_agent0': [np.float32(0.0)], 'agent1-mep1_3-eval_ep_soup_slip_by_agent0': [np.float32(0.0)], 'either-hsp_adaptive-eval_ep_soup_slip_by_agent0': [np.float32(0.0)], 'either-mep1_3-eval_ep_soup_slip_by_agent0': [np.float32(0.0)], 'hsp_adaptive-mep1_3-eval_ep_soup_handoff_by_agent0': [np.float32(0.0)], 'agent0-hsp_adaptive-eval_ep_soup_handoff_by_agent0': [np.float32(0.0)], 'agent1-mep1_3-eval_ep_soup_handoff_by_agent0': [np.float32(0.0)], 'either-hsp_adaptive-eval_ep_soup_handoff_by_agent0': [np.float32(0.0)], 'either-mep1_3-eval_ep_soup_handoff_by_agent0': [np.float32(0.0)], 'hsp_adaptive-mep1_3-eval_ep_optimal_onion_potting_by_agent0': [np.float32(0.15)], 'agent0-hsp_adaptive-eval_ep_optimal_onion_potting_by_agent0': [np.float32(0.15)], 'agent1-mep1_3-eval_ep_optimal_onion_potting_by_agent0': [np.float32(0.15)], 'either-hsp_adaptive-eval_ep_optimal_onion_potting_by_agent0': [np.float32(0.15)], 'either-mep1_3-eval_ep_optimal_onion_potting_by_agent0': [np.float32(0.15)], 'hsp_adaptive-mep1_3-eval_ep_optimal_tomato_potting_by_agent0': [np.float32(0.0)], 'agent0-hsp_adaptive-eval_ep_optimal_tomato_potting_by_agent0': [np.float32(0.0)], 'agent1-mep1_3-eval_ep_optimal_tomato_potting_by_agent0': [np.float32(0.0)], 'either-hsp_adaptive-eval_ep_optimal_tomato_potting_by_agent0': [np.float32(0.0)], 'either-mep1_3-eval_ep_optimal_tomato_potting_by_agent0': [np.float32(0.0)], 'hsp_adaptive-mep1_3-eval_ep_viable_onion_potting_by_agent0': [np.float32(0.15)], 'agent0-hsp_adaptive-eval_ep_viable_onion_potting_by_agent0': [np.float32(0.15)], 'agent1-mep1_3-eval_ep_viable_onion_potting_by_agent0': [np.float32(0.15)], 'either-hsp_adaptive-eval_ep_viable_onion_potting_by_agent0': [np.float32(0.15)], 'either-mep1_3-eval_ep_viable_onion_potting_by_agent0': [np.float32(0.15)], 'hsp_adaptive-mep1_3-eval_ep_viable_tomato_potting_by_agent0': [np.float32(0.0)], 'agent0-hsp_adaptive-eval_ep_viable_tomato_potting_by_agent0': [np.float32(0.0)], 'agent1-mep1_3-eval_ep_viable_tomato_potting_by_agent0': [np.float32(0.0)], 'either-hsp_adaptive-eval_ep_viable_tomato_potting_by_agent0': [np.float32(0.0)], 'either-mep1_3-eval_ep_viable_tomato_potting_by_agent0': [np.float32(0.0)], 'hsp_adaptive-mep1_3-eval_ep_catastrophic_onion_potting_by_agent0': [np.float32(0.0)], 'agent0-hsp_adaptive-eval_ep_catastrophic_onion_potting_by_agent0': [np.float32(0.0)], 'agent1-mep1_3-eval_ep_catastrophic_onion_potting_by_agent0': [np.float32(0.0)], 'either-hsp_adaptive-eval_ep_catastrophic_onion_potting_by_agent0': [np.float32(0.0)], 'either-mep1_3-eval_ep_catastrophic_onion_potting_by_agent0': [np.float32(0.0)], 'hsp_adaptive-mep1_3-eval_ep_catastrophic_tomato_potting_by_agent0': [np.float32(0.0)], 'agent0-hsp_adaptive-eval_ep_catastrophic_tomato_potting_by_agent0': [np.float32(0.0)], 'agent1-mep1_3-eval_ep_catastrophic_tomato_potting_by_agent0': [np.float32(0.0)], 'either-hsp_adaptive-eval_ep_catastrophic_tomato_potting_by_agent0': [np.float32(0.0)], 'either-mep1_3-eval_ep_catastrophic_tomato_potting_by_agent0': [np.float32(0.0)], 'hsp_adaptive-mep1_3-eval_ep_useless_onion_potting_by_agent0': [np.float32(0.0)], 'agent0-hsp_adaptive-eval_ep_useless_onion_potting_by_agent0': [np.float32(0.0)], 'agent1-mep1_3-eval_ep_useless_onion_potting_by_agent0': [np.float32(0.0)], 'either-hsp_adaptive-eval_ep_useless_onion_potting_by_agent0': [np.float32(0.0)], 'either-mep1_3-eval_ep_useless_onion_potting_by_agent0': [np.float32(0.0)], 'hsp_adaptive-mep1_3-eval_ep_useless_tomato_potting_by_agent0': [np.float32(0.0)], 'agent0-hsp_adaptive-eval_ep_useless_tomato_potting_by_agent0': [np.float32(0.0)], 'agent1-mep1_3-eval_ep_useless_tomato_potting_by_agent0': [np.float32(0.0)], 'either-hsp_adaptive-eval_ep_useless_tomato_potting_by_agent0': [np.float32(0.0)], 'either-mep1_3-eval_ep_useless_tomato_potting_by_agent0': [np.float32(0.0)], 'hsp_adaptive-mep1_3-eval_ep_empty_slip_by_agent0': [np.float32(0.0)], 'agent0-hsp_adaptive-eval_ep_empty_slip_by_agent0': [np.float32(0.0)], 'agent1-mep1_3-eval_ep_empty_slip_by_agent0': [np.float32(0.0)], 'either-hsp_adaptive-eval_ep_empty_slip_by_agent0': [np.float32(0.0)], 'either-mep1_3-eval_ep_empty_slip_by_agent0': [np.float32(0.0)], 'hsp_adaptive-mep1_3-eval_ep_tomato_pickup_by_agent1': [np.float32(0.0)], 'agent0-hsp_adaptive-eval_ep_tomato_pickup_by_agent1': [np.float32(0.0)], 'agent1-mep1_3-eval_ep_tomato_pickup_by_agent1': [np.float32(0.0)], 'either-hsp_adaptive-eval_ep_tomato_pickup_by_agent1': [np.float32(0.0)], 'either-mep1_3-eval_ep_tomato_pickup_by_agent1': [np.float32(0.0)], 'hsp_adaptive-mep1_3-eval_ep_useful_tomato_pickup_by_agent1': [np.float32(0.0)], 'agent0-hsp_adaptive-eval_ep_useful_tomato_pickup_by_agent1': [np.float32(0.0)], 'agent1-mep1_3-eval_ep_useful_tomato_pickup_by_agent1': [np.float32(0.0)], 'either-hsp_adaptive-eval_ep_useful_tomato_pickup_by_agent1': [np.float32(0.0)], 'either-mep1_3-eval_ep_useful_tomato_pickup_by_agent1': [np.float32(0.0)], 'hsp_adaptive-mep1_3-eval_ep_tomato_drop_by_agent1': [np.float32(0.0)], 'agent0-hsp_adaptive-eval_ep_tomato_drop_by_agent1': [np.float32(0.0)], 'agent1-mep1_3-eval_ep_tomato_drop_by_agent1': [np.float32(0.0)], 'either-hsp_adaptive-eval_ep_tomato_drop_by_agent1': [np.float32(0.0)], 'either-mep1_3-eval_ep_tomato_drop_by_agent1': [np.float32(0.0)], 'hsp_adaptive-mep1_3-eval_ep_useful_tomato_drop_by_agent1': [np.float32(0.0)], 'agent0-hsp_adaptive-eval_ep_useful_tomato_drop_by_agent1': [np.float32(0.0)], 'agent1-mep1_3-eval_ep_useful_tomato_drop_by_agent1': [np.float32(0.0)], 'either-hsp_adaptive-eval_ep_useful_tomato_drop_by_agent1': [np.float32(0.0)], 'either-mep1_3-eval_ep_useful_tomato_drop_by_agent1': [np.float32(0.0)], 'hsp_adaptive-mep1_3-eval_ep_potting_tomato_by_agent1': [np.float32(0.0)], 'agent0-hsp_adaptive-eval_ep_potting_tomato_by_agent1': [np.float32(0.0)], 'agent1-mep1_3-eval_ep_potting_tomato_by_agent1': [np.float32(0.0)], 'either-hsp_adaptive-eval_ep_potting_tomato_by_agent1': [np.float32(0.0)], 'either-mep1_3-eval_ep_potting_tomato_by_agent1': [np.float32(0.0)], 'hsp_adaptive-mep1_3-eval_ep_tomato_risked_by_agent1': [np.float32(0.0)], 'agent0-hsp_adaptive-eval_ep_tomato_risked_by_agent1': [np.float32(0.0)], 'agent1-mep1_3-eval_ep_tomato_risked_by_agent1': [np.float32(0.0)], 'either-hsp_adaptive-eval_ep_tomato_risked_by_agent1': [np.float32(0.0)], 'either-mep1_3-eval_ep_tomato_risked_by_agent1': [np.float32(0.0)], 'hsp_adaptive-mep1_3-eval_ep_tomato_slip_by_agent1': [np.float32(0.0)], 'agent0-hsp_adaptive-eval_ep_tomato_slip_by_agent1': [np.float32(0.0)], 'agent1-mep1_3-eval_ep_tomato_slip_by_agent1': [np.float32(0.0)], 'either-hsp_adaptive-eval_ep_tomato_slip_by_agent1': [np.float32(0.0)], 'either-mep1_3-eval_ep_tomato_slip_by_agent1': [np.float32(0.0)], 'hsp_adaptive-mep1_3-eval_ep_tomato_handoff_by_agent1': [np.float32(0.0)], 'agent0-hsp_adaptive-eval_ep_tomato_handoff_by_agent1': [np.float32(0.0)], 'agent1-mep1_3-eval_ep_tomato_handoff_by_agent1': [np.float32(0.0)], 'either-hsp_adaptive-eval_ep_tomato_handoff_by_agent1': [np.float32(0.0)], 'either-mep1_3-eval_ep_tomato_handoff_by_agent1': [np.float32(0.0)], 'hsp_adaptive-mep1_3-eval_ep_onion_pickup_by_agent1': [np.float32(2.0)], 'agent0-hsp_adaptive-eval_ep_onion_pickup_by_agent1': [np.float32(2.0)], 'agent1-mep1_3-eval_ep_onion_pickup_by_agent1': [np.float32(2.0)], 'either-hsp_adaptive-eval_ep_onion_pickup_by_agent1': [np.float32(2.0)], 'either-mep1_3-eval_ep_onion_pickup_by_agent1': [np.float32(2.0)], 'hsp_adaptive-mep1_3-eval_ep_useful_onion_pickup_by_agent1': [np.float32(2.0)], 'agent0-hsp_adaptive-eval_ep_useful_onion_pickup_by_agent1': [np.float32(2.0)], 'agent1-mep1_3-eval_ep_useful_onion_pickup_by_agent1': [np.float32(2.0)], 'either-hsp_adaptive-eval_ep_useful_onion_pickup_by_agent1': [np.float32(2.0)], 'either-mep1_3-eval_ep_useful_onion_pickup_by_agent1': [np.float32(2.0)], 'hsp_adaptive-mep1_3-eval_ep_onion_drop_by_agent1': [np.float32(0.95)], 'agent0-hsp_adaptive-eval_ep_onion_drop_by_agent1': [np.float32(0.95)], 'agent1-mep1_3-eval_ep_onion_drop_by_agent1': [np.float32(0.95)], 'either-hsp_adaptive-eval_ep_onion_drop_by_agent1': [np.float32(0.95)], 'either-mep1_3-eval_ep_onion_drop_by_agent1': [np.float32(0.95)], 'hsp_adaptive-mep1_3-eval_ep_useful_onion_drop_by_agent1': [np.float32(0.0)], 'agent0-hsp_adaptive-eval_ep_useful_onion_drop_by_agent1': [np.float32(0.0)], 'agent1-mep1_3-eval_ep_useful_onion_drop_by_agent1': [np.float32(0.0)], 'either-hsp_adaptive-eval_ep_useful_onion_drop_by_agent1': [np.float32(0.0)], 'either-mep1_3-eval_ep_useful_onion_drop_by_agent1': [np.float32(0.0)], 'hsp_adaptive-mep1_3-eval_ep_potting_onion_by_agent1': [np.float32(0.1)], 'agent0-hsp_adaptive-eval_ep_potting_onion_by_agent1': [np.float32(0.1)], 'agent1-mep1_3-eval_ep_potting_onion_by_agent1': [np.float32(0.1)], 'either-hsp_adaptive-eval_ep_potting_onion_by_agent1': [np.float32(0.1)], 'either-mep1_3-eval_ep_potting_onion_by_agent1': [np.float32(0.1)], 'hsp_adaptive-mep1_3-eval_ep_onion_risked_by_agent1': [np.float32(5.85)], 'agent0-hsp_adaptive-eval_ep_onion_risked_by_agent1': [np.float32(5.85)], 'agent1-mep1_3-eval_ep_onion_risked_by_agent1': [np.float32(5.85)], 'either-hsp_adaptive-eval_ep_onion_risked_by_agent1': [np.float32(5.85)], 'either-mep1_3-eval_ep_onion_risked_by_agent1': [np.float32(5.85)], 'hsp_adaptive-mep1_3-eval_ep_onion_slip_by_agent1': [np.float32(0.85)], 'agent0-hsp_adaptive-eval_ep_onion_slip_by_agent1': [np.float32(0.85)], 'agent1-mep1_3-eval_ep_onion_slip_by_agent1': [np.float32(0.85)], 'either-hsp_adaptive-eval_ep_onion_slip_by_agent1': [np.float32(0.85)], 'either-mep1_3-eval_ep_onion_slip_by_agent1': [np.float32(0.85)], 'hsp_adaptive-mep1_3-eval_ep_onion_handoff_by_agent1': [np.float32(0.0)], 'agent0-hsp_adaptive-eval_ep_onion_handoff_by_agent1': [np.float32(0.0)], 'agent1-mep1_3-eval_ep_onion_handoff_by_agent1': [np.float32(0.0)], 'either-hsp_adaptive-eval_ep_onion_handoff_by_agent1': [np.float32(0.0)], 'either-mep1_3-eval_ep_onion_handoff_by_agent1': [np.float32(0.0)], 'hsp_adaptive-mep1_3-eval_ep_dish_pickup_by_agent1': [np.float32(0.55)], 'agent0-hsp_adaptive-eval_ep_dish_pickup_by_agent1': [np.float32(0.55)], 'agent1-mep1_3-eval_ep_dish_pickup_by_agent1': [np.float32(0.55)], 'either-hsp_adaptive-eval_ep_dish_pickup_by_agent1': [np.float32(0.55)], 'either-mep1_3-eval_ep_dish_pickup_by_agent1': [np.float32(0.55)], 'hsp_adaptive-mep1_3-eval_ep_useful_dish_pickup_by_agent1': [np.float32(0.0)], 'agent0-hsp_adaptive-eval_ep_useful_dish_pickup_by_agent1': [np.float32(0.0)], 'agent1-mep1_3-eval_ep_useful_dish_pickup_by_agent1': [np.float32(0.0)], 'either-hsp_adaptive-eval_ep_useful_dish_pickup_by_agent1': [np.float32(0.0)], 'either-mep1_3-eval_ep_useful_dish_pickup_by_agent1': [np.float32(0.0)], 'hsp_adaptive-mep1_3-eval_ep_dish_drop_by_agent1': [np.float32(0.45)], 'agent0-hsp_adaptive-eval_ep_dish_drop_by_agent1': [np.float32(0.45)], 'agent1-mep1_3-eval_ep_dish_drop_by_agent1': [np.float32(0.45)], 'either-hsp_adaptive-eval_ep_dish_drop_by_agent1': [np.float32(0.45)], 'either-mep1_3-eval_ep_dish_drop_by_agent1': [np.float32(0.45)], 'hsp_adaptive-mep1_3-eval_ep_useful_dish_drop_by_agent1': [np.float32(0.4)], 'agent0-hsp_adaptive-eval_ep_useful_dish_drop_by_agent1': [np.float32(0.4)], 'agent1-mep1_3-eval_ep_useful_dish_drop_by_agent1': [np.float32(0.4)], 'either-hsp_adaptive-eval_ep_useful_dish_drop_by_agent1': [np.float32(0.4)], 'either-mep1_3-eval_ep_useful_dish_drop_by_agent1': [np.float32(0.4)], 'hsp_adaptive-mep1_3-eval_ep_dish_risked_by_agent1': [np.float32(0.95)], 'agent0-hsp_adaptive-eval_ep_dish_risked_by_agent1': [np.float32(0.95)], 'agent1-mep1_3-eval_ep_dish_risked_by_agent1': [np.float32(0.95)], 'either-hsp_adaptive-eval_ep_dish_risked_by_agent1': [np.float32(0.95)], 'either-mep1_3-eval_ep_dish_risked_by_agent1': [np.float32(0.95)], 'hsp_adaptive-mep1_3-eval_ep_dish_slip_by_agent1': [np.float32(0.1)], 'agent0-hsp_adaptive-eval_ep_dish_slip_by_agent1': [np.float32(0.1)], 'agent1-mep1_3-eval_ep_dish_slip_by_agent1': [np.float32(0.1)], 'either-hsp_adaptive-eval_ep_dish_slip_by_agent1': [np.float32(0.1)], 'either-mep1_3-eval_ep_dish_slip_by_agent1': [np.float32(0.1)], 'hsp_adaptive-mep1_3-eval_ep_dish_handoff_by_agent1': [np.float32(0.0)], 'agent0-hsp_adaptive-eval_ep_dish_handoff_by_agent1': [np.float32(0.0)], 'agent1-mep1_3-eval_ep_dish_handoff_by_agent1': [np.float32(0.0)], 'either-hsp_adaptive-eval_ep_dish_handoff_by_agent1': [np.float32(0.0)], 'either-mep1_3-eval_ep_dish_handoff_by_agent1': [np.float32(0.0)], 'hsp_adaptive-mep1_3-eval_ep_soup_pickup_by_agent1': [np.float32(0.0)], 'agent0-hsp_adaptive-eval_ep_soup_pickup_by_agent1': [np.float32(0.0)], 'agent1-mep1_3-eval_ep_soup_pickup_by_agent1': [np.float32(0.0)], 'either-hsp_adaptive-eval_ep_soup_pickup_by_agent1': [np.float32(0.0)], 'either-mep1_3-eval_ep_soup_pickup_by_agent1': [np.float32(0.0)], 'hsp_adaptive-mep1_3-eval_ep_soup_delivery_by_agent1': [np.float32(0.0)], 'agent0-hsp_adaptive-eval_ep_soup_delivery_by_agent1': [np.float32(0.0)], 'agent1-mep1_3-eval_ep_soup_delivery_by_agent1': [np.float32(0.0)], 'either-hsp_adaptive-eval_ep_soup_delivery_by_agent1': [np.float32(0.0)], 'either-mep1_3-eval_ep_soup_delivery_by_agent1': [np.float32(0.0)], 'hsp_adaptive-mep1_3-eval_ep_soup_drop_by_agent1': [np.float32(0.0)], 'agent0-hsp_adaptive-eval_ep_soup_drop_by_agent1': [np.float32(0.0)], 'agent1-mep1_3-eval_ep_soup_drop_by_agent1': [np.float32(0.0)], 'either-hsp_adaptive-eval_ep_soup_drop_by_agent1': [np.float32(0.0)], 'either-mep1_3-eval_ep_soup_drop_by_agent1': [np.float32(0.0)], 'hsp_adaptive-mep1_3-eval_ep_soup_risked_by_agent1': [np.float32(0.0)], 'agent0-hsp_adaptive-eval_ep_soup_risked_by_agent1': [np.float32(0.0)], 'agent1-mep1_3-eval_ep_soup_risked_by_agent1': [np.float32(0.0)], 'either-hsp_adaptive-eval_ep_soup_risked_by_agent1': [np.float32(0.0)], 'either-mep1_3-eval_ep_soup_risked_by_agent1': [np.float32(0.0)], 'hsp_adaptive-mep1_3-eval_ep_soup_slip_by_agent1': [np.float32(0.0)], 'agent0-hsp_adaptive-eval_ep_soup_slip_by_agent1': [np.float32(0.0)], 'agent1-mep1_3-eval_ep_soup_slip_by_agent1': [np.float32(0.0)], 'either-hsp_adaptive-eval_ep_soup_slip_by_agent1': [np.float32(0.0)], 'either-mep1_3-eval_ep_soup_slip_by_agent1': [np.float32(0.0)], 'hsp_adaptive-mep1_3-eval_ep_soup_handoff_by_agent1': [np.float32(0.0)], 'agent0-hsp_adaptive-eval_ep_soup_handoff_by_agent1': [np.float32(0.0)], 'agent1-mep1_3-eval_ep_soup_handoff_by_agent1': [np.float32(0.0)], 'either-hsp_adaptive-eval_ep_soup_handoff_by_agent1': [np.float32(0.0)], 'either-mep1_3-eval_ep_soup_handoff_by_agent1': [np.float32(0.0)], 'hsp_adaptive-mep1_3-eval_ep_optimal_onion_potting_by_agent1': [np.float32(0.1)], 'agent0-hsp_adaptive-eval_ep_optimal_onion_potting_by_agent1': [np.float32(0.1)], 'agent1-mep1_3-eval_ep_optimal_onion_potting_by_agent1': [np.float32(0.1)], 'either-hsp_adaptive-eval_ep_optimal_onion_potting_by_agent1': [np.float32(0.1)], 'either-mep1_3-eval_ep_optimal_onion_potting_by_agent1': [np.float32(0.1)], 'hsp_adaptive-mep1_3-eval_ep_optimal_tomato_potting_by_agent1': [np.float32(0.0)], 'agent0-hsp_adaptive-eval_ep_optimal_tomato_potting_by_agent1': [np.float32(0.0)], 'agent1-mep1_3-eval_ep_optimal_tomato_potting_by_agent1': [np.float32(0.0)], 'either-hsp_adaptive-eval_ep_optimal_tomato_potting_by_agent1': [np.float32(0.0)], 'either-mep1_3-eval_ep_optimal_tomato_potting_by_agent1': [np.float32(0.0)], 'hsp_adaptive-mep1_3-eval_ep_viable_onion_potting_by_agent1': [np.float32(0.1)], 'agent0-hsp_adaptive-eval_ep_viable_onion_potting_by_agent1': [np.float32(0.1)], 'agent1-mep1_3-eval_ep_viable_onion_potting_by_agent1': [np.float32(0.1)], 'either-hsp_adaptive-eval_ep_viable_onion_potting_by_agent1': [np.float32(0.1)], 'either-mep1_3-eval_ep_viable_onion_potting_by_agent1': [np.float32(0.1)], 'hsp_adaptive-mep1_3-eval_ep_viable_tomato_potting_by_agent1': [np.float32(0.0)], 'agent0-hsp_adaptive-eval_ep_viable_tomato_potting_by_agent1': [np.float32(0.0)], 'agent1-mep1_3-eval_ep_viable_tomato_potting_by_agent1': [np.float32(0.0)], 'either-hsp_adaptive-eval_ep_viable_tomato_potting_by_agent1': [np.float32(0.0)], 'either-mep1_3-eval_ep_viable_tomato_potting_by_agent1': [np.float32(0.0)], 'hsp_adaptive-mep1_3-eval_ep_catastrophic_onion_potting_by_agent1': [np.float32(0.0)], 'agent0-hsp_adaptive-eval_ep_catastrophic_onion_potting_by_agent1': [np.float32(0.0)], 'agent1-mep1_3-eval_ep_catastrophic_onion_potting_by_agent1': [np.float32(0.0)], 'either-hsp_adaptive-eval_ep_catastrophic_onion_potting_by_agent1': [np.float32(0.0)], 'either-mep1_3-eval_ep_catastrophic_onion_potting_by_agent1': [np.float32(0.0)], 'hsp_adaptive-mep1_3-eval_ep_catastrophic_tomato_potting_by_agent1': [np.float32(0.0)], 'agent0-hsp_adaptive-eval_ep_catastrophic_tomato_potting_by_agent1': [np.float32(0.0)], 'agent1-mep1_3-eval_ep_catastrophic_tomato_potting_by_agent1': [np.float32(0.0)], 'either-hsp_adaptive-eval_ep_catastrophic_tomato_potting_by_agent1': [np.float32(0.0)], 'either-mep1_3-eval_ep_catastrophic_tomato_potting_by_agent1': [np.float32(0.0)], 'hsp_adaptive-mep1_3-eval_ep_useless_onion_potting_by_agent1': [np.float32(0.0)], 'agent0-hsp_adaptive-eval_ep_useless_onion_potting_by_agent1': [np.float32(0.0)], 'agent1-mep1_3-eval_ep_useless_onion_potting_by_agent1': [np.float32(0.0)], 'either-hsp_adaptive-eval_ep_useless_onion_potting_by_agent1': [np.float32(0.0)], 'either-mep1_3-eval_ep_useless_onion_potting_by_agent1': [np.float32(0.0)], 'hsp_adaptive-mep1_3-eval_ep_useless_tomato_potting_by_agent1': [np.float32(0.0)], 'agent0-hsp_adaptive-eval_ep_useless_tomato_potting_by_agent1': [np.float32(0.0)], 'agent1-mep1_3-eval_ep_useless_tomato_potting_by_agent1': [np.float32(0.0)], 'either-hsp_adaptive-eval_ep_useless_tomato_potting_by_agent1': [np.float32(0.0)], 'either-mep1_3-eval_ep_useless_tomato_potting_by_agent1': [np.float32(0.0)], 'hsp_adaptive-mep1_3-eval_ep_empty_slip_by_agent1': [np.float32(0.0)], 'agent0-hsp_adaptive-eval_ep_empty_slip_by_agent1': [np.float32(0.0)], 'agent1-mep1_3-eval_ep_empty_slip_by_agent1': [np.float32(0.0)], 'either-hsp_adaptive-eval_ep_empty_slip_by_agent1': [np.float32(0.0)], 'either-mep1_3-eval_ep_empty_slip_by_agent1': [np.float32(0.0)], 'hsp_adaptive-mep1_3-eval_ep_sparse_r_by_agent0': [np.float64(0.0)], 'agent0-hsp_adaptive-eval_ep_sparse_r_by_agent0': [np.float64(0.0)], 'agent1-mep1_3-eval_ep_sparse_r_by_agent0': [np.float64(0.0)], 'either-hsp_adaptive-eval_ep_sparse_r_by_agent0': [np.float64(0.0)], 'either-mep1_3-eval_ep_sparse_r_by_agent0': [np.float64(0.0)], 'hsp_adaptive-mep1_3-eval_ep_shaped_r_by_agent0': [np.float64(0.45)], 'agent0-hsp_adaptive-eval_ep_shaped_r_by_agent0': [np.float64(0.45)], 'agent1-mep1_3-eval_ep_shaped_r_by_agent0': [np.float64(0.45)], 'either-hsp_adaptive-eval_ep_shaped_r_by_agent0': [np.float64(0.45)], 'either-mep1_3-eval_ep_shaped_r_by_agent0': [np.float64(0.45)], 'hsp_adaptive-mep1_3-eval_ep_sparse_r_by_agent1': [np.float64(0.0)], 'agent0-hsp_adaptive-eval_ep_sparse_r_by_agent1': [np.float64(0.0)], 'agent1-mep1_3-eval_ep_sparse_r_by_agent1': [np.float64(0.0)], 'either-hsp_adaptive-eval_ep_sparse_r_by_agent1': [np.float64(0.0)], 'either-mep1_3-eval_ep_sparse_r_by_agent1': [np.float64(0.0)], 'hsp_adaptive-mep1_3-eval_ep_shaped_r_by_agent1': [np.float64(0.45)], 'agent0-hsp_adaptive-eval_ep_shaped_r_by_agent1': [np.float64(0.45)], 'agent1-mep1_3-eval_ep_shaped_r_by_agent1': [np.float64(0.45)], 'either-hsp_adaptive-eval_ep_shaped_r_by_agent1': [np.float64(0.45)], 'either-mep1_3-eval_ep_shaped_r_by_agent1': [np.float64(0.45)], 'hsp_adaptive-mep1_3-eval_ep_sparse_r': [np.float64(0.0)], 'agent0-hsp_adaptive-eval_ep_sparse_r': [np.float64(0.0)], 'agent1-mep1_3-eval_ep_sparse_r': [np.float64(0.0)], 'either-hsp_adaptive-eval_ep_sparse_r': [np.float64(0.0)], 'either-mep1_3-eval_ep_sparse_r': [np.float64(0.0)], 'hsp_adaptive-mep1_3-eval_ep_shaped_r': [np.float64(0.9)], 'agent0-hsp_adaptive-eval_ep_shaped_r': [np.float64(0.9)], 'agent1-mep1_3-eval_ep_shaped_r': [np.float64(0.9)], 'either-hsp_adaptive-eval_ep_shaped_r': [np.float64(0.9)], 'either-mep1_3-eval_ep_shaped_r': [np.float64(0.9)]}
{'hsp_adaptive-mep1_3-eval_ep_sparse_r_by_agent0': [np.float64(0.0)], 'agent0-hsp_adaptive-eval_ep_sparse_r_by_agent0': [np.float64(0.0)], 'agent1-mep1_3-eval_ep_sparse_r_by_agent0': [np.float64(0.0)], 'either-hsp_adaptive-eval_ep_sparse_r_by_agent0': [np.float64(0.0)], 'either-mep1_3-eval_ep_sparse_r_by_agent0': [np.float64(0.0)], 'hsp_adaptive-mep1_3-eval_ep_sparse_r_by_agent1': [np.float64(0.0)], 'agent0-hsp_adaptive-eval_ep_sparse_r_by_agent1': [np.float64(0.0)], 'agent1-mep1_3-eval_ep_sparse_r_by_agent1': [np.float64(0.0)], 'either-hsp_adaptive-eval_ep_sparse_r_by_agent1': [np.float64(0.0)], 'either-mep1_3-eval_ep_sparse_r_by_agent1': [np.float64(0.0)], 'hsp_adaptive-mep1_3-eval_ep_sparse_r': [np.float64(0.0)], 'agent0-hsp_adaptive-eval_ep_sparse_r': [np.float64(0.0)], 'agent1-mep1_3-eval_ep_sparse_r': [np.float64(0.0)], 'either-hsp_adaptive-eval_ep_sparse_r': [np.float64(0.0)], 'either-mep1_3-eval_ep_sparse_r': [np.float64(0.0)]}
/home/isl_jhoh/miniconda3/envs/corl/lib/python3.10/site-packages/pygame/pkgdata.py:25: UserWarning: pkg_resources is deprecated as an API. See https://setuptools.pypa.io/en/latest/pkg_resources.html. The pkg_resources package is slated for removal as early as 2025-11-30. Refrain from using this package or pin to Setuptools<81.
  from pkg_resources import resource_stream, resource_exists
pygame 2.6.1 (SDL 2.28.4, Python 3.10.20)
Hello from the pygame community. https://www.pygame.org/contribute.html
choose to use gpu...
/home/isl_jhoh/CoRL/HSP/hsp/algorithms/population/policy_pool.py:63: UserWarning: Policy pool currently loads all checkpoints into gpu, consider load into cpu latter...
  warnings.warn("Policy pool currently loads all checkpoints into gpu, consider load into cpu latter...")
/home/isl_jhoh/CoRL/transplant/runners/risky_overcooked_runner.py:131: UserWarning: Evaluation with multi policy is not compatible with async done.
  warnings.warn("Evaluation with multi policy is not compatible with async done.")
Pickle dump policy config at /home/isl_jhoh/CoRL/transplant/results/RiskyOvercooked/risky_multipath/population/final-mep1_3-hsp_adaptive/run1/policy_config.pkl
population_yaml_path:  /home/isl_jhoh/CoRL/transplant/policy_pool/risky_multipath/hsp/s2/eval.yml
config loaded
디버깅 before checkpoint: {'actor': '/home/isl_jhoh/CoRL/transplant/policy_pool/risky_multipath/hsp/s2/hsp_adaptive.pt'}
디버깅 checkpoint loaded
디버깅 before checkpoint: {'actor': '/home/isl_jhoh/CoRL/transplant/policy_pool/risky_multipath/mep/s1/mep1_init_actor.pt'}
디버깅 checkpoint loaded
디버깅 before checkpoint: {'actor': '/home/isl_jhoh/CoRL/transplant/policy_pool/risky_multipath/mep/s1/mep1_mid_actor.pt'}
디버깅 checkpoint loaded
디버깅 before checkpoint: {'actor': '/home/isl_jhoh/CoRL/transplant/policy_pool/risky_multipath/mep/s1/mep1_final_actor.pt'}
디버깅 checkpoint loaded
디버깅 before checkpoint: {'actor': '/home/isl_jhoh/CoRL/transplant/policy_pool/risky_multipath/mep/s1/mep2_init_actor.pt'}
디버깅 checkpoint loaded
디버깅 before checkpoint: {'actor': '/home/isl_jhoh/CoRL/transplant/policy_pool/risky_multipath/mep/s1/mep2_mid_actor.pt'}
디버깅 checkpoint loaded
디버깅 before checkpoint: {'actor': '/home/isl_jhoh/CoRL/transplant/policy_pool/risky_multipath/mep/s1/mep2_final_actor.pt'}
디버깅 checkpoint loaded
디버깅 before checkpoint: {'actor': '/home/isl_jhoh/CoRL/transplant/policy_pool/risky_multipath/mep/s1/mep3_init_actor.pt'}
디버깅 checkpoint loaded
디버깅 before checkpoint: {'actor': '/home/isl_jhoh/CoRL/transplant/policy_pool/risky_multipath/mep/s1/mep3_mid_actor.pt'}
디버깅 checkpoint loaded
디버깅 before checkpoint: {'actor': '/home/isl_jhoh/CoRL/transplant/policy_pool/risky_multipath/mep/s1/mep3_final_actor.pt'}
디버깅 checkpoint loaded
디버깅 before checkpoint: {'actor': '/home/isl_jhoh/CoRL/transplant/policy_pool/risky_multipath/mep/s1/mep4_init_actor.pt'}
디버깅 checkpoint loaded
디버깅 before checkpoint: {'actor': '/home/isl_jhoh/CoRL/transplant/policy_pool/risky_multipath/mep/s1/mep4_mid_actor.pt'}
디버깅 checkpoint loaded
디버깅 before checkpoint: {'actor': '/home/isl_jhoh/CoRL/transplant/policy_pool/risky_multipath/mep/s1/mep4_final_actor.pt'}
디버깅 checkpoint loaded
디버깅 before checkpoint: {'actor': '/home/isl_jhoh/CoRL/transplant/policy_pool/risky_multipath/mep/s1/mep5_init_actor.pt'}
디버깅 checkpoint loaded
디버깅 before checkpoint: {'actor': '/home/isl_jhoh/CoRL/transplant/policy_pool/risky_multipath/mep/s1/mep5_mid_actor.pt'}
디버깅 checkpoint loaded
디버깅 before checkpoint: {'actor': '/home/isl_jhoh/CoRL/transplant/policy_pool/risky_multipath/mep/s1/mep5_final_actor.pt'}
디버깅 checkpoint loaded
디버깅 before checkpoint: {'actor': '/home/isl_jhoh/CoRL/transplant/policy_pool/risky_multipath/mep/s1/mep6_init_actor.pt'}
디버깅 checkpoint loaded
디버깅 before checkpoint: {'actor': '/home/isl_jhoh/CoRL/transplant/policy_pool/risky_multipath/mep/s1/mep6_mid_actor.pt'}
디버깅 checkpoint loaded
디버깅 before checkpoint: {'actor': '/home/isl_jhoh/CoRL/transplant/policy_pool/risky_multipath/mep/s1/mep6_final_actor.pt'}
디버깅 checkpoint loaded
디버깅 before checkpoint: {'actor': '/home/isl_jhoh/CoRL/transplant/policy_pool/risky_multipath/hsp/s1/hsp1_w0_actor.pt'}
디버깅 checkpoint loaded
{'mep1_3-hsp_adaptive-eval_ep_tomato_pickup_by_agent0': [np.float32(0.0)], 'agent0-mep1_3-eval_ep_tomato_pickup_by_agent0': [np.float32(0.0)], 'agent1-hsp_adaptive-eval_ep_tomato_pickup_by_agent0': [np.float32(0.0)], 'either-mep1_3-eval_ep_tomato_pickup_by_agent0': [np.float32(0.0)], 'either-hsp_adaptive-eval_ep_tomato_pickup_by_agent0': [np.float32(0.0)], 'mep1_3-hsp_adaptive-eval_ep_useful_tomato_pickup_by_agent0': [np.float32(0.0)], 'agent0-mep1_3-eval_ep_useful_tomato_pickup_by_agent0': [np.float32(0.0)], 'agent1-hsp_adaptive-eval_ep_useful_tomato_pickup_by_agent0': [np.float32(0.0)], 'either-mep1_3-eval_ep_useful_tomato_pickup_by_agent0': [np.float32(0.0)], 'either-hsp_adaptive-eval_ep_useful_tomato_pickup_by_agent0': [np.float32(0.0)], 'mep1_3-hsp_adaptive-eval_ep_tomato_drop_by_agent0': [np.float32(0.0)], 'agent0-mep1_3-eval_ep_tomato_drop_by_agent0': [np.float32(0.0)], 'agent1-hsp_adaptive-eval_ep_tomato_drop_by_agent0': [np.float32(0.0)], 'either-mep1_3-eval_ep_tomato_drop_by_agent0': [np.float32(0.0)], 'either-hsp_adaptive-eval_ep_tomato_drop_by_agent0': [np.float32(0.0)], 'mep1_3-hsp_adaptive-eval_ep_useful_tomato_drop_by_agent0': [np.float32(0.0)], 'agent0-mep1_3-eval_ep_useful_tomato_drop_by_agent0': [np.float32(0.0)], 'agent1-hsp_adaptive-eval_ep_useful_tomato_drop_by_agent0': [np.float32(0.0)], 'either-mep1_3-eval_ep_useful_tomato_drop_by_agent0': [np.float32(0.0)], 'either-hsp_adaptive-eval_ep_useful_tomato_drop_by_agent0': [np.float32(0.0)], 'mep1_3-hsp_adaptive-eval_ep_potting_tomato_by_agent0': [np.float32(0.0)], 'agent0-mep1_3-eval_ep_potting_tomato_by_agent0': [np.float32(0.0)], 'agent1-hsp_adaptive-eval_ep_potting_tomato_by_agent0': [np.float32(0.0)], 'either-mep1_3-eval_ep_potting_tomato_by_agent0': [np.float32(0.0)], 'either-hsp_adaptive-eval_ep_potting_tomato_by_agent0': [np.float32(0.0)], 'mep1_3-hsp_adaptive-eval_ep_tomato_risked_by_agent0': [np.float32(0.0)], 'agent0-mep1_3-eval_ep_tomato_risked_by_agent0': [np.float32(0.0)], 'agent1-hsp_adaptive-eval_ep_tomato_risked_by_agent0': [np.float32(0.0)], 'either-mep1_3-eval_ep_tomato_risked_by_agent0': [np.float32(0.0)], 'either-hsp_adaptive-eval_ep_tomato_risked_by_agent0': [np.float32(0.0)], 'mep1_3-hsp_adaptive-eval_ep_tomato_slip_by_agent0': [np.float32(0.0)], 'agent0-mep1_3-eval_ep_tomato_slip_by_agent0': [np.float32(0.0)], 'agent1-hsp_adaptive-eval_ep_tomato_slip_by_agent0': [np.float32(0.0)], 'either-mep1_3-eval_ep_tomato_slip_by_agent0': [np.float32(0.0)], 'either-hsp_adaptive-eval_ep_tomato_slip_by_agent0': [np.float32(0.0)], 'mep1_3-hsp_adaptive-eval_ep_tomato_handoff_by_agent0': [np.float32(0.0)], 'agent0-mep1_3-eval_ep_tomato_handoff_by_agent0': [np.float32(0.0)], 'agent1-hsp_adaptive-eval_ep_tomato_handoff_by_agent0': [np.float32(0.0)], 'either-mep1_3-eval_ep_tomato_handoff_by_agent0': [np.float32(0.0)], 'either-hsp_adaptive-eval_ep_tomato_handoff_by_agent0': [np.float32(0.0)], 'mep1_3-hsp_adaptive-eval_ep_onion_pickup_by_agent0': [np.float32(1.6)], 'agent0-mep1_3-eval_ep_onion_pickup_by_agent0': [np.float32(1.6)], 'agent1-hsp_adaptive-eval_ep_onion_pickup_by_agent0': [np.float32(1.6)], 'either-mep1_3-eval_ep_onion_pickup_by_agent0': [np.float32(1.6)], 'either-hsp_adaptive-eval_ep_onion_pickup_by_agent0': [np.float32(1.6)], 'mep1_3-hsp_adaptive-eval_ep_useful_onion_pickup_by_agent0': [np.float32(1.6)], 'agent0-mep1_3-eval_ep_useful_onion_pickup_by_agent0': [np.float32(1.6)], 'agent1-hsp_adaptive-eval_ep_useful_onion_pickup_by_agent0': [np.float32(1.6)], 'either-mep1_3-eval_ep_useful_onion_pickup_by_agent0': [np.float32(1.6)], 'either-hsp_adaptive-eval_ep_useful_onion_pickup_by_agent0': [np.float32(1.6)], 'mep1_3-hsp_adaptive-eval_ep_onion_drop_by_agent0': [np.float32(0.7)], 'agent0-mep1_3-eval_ep_onion_drop_by_agent0': [np.float32(0.7)], 'agent1-hsp_adaptive-eval_ep_onion_drop_by_agent0': [np.float32(0.7)], 'either-mep1_3-eval_ep_onion_drop_by_agent0': [np.float32(0.7)], 'either-hsp_adaptive-eval_ep_onion_drop_by_agent0': [np.float32(0.7)], 'mep1_3-hsp_adaptive-eval_ep_useful_onion_drop_by_agent0': [np.float32(0.0)], 'agent0-mep1_3-eval_ep_useful_onion_drop_by_agent0': [np.float32(0.0)], 'agent1-hsp_adaptive-eval_ep_useful_onion_drop_by_agent0': [np.float32(0.0)], 'either-mep1_3-eval_ep_useful_onion_drop_by_agent0': [np.float32(0.0)], 'either-hsp_adaptive-eval_ep_useful_onion_drop_by_agent0': [np.float32(0.0)], 'mep1_3-hsp_adaptive-eval_ep_potting_onion_by_agent0': [np.float32(0.15)], 'agent0-mep1_3-eval_ep_potting_onion_by_agent0': [np.float32(0.15)], 'agent1-hsp_adaptive-eval_ep_potting_onion_by_agent0': [np.float32(0.15)], 'either-mep1_3-eval_ep_potting_onion_by_agent0': [np.float32(0.15)], 'either-hsp_adaptive-eval_ep_potting_onion_by_agent0': [np.float32(0.15)], 'mep1_3-hsp_adaptive-eval_ep_onion_risked_by_agent0': [np.float32(5.0)], 'agent0-mep1_3-eval_ep_onion_risked_by_agent0': [np.float32(5.0)], 'agent1-hsp_adaptive-eval_ep_onion_risked_by_agent0': [np.float32(5.0)], 'either-mep1_3-eval_ep_onion_risked_by_agent0': [np.float32(5.0)], 'either-hsp_adaptive-eval_ep_onion_risked_by_agent0': [np.float32(5.0)], 'mep1_3-hsp_adaptive-eval_ep_onion_slip_by_agent0': [np.float32(0.7)], 'agent0-mep1_3-eval_ep_onion_slip_by_agent0': [np.float32(0.7)], 'agent1-hsp_adaptive-eval_ep_onion_slip_by_agent0': [np.float32(0.7)], 'either-mep1_3-eval_ep_onion_slip_by_agent0': [np.float32(0.7)], 'either-hsp_adaptive-eval_ep_onion_slip_by_agent0': [np.float32(0.7)], 'mep1_3-hsp_adaptive-eval_ep_onion_handoff_by_agent0': [np.float32(0.0)], 'agent0-mep1_3-eval_ep_onion_handoff_by_agent0': [np.float32(0.0)], 'agent1-hsp_adaptive-eval_ep_onion_handoff_by_agent0': [np.float32(0.0)], 'either-mep1_3-eval_ep_onion_handoff_by_agent0': [np.float32(0.0)], 'either-hsp_adaptive-eval_ep_onion_handoff_by_agent0': [np.float32(0.0)], 'mep1_3-hsp_adaptive-eval_ep_dish_pickup_by_agent0': [np.float32(0.15)], 'agent0-mep1_3-eval_ep_dish_pickup_by_agent0': [np.float32(0.15)], 'agent1-hsp_adaptive-eval_ep_dish_pickup_by_agent0': [np.float32(0.15)], 'either-mep1_3-eval_ep_dish_pickup_by_agent0': [np.float32(0.15)], 'either-hsp_adaptive-eval_ep_dish_pickup_by_agent0': [np.float32(0.15)], 'mep1_3-hsp_adaptive-eval_ep_useful_dish_pickup_by_agent0': [np.float32(0.0)], 'agent0-mep1_3-eval_ep_useful_dish_pickup_by_agent0': [np.float32(0.0)], 'agent1-hsp_adaptive-eval_ep_useful_dish_pickup_by_agent0': [np.float32(0.0)], 'either-mep1_3-eval_ep_useful_dish_pickup_by_agent0': [np.float32(0.0)], 'either-hsp_adaptive-eval_ep_useful_dish_pickup_by_agent0': [np.float32(0.0)], 'mep1_3-hsp_adaptive-eval_ep_dish_drop_by_agent0': [np.float32(0.05)], 'agent0-mep1_3-eval_ep_dish_drop_by_agent0': [np.float32(0.05)], 'agent1-hsp_adaptive-eval_ep_dish_drop_by_agent0': [np.float32(0.05)], 'either-mep1_3-eval_ep_dish_drop_by_agent0': [np.float32(0.05)], 'either-hsp_adaptive-eval_ep_dish_drop_by_agent0': [np.float32(0.05)], 'mep1_3-hsp_adaptive-eval_ep_useful_dish_drop_by_agent0': [np.float32(0.05)], 'agent0-mep1_3-eval_ep_useful_dish_drop_by_agent0': [np.float32(0.05)], 'agent1-hsp_adaptive-eval_ep_useful_dish_drop_by_agent0': [np.float32(0.05)], 'either-mep1_3-eval_ep_useful_dish_drop_by_agent0': [np.float32(0.05)], 'either-hsp_adaptive-eval_ep_useful_dish_drop_by_agent0': [np.float32(0.05)], 'mep1_3-hsp_adaptive-eval_ep_dish_risked_by_agent0': [np.float32(0.1)], 'agent0-mep1_3-eval_ep_dish_risked_by_agent0': [np.float32(0.1)], 'agent1-hsp_adaptive-eval_ep_dish_risked_by_agent0': [np.float32(0.1)], 'either-mep1_3-eval_ep_dish_risked_by_agent0': [np.float32(0.1)], 'either-hsp_adaptive-eval_ep_dish_risked_by_agent0': [np.float32(0.1)], 'mep1_3-hsp_adaptive-eval_ep_dish_slip_by_agent0': [np.float32(0.05)], 'agent0-mep1_3-eval_ep_dish_slip_by_agent0': [np.float32(0.05)], 'agent1-hsp_adaptive-eval_ep_dish_slip_by_agent0': [np.float32(0.05)], 'either-mep1_3-eval_ep_dish_slip_by_agent0': [np.float32(0.05)], 'either-hsp_adaptive-eval_ep_dish_slip_by_agent0': [np.float32(0.05)], 'mep1_3-hsp_adaptive-eval_ep_dish_handoff_by_agent0': [np.float32(0.05)], 'agent0-mep1_3-eval_ep_dish_handoff_by_agent0': [np.float32(0.05)], 'agent1-hsp_adaptive-eval_ep_dish_handoff_by_agent0': [np.float32(0.05)], 'either-mep1_3-eval_ep_dish_handoff_by_agent0': [np.float32(0.05)], 'either-hsp_adaptive-eval_ep_dish_handoff_by_agent0': [np.float32(0.05)], 'mep1_3-hsp_adaptive-eval_ep_soup_pickup_by_agent0': [np.float32(0.0)], 'agent0-mep1_3-eval_ep_soup_pickup_by_agent0': [np.float32(0.0)], 'agent1-hsp_adaptive-eval_ep_soup_pickup_by_agent0': [np.float32(0.0)], 'either-mep1_3-eval_ep_soup_pickup_by_agent0': [np.float32(0.0)], 'either-hsp_adaptive-eval_ep_soup_pickup_by_agent0': [np.float32(0.0)], 'mep1_3-hsp_adaptive-eval_ep_soup_delivery_by_agent0': [np.float32(0.0)], 'agent0-mep1_3-eval_ep_soup_delivery_by_agent0': [np.float32(0.0)], 'agent1-hsp_adaptive-eval_ep_soup_delivery_by_agent0': [np.float32(0.0)], 'either-mep1_3-eval_ep_soup_delivery_by_agent0': [np.float32(0.0)], 'either-hsp_adaptive-eval_ep_soup_delivery_by_agent0': [np.float32(0.0)], 'mep1_3-hsp_adaptive-eval_ep_soup_drop_by_agent0': [np.float32(0.0)], 'agent0-mep1_3-eval_ep_soup_drop_by_agent0': [np.float32(0.0)], 'agent1-hsp_adaptive-eval_ep_soup_drop_by_agent0': [np.float32(0.0)], 'either-mep1_3-eval_ep_soup_drop_by_agent0': [np.float32(0.0)], 'either-hsp_adaptive-eval_ep_soup_drop_by_agent0': [np.float32(0.0)], 'mep1_3-hsp_adaptive-eval_ep_soup_risked_by_agent0': [np.float32(0.0)], 'agent0-mep1_3-eval_ep_soup_risked_by_agent0': [np.float32(0.0)], 'agent1-hsp_adaptive-eval_ep_soup_risked_by_agent0': [np.float32(0.0)], 'either-mep1_3-eval_ep_soup_risked_by_agent0': [np.float32(0.0)], 'either-hsp_adaptive-eval_ep_soup_risked_by_agent0': [np.float32(0.0)], 'mep1_3-hsp_adaptive-eval_ep_soup_slip_by_agent0': [np.float32(0.0)], 'agent0-mep1_3-eval_ep_soup_slip_by_agent0': [np.float32(0.0)], 'agent1-hsp_adaptive-eval_ep_soup_slip_by_agent0': [np.float32(0.0)], 'either-mep1_3-eval_ep_soup_slip_by_agent0': [np.float32(0.0)], 'either-hsp_adaptive-eval_ep_soup_slip_by_agent0': [np.float32(0.0)], 'mep1_3-hsp_adaptive-eval_ep_soup_handoff_by_agent0': [np.float32(0.0)], 'agent0-mep1_3-eval_ep_soup_handoff_by_agent0': [np.float32(0.0)], 'agent1-hsp_adaptive-eval_ep_soup_handoff_by_agent0': [np.float32(0.0)], 'either-mep1_3-eval_ep_soup_handoff_by_agent0': [np.float32(0.0)], 'either-hsp_adaptive-eval_ep_soup_handoff_by_agent0': [np.float32(0.0)], 'mep1_3-hsp_adaptive-eval_ep_optimal_onion_potting_by_agent0': [np.float32(0.15)], 'agent0-mep1_3-eval_ep_optimal_onion_potting_by_agent0': [np.float32(0.15)], 'agent1-hsp_adaptive-eval_ep_optimal_onion_potting_by_agent0': [np.float32(0.15)], 'either-mep1_3-eval_ep_optimal_onion_potting_by_agent0': [np.float32(0.15)], 'either-hsp_adaptive-eval_ep_optimal_onion_potting_by_agent0': [np.float32(0.15)], 'mep1_3-hsp_adaptive-eval_ep_optimal_tomato_potting_by_agent0': [np.float32(0.0)], 'agent0-mep1_3-eval_ep_optimal_tomato_potting_by_agent0': [np.float32(0.0)], 'agent1-hsp_adaptive-eval_ep_optimal_tomato_potting_by_agent0': [np.float32(0.0)], 'either-mep1_3-eval_ep_optimal_tomato_potting_by_agent0': [np.float32(0.0)], 'either-hsp_adaptive-eval_ep_optimal_tomato_potting_by_agent0': [np.float32(0.0)], 'mep1_3-hsp_adaptive-eval_ep_viable_onion_potting_by_agent0': [np.float32(0.15)], 'agent0-mep1_3-eval_ep_viable_onion_potting_by_agent0': [np.float32(0.15)], 'agent1-hsp_adaptive-eval_ep_viable_onion_potting_by_agent0': [np.float32(0.15)], 'either-mep1_3-eval_ep_viable_onion_potting_by_agent0': [np.float32(0.15)], 'either-hsp_adaptive-eval_ep_viable_onion_potting_by_agent0': [np.float32(0.15)], 'mep1_3-hsp_adaptive-eval_ep_viable_tomato_potting_by_agent0': [np.float32(0.0)], 'agent0-mep1_3-eval_ep_viable_tomato_potting_by_agent0': [np.float32(0.0)], 'agent1-hsp_adaptive-eval_ep_viable_tomato_potting_by_agent0': [np.float32(0.0)], 'either-mep1_3-eval_ep_viable_tomato_potting_by_agent0': [np.float32(0.0)], 'either-hsp_adaptive-eval_ep_viable_tomato_potting_by_agent0': [np.float32(0.0)], 'mep1_3-hsp_adaptive-eval_ep_catastrophic_onion_potting_by_agent0': [np.float32(0.0)], 'agent0-mep1_3-eval_ep_catastrophic_onion_potting_by_agent0': [np.float32(0.0)], 'agent1-hsp_adaptive-eval_ep_catastrophic_onion_potting_by_agent0': [np.float32(0.0)], 'either-mep1_3-eval_ep_catastrophic_onion_potting_by_agent0': [np.float32(0.0)], 'either-hsp_adaptive-eval_ep_catastrophic_onion_potting_by_agent0': [np.float32(0.0)], 'mep1_3-hsp_adaptive-eval_ep_catastrophic_tomato_potting_by_agent0': [np.float32(0.0)], 'agent0-mep1_3-eval_ep_catastrophic_tomato_potting_by_agent0': [np.float32(0.0)], 'agent1-hsp_adaptive-eval_ep_catastrophic_tomato_potting_by_agent0': [np.float32(0.0)], 'either-mep1_3-eval_ep_catastrophic_tomato_potting_by_agent0': [np.float32(0.0)], 'either-hsp_adaptive-eval_ep_catastrophic_tomato_potting_by_agent0': [np.float32(0.0)], 'mep1_3-hsp_adaptive-eval_ep_useless_onion_potting_by_agent0': [np.float32(0.0)], 'agent0-mep1_3-eval_ep_useless_onion_potting_by_agent0': [np.float32(0.0)], 'agent1-hsp_adaptive-eval_ep_useless_onion_potting_by_agent0': [np.float32(0.0)], 'either-mep1_3-eval_ep_useless_onion_potting_by_agent0': [np.float32(0.0)], 'either-hsp_adaptive-eval_ep_useless_onion_potting_by_agent0': [np.float32(0.0)], 'mep1_3-hsp_adaptive-eval_ep_useless_tomato_potting_by_agent0': [np.float32(0.0)], 'agent0-mep1_3-eval_ep_useless_tomato_potting_by_agent0': [np.float32(0.0)], 'agent1-hsp_adaptive-eval_ep_useless_tomato_potting_by_agent0': [np.float32(0.0)], 'either-mep1_3-eval_ep_useless_tomato_potting_by_agent0': [np.float32(0.0)], 'either-hsp_adaptive-eval_ep_useless_tomato_potting_by_agent0': [np.float32(0.0)], 'mep1_3-hsp_adaptive-eval_ep_empty_slip_by_agent0': [np.float32(0.0)], 'agent0-mep1_3-eval_ep_empty_slip_by_agent0': [np.float32(0.0)], 'agent1-hsp_adaptive-eval_ep_empty_slip_by_agent0': [np.float32(0.0)], 'either-mep1_3-eval_ep_empty_slip_by_agent0': [np.float32(0.0)], 'either-hsp_adaptive-eval_ep_empty_slip_by_agent0': [np.float32(0.0)], 'mep1_3-hsp_adaptive-eval_ep_tomato_pickup_by_agent1': [np.float32(0.0)], 'agent0-mep1_3-eval_ep_tomato_pickup_by_agent1': [np.float32(0.0)], 'agent1-hsp_adaptive-eval_ep_tomato_pickup_by_agent1': [np.float32(0.0)], 'either-mep1_3-eval_ep_tomato_pickup_by_agent1': [np.float32(0.0)], 'either-hsp_adaptive-eval_ep_tomato_pickup_by_agent1': [np.float32(0.0)], 'mep1_3-hsp_adaptive-eval_ep_useful_tomato_pickup_by_agent1': [np.float32(0.0)], 'agent0-mep1_3-eval_ep_useful_tomato_pickup_by_agent1': [np.float32(0.0)], 'agent1-hsp_adaptive-eval_ep_useful_tomato_pickup_by_agent1': [np.float32(0.0)], 'either-mep1_3-eval_ep_useful_tomato_pickup_by_agent1': [np.float32(0.0)], 'either-hsp_adaptive-eval_ep_useful_tomato_pickup_by_agent1': [np.float32(0.0)], 'mep1_3-hsp_adaptive-eval_ep_tomato_drop_by_agent1': [np.float32(0.0)], 'agent0-mep1_3-eval_ep_tomato_drop_by_agent1': [np.float32(0.0)], 'agent1-hsp_adaptive-eval_ep_tomato_drop_by_agent1': [np.float32(0.0)], 'either-mep1_3-eval_ep_tomato_drop_by_agent1': [np.float32(0.0)], 'either-hsp_adaptive-eval_ep_tomato_drop_by_agent1': [np.float32(0.0)], 'mep1_3-hsp_adaptive-eval_ep_useful_tomato_drop_by_agent1': [np.float32(0.0)], 'agent0-mep1_3-eval_ep_useful_tomato_drop_by_agent1': [np.float32(0.0)], 'agent1-hsp_adaptive-eval_ep_useful_tomato_drop_by_agent1': [np.float32(0.0)], 'either-mep1_3-eval_ep_useful_tomato_drop_by_agent1': [np.float32(0.0)], 'either-hsp_adaptive-eval_ep_useful_tomato_drop_by_agent1': [np.float32(0.0)], 'mep1_3-hsp_adaptive-eval_ep_potting_tomato_by_agent1': [np.float32(0.0)], 'agent0-mep1_3-eval_ep_potting_tomato_by_agent1': [np.float32(0.0)], 'agent1-hsp_adaptive-eval_ep_potting_tomato_by_agent1': [np.float32(0.0)], 'either-mep1_3-eval_ep_potting_tomato_by_agent1': [np.float32(0.0)], 'either-hsp_adaptive-eval_ep_potting_tomato_by_agent1': [np.float32(0.0)], 'mep1_3-hsp_adaptive-eval_ep_tomato_risked_by_agent1': [np.float32(0.0)], 'agent0-mep1_3-eval_ep_tomato_risked_by_agent1': [np.float32(0.0)], 'agent1-hsp_adaptive-eval_ep_tomato_risked_by_agent1': [np.float32(0.0)], 'either-mep1_3-eval_ep_tomato_risked_by_agent1': [np.float32(0.0)], 'either-hsp_adaptive-eval_ep_tomato_risked_by_agent1': [np.float32(0.0)], 'mep1_3-hsp_adaptive-eval_ep_tomato_slip_by_agent1': [np.float32(0.0)], 'agent0-mep1_3-eval_ep_tomato_slip_by_agent1': [np.float32(0.0)], 'agent1-hsp_adaptive-eval_ep_tomato_slip_by_agent1': [np.float32(0.0)], 'either-mep1_3-eval_ep_tomato_slip_by_agent1': [np.float32(0.0)], 'either-hsp_adaptive-eval_ep_tomato_slip_by_agent1': [np.float32(0.0)], 'mep1_3-hsp_adaptive-eval_ep_tomato_handoff_by_agent1': [np.float32(0.0)], 'agent0-mep1_3-eval_ep_tomato_handoff_by_agent1': [np.float32(0.0)], 'agent1-hsp_adaptive-eval_ep_tomato_handoff_by_agent1': [np.float32(0.0)], 'either-mep1_3-eval_ep_tomato_handoff_by_agent1': [np.float32(0.0)], 'either-hsp_adaptive-eval_ep_tomato_handoff_by_agent1': [np.float32(0.0)], 'mep1_3-hsp_adaptive-eval_ep_onion_pickup_by_agent1': [np.float32(1.5)], 'agent0-mep1_3-eval_ep_onion_pickup_by_agent1': [np.float32(1.5)], 'agent1-hsp_adaptive-eval_ep_onion_pickup_by_agent1': [np.float32(1.5)], 'either-mep1_3-eval_ep_onion_pickup_by_agent1': [np.float32(1.5)], 'either-hsp_adaptive-eval_ep_onion_pickup_by_agent1': [np.float32(1.5)], 'mep1_3-hsp_adaptive-eval_ep_useful_onion_pickup_by_agent1': [np.float32(1.5)], 'agent0-mep1_3-eval_ep_useful_onion_pickup_by_agent1': [np.float32(1.5)], 'agent1-hsp_adaptive-eval_ep_useful_onion_pickup_by_agent1': [np.float32(1.5)], 'either-mep1_3-eval_ep_useful_onion_pickup_by_agent1': [np.float32(1.5)], 'either-hsp_adaptive-eval_ep_useful_onion_pickup_by_agent1': [np.float32(1.5)], 'mep1_3-hsp_adaptive-eval_ep_onion_drop_by_agent1': [np.float32(0.9)], 'agent0-mep1_3-eval_ep_onion_drop_by_agent1': [np.float32(0.9)], 'agent1-hsp_adaptive-eval_ep_onion_drop_by_agent1': [np.float32(0.9)], 'either-mep1_3-eval_ep_onion_drop_by_agent1': [np.float32(0.9)], 'either-hsp_adaptive-eval_ep_onion_drop_by_agent1': [np.float32(0.9)], 'mep1_3-hsp_adaptive-eval_ep_useful_onion_drop_by_agent1': [np.float32(0.0)], 'agent0-mep1_3-eval_ep_useful_onion_drop_by_agent1': [np.float32(0.0)], 'agent1-hsp_adaptive-eval_ep_useful_onion_drop_by_agent1': [np.float32(0.0)], 'either-mep1_3-eval_ep_useful_onion_drop_by_agent1': [np.float32(0.0)], 'either-hsp_adaptive-eval_ep_useful_onion_drop_by_agent1': [np.float32(0.0)], 'mep1_3-hsp_adaptive-eval_ep_potting_onion_by_agent1': [np.float32(0.15)], 'agent0-mep1_3-eval_ep_potting_onion_by_agent1': [np.float32(0.15)], 'agent1-hsp_adaptive-eval_ep_potting_onion_by_agent1': [np.float32(0.15)], 'either-mep1_3-eval_ep_potting_onion_by_agent1': [np.float32(0.15)], 'either-hsp_adaptive-eval_ep_potting_onion_by_agent1': [np.float32(0.15)], 'mep1_3-hsp_adaptive-eval_ep_onion_risked_by_agent1': [np.float32(3.2)], 'agent0-mep1_3-eval_ep_onion_risked_by_agent1': [np.float32(3.2)], 'agent1-hsp_adaptive-eval_ep_onion_risked_by_agent1': [np.float32(3.2)], 'either-mep1_3-eval_ep_onion_risked_by_agent1': [np.float32(3.2)], 'either-hsp_adaptive-eval_ep_onion_risked_by_agent1': [np.float32(3.2)], 'mep1_3-hsp_adaptive-eval_ep_onion_slip_by_agent1': [np.float32(0.45)], 'agent0-mep1_3-eval_ep_onion_slip_by_agent1': [np.float32(0.45)], 'agent1-hsp_adaptive-eval_ep_onion_slip_by_agent1': [np.float32(0.45)], 'either-mep1_3-eval_ep_onion_slip_by_agent1': [np.float32(0.45)], 'either-hsp_adaptive-eval_ep_onion_slip_by_agent1': [np.float32(0.45)], 'mep1_3-hsp_adaptive-eval_ep_onion_handoff_by_agent1': [np.float32(0.15)], 'agent0-mep1_3-eval_ep_onion_handoff_by_agent1': [np.float32(0.15)], 'agent1-hsp_adaptive-eval_ep_onion_handoff_by_agent1': [np.float32(0.15)], 'either-mep1_3-eval_ep_onion_handoff_by_agent1': [np.float32(0.15)], 'either-hsp_adaptive-eval_ep_onion_handoff_by_agent1': [np.float32(0.15)], 'mep1_3-hsp_adaptive-eval_ep_dish_pickup_by_agent1': [np.float32(0.3)], 'agent0-mep1_3-eval_ep_dish_pickup_by_agent1': [np.float32(0.3)], 'agent1-hsp_adaptive-eval_ep_dish_pickup_by_agent1': [np.float32(0.3)], 'either-mep1_3-eval_ep_dish_pickup_by_agent1': [np.float32(0.3)], 'either-hsp_adaptive-eval_ep_dish_pickup_by_agent1': [np.float32(0.3)], 'mep1_3-hsp_adaptive-eval_ep_useful_dish_pickup_by_agent1': [np.float32(0.0)], 'agent0-mep1_3-eval_ep_useful_dish_pickup_by_agent1': [np.float32(0.0)], 'agent1-hsp_adaptive-eval_ep_useful_dish_pickup_by_agent1': [np.float32(0.0)], 'either-mep1_3-eval_ep_useful_dish_pickup_by_agent1': [np.float32(0.0)], 'either-hsp_adaptive-eval_ep_useful_dish_pickup_by_agent1': [np.float32(0.0)], 'mep1_3-hsp_adaptive-eval_ep_dish_drop_by_agent1': [np.float32(0.25)], 'agent0-mep1_3-eval_ep_dish_drop_by_agent1': [np.float32(0.25)], 'agent1-hsp_adaptive-eval_ep_dish_drop_by_agent1': [np.float32(0.25)], 'either-mep1_3-eval_ep_dish_drop_by_agent1': [np.float32(0.25)], 'either-hsp_adaptive-eval_ep_dish_drop_by_agent1': [np.float32(0.25)], 'mep1_3-hsp_adaptive-eval_ep_useful_dish_drop_by_agent1': [np.float32(0.2)], 'agent0-mep1_3-eval_ep_useful_dish_drop_by_agent1': [np.float32(0.2)], 'agent1-hsp_adaptive-eval_ep_useful_dish_drop_by_agent1': [np.float32(0.2)], 'either-mep1_3-eval_ep_useful_dish_drop_by_agent1': [np.float32(0.2)], 'either-hsp_adaptive-eval_ep_useful_dish_drop_by_agent1': [np.float32(0.2)], 'mep1_3-hsp_adaptive-eval_ep_dish_risked_by_agent1': [np.float32(0.4)], 'agent0-mep1_3-eval_ep_dish_risked_by_agent1': [np.float32(0.4)], 'agent1-hsp_adaptive-eval_ep_dish_risked_by_agent1': [np.float32(0.4)], 'either-mep1_3-eval_ep_dish_risked_by_agent1': [np.float32(0.4)], 'either-hsp_adaptive-eval_ep_dish_risked_by_agent1': [np.float32(0.4)], 'mep1_3-hsp_adaptive-eval_ep_dish_slip_by_agent1': [np.float32(0.05)], 'agent0-mep1_3-eval_ep_dish_slip_by_agent1': [np.float32(0.05)], 'agent1-hsp_adaptive-eval_ep_dish_slip_by_agent1': [np.float32(0.05)], 'either-mep1_3-eval_ep_dish_slip_by_agent1': [np.float32(0.05)], 'either-hsp_adaptive-eval_ep_dish_slip_by_agent1': [np.float32(0.05)], 'mep1_3-hsp_adaptive-eval_ep_dish_handoff_by_agent1': [np.float32(0.0)], 'agent0-mep1_3-eval_ep_dish_handoff_by_agent1': [np.float32(0.0)], 'agent1-hsp_adaptive-eval_ep_dish_handoff_by_agent1': [np.float32(0.0)], 'either-mep1_3-eval_ep_dish_handoff_by_agent1': [np.float32(0.0)], 'either-hsp_adaptive-eval_ep_dish_handoff_by_agent1': [np.float32(0.0)], 'mep1_3-hsp_adaptive-eval_ep_soup_pickup_by_agent1': [np.float32(0.0)], 'agent0-mep1_3-eval_ep_soup_pickup_by_agent1': [np.float32(0.0)], 'agent1-hsp_adaptive-eval_ep_soup_pickup_by_agent1': [np.float32(0.0)], 'either-mep1_3-eval_ep_soup_pickup_by_agent1': [np.float32(0.0)], 'either-hsp_adaptive-eval_ep_soup_pickup_by_agent1': [np.float32(0.0)], 'mep1_3-hsp_adaptive-eval_ep_soup_delivery_by_agent1': [np.float32(0.0)], 'agent0-mep1_3-eval_ep_soup_delivery_by_agent1': [np.float32(0.0)], 'agent1-hsp_adaptive-eval_ep_soup_delivery_by_agent1': [np.float32(0.0)], 'either-mep1_3-eval_ep_soup_delivery_by_agent1': [np.float32(0.0)], 'either-hsp_adaptive-eval_ep_soup_delivery_by_agent1': [np.float32(0.0)], 'mep1_3-hsp_adaptive-eval_ep_soup_drop_by_agent1': [np.float32(0.0)], 'agent0-mep1_3-eval_ep_soup_drop_by_agent1': [np.float32(0.0)], 'agent1-hsp_adaptive-eval_ep_soup_drop_by_agent1': [np.float32(0.0)], 'either-mep1_3-eval_ep_soup_drop_by_agent1': [np.float32(0.0)], 'either-hsp_adaptive-eval_ep_soup_drop_by_agent1': [np.float32(0.0)], 'mep1_3-hsp_adaptive-eval_ep_soup_risked_by_agent1': [np.float32(0.0)], 'agent0-mep1_3-eval_ep_soup_risked_by_agent1': [np.float32(0.0)], 'agent1-hsp_adaptive-eval_ep_soup_risked_by_agent1': [np.float32(0.0)], 'either-mep1_3-eval_ep_soup_risked_by_agent1': [np.float32(0.0)], 'either-hsp_adaptive-eval_ep_soup_risked_by_agent1': [np.float32(0.0)], 'mep1_3-hsp_adaptive-eval_ep_soup_slip_by_agent1': [np.float32(0.0)], 'agent0-mep1_3-eval_ep_soup_slip_by_agent1': [np.float32(0.0)], 'agent1-hsp_adaptive-eval_ep_soup_slip_by_agent1': [np.float32(0.0)], 'either-mep1_3-eval_ep_soup_slip_by_agent1': [np.float32(0.0)], 'either-hsp_adaptive-eval_ep_soup_slip_by_agent1': [np.float32(0.0)], 'mep1_3-hsp_adaptive-eval_ep_soup_handoff_by_agent1': [np.float32(0.0)], 'agent0-mep1_3-eval_ep_soup_handoff_by_agent1': [np.float32(0.0)], 'agent1-hsp_adaptive-eval_ep_soup_handoff_by_agent1': [np.float32(0.0)], 'either-mep1_3-eval_ep_soup_handoff_by_agent1': [np.float32(0.0)], 'either-hsp_adaptive-eval_ep_soup_handoff_by_agent1': [np.float32(0.0)], 'mep1_3-hsp_adaptive-eval_ep_optimal_onion_potting_by_agent1': [np.float32(0.15)], 'agent0-mep1_3-eval_ep_optimal_onion_potting_by_agent1': [np.float32(0.15)], 'agent1-hsp_adaptive-eval_ep_optimal_onion_potting_by_agent1': [np.float32(0.15)], 'either-mep1_3-eval_ep_optimal_onion_potting_by_agent1': [np.float32(0.15)], 'either-hsp_adaptive-eval_ep_optimal_onion_potting_by_agent1': [np.float32(0.15)], 'mep1_3-hsp_adaptive-eval_ep_optimal_tomato_potting_by_agent1': [np.float32(0.0)], 'agent0-mep1_3-eval_ep_optimal_tomato_potting_by_agent1': [np.float32(0.0)], 'agent1-hsp_adaptive-eval_ep_optimal_tomato_potting_by_agent1': [np.float32(0.0)], 'either-mep1_3-eval_ep_optimal_tomato_potting_by_agent1': [np.float32(0.0)], 'either-hsp_adaptive-eval_ep_optimal_tomato_potting_by_agent1': [np.float32(0.0)], 'mep1_3-hsp_adaptive-eval_ep_viable_onion_potting_by_agent1': [np.float32(0.15)], 'agent0-mep1_3-eval_ep_viable_onion_potting_by_agent1': [np.float32(0.15)], 'agent1-hsp_adaptive-eval_ep_viable_onion_potting_by_agent1': [np.float32(0.15)], 'either-mep1_3-eval_ep_viable_onion_potting_by_agent1': [np.float32(0.15)], 'either-hsp_adaptive-eval_ep_viable_onion_potting_by_agent1': [np.float32(0.15)], 'mep1_3-hsp_adaptive-eval_ep_viable_tomato_potting_by_agent1': [np.float32(0.0)], 'agent0-mep1_3-eval_ep_viable_tomato_potting_by_agent1': [np.float32(0.0)], 'agent1-hsp_adaptive-eval_ep_viable_tomato_potting_by_agent1': [np.float32(0.0)], 'either-mep1_3-eval_ep_viable_tomato_potting_by_agent1': [np.float32(0.0)], 'either-hsp_adaptive-eval_ep_viable_tomato_potting_by_agent1': [np.float32(0.0)], 'mep1_3-hsp_adaptive-eval_ep_catastrophic_onion_potting_by_agent1': [np.float32(0.0)], 'agent0-mep1_3-eval_ep_catastrophic_onion_potting_by_agent1': [np.float32(0.0)], 'agent1-hsp_adaptive-eval_ep_catastrophic_onion_potting_by_agent1': [np.float32(0.0)], 'either-mep1_3-eval_ep_catastrophic_onion_potting_by_agent1': [np.float32(0.0)], 'either-hsp_adaptive-eval_ep_catastrophic_onion_potting_by_agent1': [np.float32(0.0)], 'mep1_3-hsp_adaptive-eval_ep_catastrophic_tomato_potting_by_agent1': [np.float32(0.0)], 'agent0-mep1_3-eval_ep_catastrophic_tomato_potting_by_agent1': [np.float32(0.0)], 'agent1-hsp_adaptive-eval_ep_catastrophic_tomato_potting_by_agent1': [np.float32(0.0)], 'either-mep1_3-eval_ep_catastrophic_tomato_potting_by_agent1': [np.float32(0.0)], 'either-hsp_adaptive-eval_ep_catastrophic_tomato_potting_by_agent1': [np.float32(0.0)], 'mep1_3-hsp_adaptive-eval_ep_useless_onion_potting_by_agent1': [np.float32(0.0)], 'agent0-mep1_3-eval_ep_useless_onion_potting_by_agent1': [np.float32(0.0)], 'agent1-hsp_adaptive-eval_ep_useless_onion_potting_by_agent1': [np.float32(0.0)], 'either-mep1_3-eval_ep_useless_onion_potting_by_agent1': [np.float32(0.0)], 'either-hsp_adaptive-eval_ep_useless_onion_potting_by_agent1': [np.float32(0.0)], 'mep1_3-hsp_adaptive-eval_ep_useless_tomato_potting_by_agent1': [np.float32(0.0)], 'agent0-mep1_3-eval_ep_useless_tomato_potting_by_agent1': [np.float32(0.0)], 'agent1-hsp_adaptive-eval_ep_useless_tomato_potting_by_agent1': [np.float32(0.0)], 'either-mep1_3-eval_ep_useless_tomato_potting_by_agent1': [np.float32(0.0)], 'either-hsp_adaptive-eval_ep_useless_tomato_potting_by_agent1': [np.float32(0.0)], 'mep1_3-hsp_adaptive-eval_ep_empty_slip_by_agent1': [np.float32(0.0)], 'agent0-mep1_3-eval_ep_empty_slip_by_agent1': [np.float32(0.0)], 'agent1-hsp_adaptive-eval_ep_empty_slip_by_agent1': [np.float32(0.0)], 'either-mep1_3-eval_ep_empty_slip_by_agent1': [np.float32(0.0)], 'either-hsp_adaptive-eval_ep_empty_slip_by_agent1': [np.float32(0.0)], 'mep1_3-hsp_adaptive-eval_ep_sparse_r_by_agent0': [np.float64(0.0)], 'agent0-mep1_3-eval_ep_sparse_r_by_agent0': [np.float64(0.0)], 'agent1-hsp_adaptive-eval_ep_sparse_r_by_agent0': [np.float64(0.0)], 'either-mep1_3-eval_ep_sparse_r_by_agent0': [np.float64(0.0)], 'either-hsp_adaptive-eval_ep_sparse_r_by_agent0': [np.float64(0.0)], 'mep1_3-hsp_adaptive-eval_ep_shaped_r_by_agent0': [np.float64(0.45)], 'agent0-mep1_3-eval_ep_shaped_r_by_agent0': [np.float64(0.45)], 'agent1-hsp_adaptive-eval_ep_shaped_r_by_agent0': [np.float64(0.45)], 'either-mep1_3-eval_ep_shaped_r_by_agent0': [np.float64(0.45)], 'either-hsp_adaptive-eval_ep_shaped_r_by_agent0': [np.float64(0.45)], 'mep1_3-hsp_adaptive-eval_ep_sparse_r_by_agent1': [np.float64(0.0)], 'agent0-mep1_3-eval_ep_sparse_r_by_agent1': [np.float64(0.0)], 'agent1-hsp_adaptive-eval_ep_sparse_r_by_agent1': [np.float64(0.0)], 'either-mep1_3-eval_ep_sparse_r_by_agent1': [np.float64(0.0)], 'either-hsp_adaptive-eval_ep_sparse_r_by_agent1': [np.float64(0.0)], 'mep1_3-hsp_adaptive-eval_ep_shaped_r_by_agent1': [np.float64(0.45)], 'agent0-mep1_3-eval_ep_shaped_r_by_agent1': [np.float64(0.45)], 'agent1-hsp_adaptive-eval_ep_shaped_r_by_agent1': [np.float64(0.45)], 'either-mep1_3-eval_ep_shaped_r_by_agent1': [np.float64(0.45)], 'either-hsp_adaptive-eval_ep_shaped_r_by_agent1': [np.float64(0.45)], 'mep1_3-hsp_adaptive-eval_ep_sparse_r': [np.float64(0.0)], 'agent0-mep1_3-eval_ep_sparse_r': [np.float64(0.0)], 'agent1-hsp_adaptive-eval_ep_sparse_r': [np.float64(0.0)], 'either-mep1_3-eval_ep_sparse_r': [np.float64(0.0)], 'either-hsp_adaptive-eval_ep_sparse_r': [np.float64(0.0)], 'mep1_3-hsp_adaptive-eval_ep_shaped_r': [np.float64(0.9)], 'agent0-mep1_3-eval_ep_shaped_r': [np.float64(0.9)], 'agent1-hsp_adaptive-eval_ep_shaped_r': [np.float64(0.9)], 'either-mep1_3-eval_ep_shaped_r': [np.float64(0.9)], 'either-hsp_adaptive-eval_ep_shaped_r': [np.float64(0.9)]}
{'mep1_3-hsp_adaptive-eval_ep_sparse_r_by_agent0': [np.float64(0.0)], 'agent0-mep1_3-eval_ep_sparse_r_by_agent0': [np.float64(0.0)], 'agent1-hsp_adaptive-eval_ep_sparse_r_by_agent0': [np.float64(0.0)], 'either-mep1_3-eval_ep_sparse_r_by_agent0': [np.float64(0.0)], 'either-hsp_adaptive-eval_ep_sparse_r_by_agent0': [np.float64(0.0)], 'mep1_3-hsp_adaptive-eval_ep_sparse_r_by_agent1': [np.float64(0.0)], 'agent0-mep1_3-eval_ep_sparse_r_by_agent1': [np.float64(0.0)], 'agent1-hsp_adaptive-eval_ep_sparse_r_by_agent1': [np.float64(0.0)], 'either-mep1_3-eval_ep_sparse_r_by_agent1': [np.float64(0.0)], 'either-hsp_adaptive-eval_ep_sparse_r_by_agent1': [np.float64(0.0)], 'mep1_3-hsp_adaptive-eval_ep_sparse_r': [np.float64(0.0)], 'agent0-mep1_3-eval_ep_sparse_r': [np.float64(0.0)], 'agent1-hsp_adaptive-eval_ep_sparse_r': [np.float64(0.0)], 'either-mep1_3-eval_ep_sparse_r': [np.float64(0.0)], 'either-hsp_adaptive-eval_ep_sparse_r': [np.float64(0.0)]}
