CUDA_VISIBLE_DEVICES=3
N_ROLLOUT_THREADS=4
RISKY_ROOT=/home/isl_jhoh/CoRL/risky
/home/isl_jhoh/miniconda3/envs/corl/lib/python3.10/site-packages/pygame/pkgdata.py:25: UserWarning: pkg_resources is deprecated as an API. See https://setuptools.pypa.io/en/latest/pkg_resources.html. The pkg_resources package is slated for removal as early as 2025-11-30. Refrain from using this package or pin to Setuptools<81.
  from pkg_resources import resource_stream, resource_exists
pygame 2.6.1 (SDL 2.28.4, Python 3.10.20)
Hello from the pygame community. https://www.pygame.org/contribute.html
wrote /home/isl_jhoh/CoRL/transplant/policy_pool/risky_multipath/policy_config/mlp_policy_config.pkl
wrote /home/isl_jhoh/CoRL/transplant/policy_pool/risky_multipath/policy_config/rnn_policy_config.pkl
wrote /home/isl_jhoh/CoRL/transplant/policy_pool/risky_multipath/mep/s1/train.yml
/home/isl_jhoh/miniconda3/envs/corl/lib/python3.10/site-packages/pygame/pkgdata.py:25: UserWarning: pkg_resources is deprecated as an API. See https://setuptools.pypa.io/en/latest/pkg_resources.html. The pkg_resources package is slated for removal as early as 2025-11-30. Refrain from using this package or pin to Setuptools<81.
  from pkg_resources import resource_stream, resource_exists
pygame 2.6.1 (SDL 2.28.4, Python 3.10.20)
Hello from the pygame community. https://www.pygame.org/contribute.html
bootstrap:
  transplant_root: /home/isl_jhoh/CoRL/transplant
  corl_root: /home/isl_jhoh/CoRL
  hsp_root: /home/isl_jhoh/CoRL/HSP
  risky_root: /home/isl_jhoh/CoRL/risky
  risky_src: /home/isl_jhoh/CoRL/risky/src
  compat_root: /home/isl_jhoh/CoRL/transplant/compat
  policy_pool_root: /home/isl_jhoh/CoRL/transplant/policy_pool
reset:
  obs: [(7, 6, 28), (7, 6, 28)]
  share_obs: (2, 7, 6, 56)
  available_actions: (2, 6), uint8
  render rgb_array: shape=(928, 1056, 3), dtype=uint8, min=0, max=255
  step 1: action=[1, 2] reward=[[0.0], [0.0]] done=[False, False]
  step 2: action=[4, 2] reward=[[0.0], [0.0]] done=[False, False]
  step 3: action=[4, 4] reward=[[0.0], [0.0]] done=[False, False]
  step 4: action=[3, 2] reward=[[0.0], [0.0]] done=[False, False]
  step 5: action=[5, 3] reward=[[0.0], [0.0]] done=[False, False]
last info keys: ['agent_infos', 'mdp_info', 'phi_s', 'phi_s_prime', 'risky_event_counts', 'risky_event_infos', 'shaped_info_by_agent', 'shaped_r_by_agent', 'sparse_r_by_agent', 'step_shaped_info_by_agent', 'stuck', 'vec_shaped_info_by_agent']
  risky event dim: 38
  vec_shaped_info_by_agent: (2, 38)
  render gif: /home/isl_jhoh/CoRL/transplant/results/smoke_render/gifs/risky_multipath/traj_num_1/reward_0.gif
smoke check complete
/home/isl_jhoh/miniconda3/envs/corl/lib/python3.10/site-packages/pygame/pkgdata.py:25: UserWarning: pkg_resources is deprecated as an API. See https://setuptools.pypa.io/en/latest/pkg_resources.html. The pkg_resources package is slated for removal as early as 2025-11-30. Refrain from using this package or pin to Setuptools<81.
  from pkg_resources import resource_stream, resource_exists
pygame 2.6.1 (SDL 2.28.4, Python 3.10.20)
Hello from the pygame community. https://www.pygame.org/contribute.html
wrote /home/isl_jhoh/CoRL/transplant/policy_pool/risky_multipath/policy_config/mlp_policy_config.pkl
wrote /home/isl_jhoh/CoRL/transplant/policy_pool/risky_multipath/policy_config/rnn_policy_config.pkl
wrote /home/isl_jhoh/CoRL/transplant/policy_pool/risky_multipath/mep/s1/train.yml
/home/isl_jhoh/miniconda3/envs/corl/lib/python3.10/site-packages/pygame/pkgdata.py:25: UserWarning: pkg_resources is deprecated as an API. See https://setuptools.pypa.io/en/latest/pkg_resources.html. The pkg_resources package is slated for removal as early as 2025-11-30. Refrain from using this package or pin to Setuptools<81.
  from pkg_resources import resource_stream, resource_exists
pygame 2.6.1 (SDL 2.28.4, Python 3.10.20)
Hello from the pygame community. https://www.pygame.org/contribute.html
choose to use gpu...
/home/isl_jhoh/CoRL/HSP/hsp/algorithms/population/policy_pool.py:63: UserWarning: Policy pool currently loads all checkpoints into gpu, consider load into cpu latter...
  warnings.warn("Policy pool currently loads all checkpoints into gpu, consider load into cpu latter...")
Pickle dump policy config at /home/isl_jhoh/CoRL/transplant/results/RiskyOvercooked/risky_multipath/mep/mep-S1/run2/policy_config.pkl
population_yaml_path:  /home/isl_jhoh/CoRL/transplant/policy_pool/risky_multipath/mep/s1/train.yml
config loaded
dict_keys(['mep1', 'mep2', 'mep3', 'mep4', 'mep5', 'mep6', 'mep7', 'mep8', 'mep9', 'mep10', 'mep11', 'mep12']) 12 1
population_size: 12, 12

 Layout risky_multipath Algo mep Exp mep-S1 updates 0/150 episodes, total num timesteps 1600/240000, FPS 491.

average episode rewards is {'mep1': np.float32(0.375)}

 Layout risky_multipath Algo mep Exp mep-S1 updates 1/150 episodes, total num timesteps 3200/240000, FPS 523.

average episode rewards is {'mep1': np.float32(0.375), 'mep10': np.float32(0.375)}

 Layout risky_multipath Algo mep Exp mep-S1 updates 2/150 episodes, total num timesteps 4800/240000, FPS 544.

average episode rewards is {'mep1': np.float32(0.375), 'mep10': np.float32(0.375), 'mep11': np.float32(0.0)}

 Layout risky_multipath Algo mep Exp mep-S1 updates 3/150 episodes, total num timesteps 6400/240000, FPS 560.

average episode rewards is {'mep1': np.float32(0.375), 'mep10': np.float32(0.375), 'mep11': np.float32(0.0), 'mep12': np.float32(0.375)}

 Layout risky_multipath Algo mep Exp mep-S1 updates 4/150 episodes, total num timesteps 8000/240000, FPS 564.

average episode rewards is {'mep1': np.float32(0.375), 'mep10': np.float32(0.375), 'mep11': np.float32(0.0), 'mep12': np.float32(0.375), 'mep2': np.float32(0.0)}

 Layout risky_multipath Algo mep Exp mep-S1 updates 5/150 episodes, total num timesteps 9600/240000, FPS 572.

average episode rewards is {'mep1': np.float32(0.375), 'mep10': np.float32(0.375), 'mep11': np.float32(0.0), 'mep12': np.float32(0.375), 'mep2': np.float32(0.0), 'mep3': np.float32(0.375)}

 Layout risky_multipath Algo mep Exp mep-S1 updates 6/150 episodes, total num timesteps 11200/240000, FPS 579.

average episode rewards is {'mep1': np.float32(0.375), 'mep10': np.float32(0.375), 'mep11': np.float32(0.0), 'mep12': np.float32(0.375), 'mep2': np.float32(0.0), 'mep3': np.float32(0.375), 'mep4': np.float32(0.375)}

 Layout risky_multipath Algo mep Exp mep-S1 updates 7/150 episodes, total num timesteps 12800/240000, FPS 584.

average episode rewards is {'mep1': np.float32(0.375), 'mep10': np.float32(0.375), 'mep11': np.float32(0.0), 'mep12': np.float32(0.375), 'mep2': np.float32(0.0), 'mep3': np.float32(0.375), 'mep4': np.float32(0.375), 'mep5': np.float32(0.0)}

 Layout risky_multipath Algo mep Exp mep-S1 updates 8/150 episodes, total num timesteps 14400/240000, FPS 587.

average episode rewards is {'mep1': np.float32(0.375), 'mep10': np.float32(0.375), 'mep11': np.float32(0.0), 'mep12': np.float32(0.375), 'mep2': np.float32(0.0), 'mep3': np.float32(0.375), 'mep4': np.float32(0.375), 'mep5': np.float32(0.0), 'mep6': np.float32(1.5)}

 Layout risky_multipath Algo mep Exp mep-S1 updates 9/150 episodes, total num timesteps 16000/240000, FPS 590.

average episode rewards is {'mep1': np.float32(0.375), 'mep10': np.float32(0.375), 'mep11': np.float32(0.0), 'mep12': np.float32(0.375), 'mep2': np.float32(0.0), 'mep3': np.float32(0.375), 'mep4': np.float32(0.375), 'mep5': np.float32(0.0), 'mep6': np.float32(1.5), 'mep7': np.float32(0.375)}

 Layout risky_multipath Algo mep Exp mep-S1 updates 10/150 episodes, total num timesteps 17600/240000, FPS 593.

average episode rewards is {'mep1': np.float32(0.375), 'mep10': np.float32(0.375), 'mep11': np.float32(0.0), 'mep12': np.float32(0.375), 'mep2': np.float32(0.0), 'mep3': np.float32(0.375), 'mep4': np.float32(0.375), 'mep5': np.float32(0.0), 'mep6': np.float32(1.5), 'mep7': np.float32(0.375), 'mep8': np.float32(0.0)}

 Layout risky_multipath Algo mep Exp mep-S1 updates 11/150 episodes, total num timesteps 19200/240000, FPS 595.

average episode rewards is {'mep1': np.float32(0.375), 'mep10': np.float32(0.375), 'mep11': np.float32(0.0), 'mep12': np.float32(0.375), 'mep2': np.float32(0.0), 'mep3': np.float32(0.375), 'mep4': np.float32(0.375), 'mep5': np.float32(0.0), 'mep6': np.float32(1.5), 'mep7': np.float32(0.375), 'mep8': np.float32(0.0), 'mep9': np.float32(0.75)}

 Layout risky_multipath Algo mep Exp mep-S1 updates 12/150 episodes, total num timesteps 20800/240000, FPS 597.

average episode rewards is {'mep1': np.float32(0.75), 'mep10': np.float32(0.375), 'mep11': np.float32(0.0), 'mep12': np.float32(0.375), 'mep2': np.float32(0.0), 'mep3': np.float32(0.375), 'mep4': np.float32(0.375), 'mep5': np.float32(0.0), 'mep6': np.float32(1.5), 'mep7': np.float32(0.375), 'mep8': np.float32(0.0), 'mep9': np.float32(0.75)}

 Layout risky_multipath Algo mep Exp mep-S1 updates 13/150 episodes, total num timesteps 22400/240000, FPS 596.

average episode rewards is {'mep1': np.float32(0.75), 'mep10': np.float32(0.0), 'mep11': np.float32(0.0), 'mep12': np.float32(0.375), 'mep2': np.float32(0.0), 'mep3': np.float32(0.375), 'mep4': np.float32(0.375), 'mep5': np.float32(0.0), 'mep6': np.float32(1.5), 'mep7': np.float32(0.375), 'mep8': np.float32(0.0), 'mep9': np.float32(0.75)}

 Layout risky_multipath Algo mep Exp mep-S1 updates 14/150 episodes, total num timesteps 24000/240000, FPS 597.

average episode rewards is {'mep1': np.float32(0.75), 'mep10': np.float32(0.0), 'mep11': np.float32(1.125), 'mep12': np.float32(0.375), 'mep2': np.float32(0.0), 'mep3': np.float32(0.375), 'mep4': np.float32(0.375), 'mep5': np.float32(0.0), 'mep6': np.float32(1.5), 'mep7': np.float32(0.375), 'mep8': np.float32(0.0), 'mep9': np.float32(0.75)}

 Layout risky_multipath Algo mep Exp mep-S1 updates 15/150 episodes, total num timesteps 25600/240000, FPS 599.

average episode rewards is {'mep1': np.float32(0.75), 'mep10': np.float32(0.0), 'mep11': np.float32(1.125), 'mep12': np.float32(0.375), 'mep2': np.float32(0.0), 'mep3': np.float32(0.375), 'mep4': np.float32(0.375), 'mep5': np.float32(0.0), 'mep6': np.float32(1.5), 'mep7': np.float32(0.375), 'mep8': np.float32(0.0), 'mep9': np.float32(0.75)}

 Layout risky_multipath Algo mep Exp mep-S1 updates 16/150 episodes, total num timesteps 27200/240000, FPS 600.

average episode rewards is {'mep1': np.float32(0.75), 'mep10': np.float32(0.0), 'mep11': np.float32(1.125), 'mep12': np.float32(0.375), 'mep2': np.float32(0.0), 'mep3': np.float32(0.375), 'mep4': np.float32(0.375), 'mep5': np.float32(0.0), 'mep6': np.float32(1.5), 'mep7': np.float32(0.375), 'mep8': np.float32(0.0), 'mep9': np.float32(0.75)}

 Layout risky_multipath Algo mep Exp mep-S1 updates 17/150 episodes, total num timesteps 28800/240000, FPS 601.

average episode rewards is {'mep1': np.float32(0.75), 'mep10': np.float32(0.0), 'mep11': np.float32(1.125), 'mep12': np.float32(0.375), 'mep2': np.float32(0.0), 'mep3': np.float32(0.0), 'mep4': np.float32(0.375), 'mep5': np.float32(0.0), 'mep6': np.float32(1.5), 'mep7': np.float32(0.375), 'mep8': np.float32(0.0), 'mep9': np.float32(0.75)}

 Layout risky_multipath Algo mep Exp mep-S1 updates 18/150 episodes, total num timesteps 30400/240000, FPS 602.

average episode rewards is {'mep1': np.float32(0.75), 'mep10': np.float32(0.0), 'mep11': np.float32(1.125), 'mep12': np.float32(0.375), 'mep2': np.float32(0.0), 'mep3': np.float32(0.0), 'mep4': np.float32(0.375), 'mep5': np.float32(0.0), 'mep6': np.float32(1.5), 'mep7': np.float32(0.375), 'mep8': np.float32(0.0), 'mep9': np.float32(0.75)}

 Layout risky_multipath Algo mep Exp mep-S1 updates 19/150 episodes, total num timesteps 32000/240000, FPS 603.

average episode rewards is {'mep1': np.float32(0.75), 'mep10': np.float32(0.0), 'mep11': np.float32(1.125), 'mep12': np.float32(0.375), 'mep2': np.float32(0.0), 'mep3': np.float32(0.0), 'mep4': np.float32(0.375), 'mep5': np.float32(0.75), 'mep6': np.float32(1.5), 'mep7': np.float32(0.375), 'mep8': np.float32(0.0), 'mep9': np.float32(0.75)}

 Layout risky_multipath Algo mep Exp mep-S1 updates 20/150 episodes, total num timesteps 33600/240000, FPS 604.

average episode rewards is {'mep1': np.float32(0.75), 'mep10': np.float32(0.0), 'mep11': np.float32(1.125), 'mep12': np.float32(0.375), 'mep2': np.float32(0.0), 'mep3': np.float32(0.0), 'mep4': np.float32(0.375), 'mep5': np.float32(0.75), 'mep6': np.float32(1.5), 'mep7': np.float32(0.375), 'mep8': np.float32(0.0), 'mep9': np.float32(0.75)}

 Layout risky_multipath Algo mep Exp mep-S1 updates 21/150 episodes, total num timesteps 35200/240000, FPS 604.

average episode rewards is {'mep1': np.float32(0.75), 'mep10': np.float32(0.0), 'mep11': np.float32(1.125), 'mep12': np.float32(0.375), 'mep2': np.float32(0.0), 'mep3': np.float32(0.0), 'mep4': np.float32(0.375), 'mep5': np.float32(0.75), 'mep6': np.float32(1.5), 'mep7': np.float32(0.375), 'mep8': np.float32(0.0), 'mep9': np.float32(0.75)}

 Layout risky_multipath Algo mep Exp mep-S1 updates 22/150 episodes, total num timesteps 36800/240000, FPS 604.

average episode rewards is {'mep1': np.float32(0.75), 'mep10': np.float32(0.0), 'mep11': np.float32(1.125), 'mep12': np.float32(0.375), 'mep2': np.float32(0.0), 'mep3': np.float32(0.0), 'mep4': np.float32(0.375), 'mep5': np.float32(0.75), 'mep6': np.float32(1.5), 'mep7': np.float32(0.375), 'mep8': np.float32(0.0), 'mep9': np.float32(0.75)}

 Layout risky_multipath Algo mep Exp mep-S1 updates 23/150 episodes, total num timesteps 38400/240000, FPS 604.

average episode rewards is {'mep1': np.float32(0.75), 'mep10': np.float32(0.0), 'mep11': np.float32(1.125), 'mep12': np.float32(0.375), 'mep2': np.float32(0.0), 'mep3': np.float32(0.0), 'mep4': np.float32(0.375), 'mep5': np.float32(0.75), 'mep6': np.float32(1.5), 'mep7': np.float32(0.375), 'mep8': np.float32(0.0), 'mep9': np.float32(0.75)}

 Layout risky_multipath Algo mep Exp mep-S1 updates 24/150 episodes, total num timesteps 40000/240000, FPS 605.

average episode rewards is {'mep1': np.float32(0.75), 'mep10': np.float32(0.0), 'mep11': np.float32(1.125), 'mep12': np.float32(0.375), 'mep2': np.float32(0.0), 'mep3': np.float32(0.0), 'mep4': np.float32(0.375), 'mep5': np.float32(0.75), 'mep6': np.float32(1.5), 'mep7': np.float32(0.375), 'mep8': np.float32(0.0), 'mep9': np.float32(0.75)}

 Layout risky_multipath Algo mep Exp mep-S1 updates 25/150 episodes, total num timesteps 41600/240000, FPS 605.

average episode rewards is {'mep1': np.float32(0.75), 'mep10': np.float32(0.0), 'mep11': np.float32(1.125), 'mep12': np.float32(0.375), 'mep2': np.float32(0.0), 'mep3': np.float32(0.0), 'mep4': np.float32(0.375), 'mep5': np.float32(0.75), 'mep6': np.float32(1.5), 'mep7': np.float32(0.375), 'mep8': np.float32(0.0), 'mep9': np.float32(0.75)}

 Layout risky_multipath Algo mep Exp mep-S1 updates 26/150 episodes, total num timesteps 43200/240000, FPS 605.

average episode rewards is {'mep1': np.float32(0.75), 'mep10': np.float32(0.0), 'mep11': np.float32(0.0), 'mep12': np.float32(0.375), 'mep2': np.float32(0.0), 'mep3': np.float32(0.0), 'mep4': np.float32(0.375), 'mep5': np.float32(0.75), 'mep6': np.float32(1.5), 'mep7': np.float32(0.375), 'mep8': np.float32(0.0), 'mep9': np.float32(0.75)}

 Layout risky_multipath Algo mep Exp mep-S1 updates 27/150 episodes, total num timesteps 44800/240000, FPS 605.

average episode rewards is {'mep1': np.float32(0.75), 'mep10': np.float32(0.0), 'mep11': np.float32(0.0), 'mep12': np.float32(0.75), 'mep2': np.float32(0.0), 'mep3': np.float32(0.0), 'mep4': np.float32(0.375), 'mep5': np.float32(0.75), 'mep6': np.float32(1.5), 'mep7': np.float32(0.375), 'mep8': np.float32(0.0), 'mep9': np.float32(0.75)}

 Layout risky_multipath Algo mep Exp mep-S1 updates 28/150 episodes, total num timesteps 46400/240000, FPS 605.

average episode rewards is {'mep1': np.float32(0.75), 'mep10': np.float32(0.0), 'mep11': np.float32(0.0), 'mep12': np.float32(0.75), 'mep2': np.float32(0.375), 'mep3': np.float32(0.0), 'mep4': np.float32(0.375), 'mep5': np.float32(0.75), 'mep6': np.float32(1.5), 'mep7': np.float32(0.375), 'mep8': np.float32(0.0), 'mep9': np.float32(0.75)}

 Layout risky_multipath Algo mep Exp mep-S1 updates 29/150 episodes, total num timesteps 48000/240000, FPS 606.

average episode rewards is {'mep1': np.float32(0.75), 'mep10': np.float32(0.0), 'mep11': np.float32(0.0), 'mep12': np.float32(0.75), 'mep2': np.float32(0.375), 'mep3': np.float32(0.0), 'mep4': np.float32(0.375), 'mep5': np.float32(0.75), 'mep6': np.float32(1.5), 'mep7': np.float32(0.375), 'mep8': np.float32(0.0), 'mep9': np.float32(0.75)}

 Layout risky_multipath Algo mep Exp mep-S1 updates 30/150 episodes, total num timesteps 49600/240000, FPS 606.

average episode rewards is {'mep1': np.float32(0.75), 'mep10': np.float32(0.0), 'mep11': np.float32(0.0), 'mep12': np.float32(0.75), 'mep2': np.float32(0.375), 'mep3': np.float32(0.0), 'mep4': np.float32(0.75), 'mep5': np.float32(0.75), 'mep6': np.float32(1.5), 'mep7': np.float32(0.375), 'mep8': np.float32(0.0), 'mep9': np.float32(0.75)}

 Layout risky_multipath Algo mep Exp mep-S1 updates 31/150 episodes, total num timesteps 51200/240000, FPS 606.

average episode rewards is {'mep1': np.float32(0.75), 'mep10': np.float32(0.0), 'mep11': np.float32(0.0), 'mep12': np.float32(0.75), 'mep2': np.float32(0.375), 'mep3': np.float32(0.0), 'mep4': np.float32(0.75), 'mep5': np.float32(0.75), 'mep6': np.float32(1.5), 'mep7': np.float32(0.375), 'mep8': np.float32(0.0), 'mep9': np.float32(0.75)}

 Layout risky_multipath Algo mep Exp mep-S1 updates 32/150 episodes, total num timesteps 52800/240000, FPS 606.

average episode rewards is {'mep1': np.float32(0.75), 'mep10': np.float32(0.0), 'mep11': np.float32(0.0), 'mep12': np.float32(0.75), 'mep2': np.float32(0.375), 'mep3': np.float32(0.0), 'mep4': np.float32(0.75), 'mep5': np.float32(0.75), 'mep6': np.float32(0.75), 'mep7': np.float32(0.375), 'mep8': np.float32(0.0), 'mep9': np.float32(0.75)}

 Layout risky_multipath Algo mep Exp mep-S1 updates 33/150 episodes, total num timesteps 54400/240000, FPS 607.

average episode rewards is {'mep1': np.float32(0.75), 'mep10': np.float32(0.0), 'mep11': np.float32(0.0), 'mep12': np.float32(0.75), 'mep2': np.float32(0.375), 'mep3': np.float32(0.0), 'mep4': np.float32(0.75), 'mep5': np.float32(0.75), 'mep6': np.float32(0.75), 'mep7': np.float32(0.375), 'mep8': np.float32(0.0), 'mep9': np.float32(0.75)}

 Layout risky_multipath Algo mep Exp mep-S1 updates 34/150 episodes, total num timesteps 56000/240000, FPS 607.

average episode rewards is {'mep1': np.float32(0.75), 'mep10': np.float32(0.0), 'mep11': np.float32(0.0), 'mep12': np.float32(0.75), 'mep2': np.float32(0.375), 'mep3': np.float32(0.0), 'mep4': np.float32(0.75), 'mep5': np.float32(0.75), 'mep6': np.float32(0.75), 'mep7': np.float32(0.375), 'mep8': np.float32(0.0), 'mep9': np.float32(0.75)}

 Layout risky_multipath Algo mep Exp mep-S1 updates 35/150 episodes, total num timesteps 57600/240000, FPS 607.

average episode rewards is {'mep1': np.float32(0.75), 'mep10': np.float32(0.0), 'mep11': np.float32(0.0), 'mep12': np.float32(0.75), 'mep2': np.float32(0.375), 'mep3': np.float32(0.0), 'mep4': np.float32(0.75), 'mep5': np.float32(0.75), 'mep6': np.float32(0.75), 'mep7': np.float32(0.375), 'mep8': np.float32(0.0), 'mep9': np.float32(1.8750001)}

 Layout risky_multipath Algo mep Exp mep-S1 updates 36/150 episodes, total num timesteps 59200/240000, FPS 607.

average episode rewards is {'mep1': np.float32(1.125), 'mep10': np.float32(0.0), 'mep11': np.float32(0.0), 'mep12': np.float32(0.75), 'mep2': np.float32(0.375), 'mep3': np.float32(0.0), 'mep4': np.float32(0.75), 'mep5': np.float32(0.75), 'mep6': np.float32(0.75), 'mep7': np.float32(0.375), 'mep8': np.float32(0.0), 'mep9': np.float32(1.8750001)}

 Layout risky_multipath Algo mep Exp mep-S1 updates 37/150 episodes, total num timesteps 60800/240000, FPS 608.

average episode rewards is {'mep1': np.float32(1.125), 'mep10': np.float32(0.0), 'mep11': np.float32(0.0), 'mep12': np.float32(0.75), 'mep2': np.float32(0.375), 'mep3': np.float32(0.0), 'mep4': np.float32(0.75), 'mep5': np.float32(0.75), 'mep6': np.float32(0.75), 'mep7': np.float32(0.375), 'mep8': np.float32(0.0), 'mep9': np.float32(1.8750001)}

 Layout risky_multipath Algo mep Exp mep-S1 updates 38/150 episodes, total num timesteps 62400/240000, FPS 608.

average episode rewards is {'mep1': np.float32(1.125), 'mep10': np.float32(0.0), 'mep11': np.float32(0.375), 'mep12': np.float32(0.75), 'mep2': np.float32(0.375), 'mep3': np.float32(0.0), 'mep4': np.float32(0.75), 'mep5': np.float32(0.75), 'mep6': np.float32(0.75), 'mep7': np.float32(0.375), 'mep8': np.float32(0.0), 'mep9': np.float32(1.8750001)}

 Layout risky_multipath Algo mep Exp mep-S1 updates 39/150 episodes, total num timesteps 64000/240000, FPS 608.

average episode rewards is {'mep1': np.float32(1.125), 'mep10': np.float32(0.0), 'mep11': np.float32(0.375), 'mep12': np.float32(1.125), 'mep2': np.float32(0.375), 'mep3': np.float32(0.0), 'mep4': np.float32(0.75), 'mep5': np.float32(0.75), 'mep6': np.float32(0.75), 'mep7': np.float32(0.375), 'mep8': np.float32(0.0), 'mep9': np.float32(1.8750001)}

 Layout risky_multipath Algo mep Exp mep-S1 updates 40/150 episodes, total num timesteps 65600/240000, FPS 608.

average episode rewards is {'mep1': np.float32(1.125), 'mep10': np.float32(0.0), 'mep11': np.float32(0.375), 'mep12': np.float32(1.125), 'mep2': np.float32(0.0), 'mep3': np.float32(0.0), 'mep4': np.float32(0.75), 'mep5': np.float32(0.75), 'mep6': np.float32(0.75), 'mep7': np.float32(0.375), 'mep8': np.float32(0.0), 'mep9': np.float32(1.8750001)}

 Layout risky_multipath Algo mep Exp mep-S1 updates 41/150 episodes, total num timesteps 67200/240000, FPS 609.

average episode rewards is {'mep1': np.float32(1.125), 'mep10': np.float32(0.0), 'mep11': np.float32(0.375), 'mep12': np.float32(1.125), 'mep2': np.float32(0.0), 'mep3': np.float32(0.0), 'mep4': np.float32(0.75), 'mep5': np.float32(0.75), 'mep6': np.float32(0.75), 'mep7': np.float32(0.375), 'mep8': np.float32(0.0), 'mep9': np.float32(1.8750001)}

 Layout risky_multipath Algo mep Exp mep-S1 updates 42/150 episodes, total num timesteps 68800/240000, FPS 609.

average episode rewards is {'mep1': np.float32(1.125), 'mep10': np.float32(0.0), 'mep11': np.float32(0.375), 'mep12': np.float32(1.125), 'mep2': np.float32(0.0), 'mep3': np.float32(0.0), 'mep4': np.float32(0.0), 'mep5': np.float32(0.75), 'mep6': np.float32(0.75), 'mep7': np.float32(0.375), 'mep8': np.float32(0.0), 'mep9': np.float32(1.8750001)}

 Layout risky_multipath Algo mep Exp mep-S1 updates 43/150 episodes, total num timesteps 70400/240000, FPS 609.

average episode rewards is {'mep1': np.float32(1.125), 'mep10': np.float32(0.0), 'mep11': np.float32(0.375), 'mep12': np.float32(1.125), 'mep2': np.float32(0.0), 'mep3': np.float32(0.0), 'mep4': np.float32(0.0), 'mep5': np.float32(0.375), 'mep6': np.float32(0.75), 'mep7': np.float32(0.375), 'mep8': np.float32(0.0), 'mep9': np.float32(1.8750001)}

 Layout risky_multipath Algo mep Exp mep-S1 updates 44/150 episodes, total num timesteps 72000/240000, FPS 609.

average episode rewards is {'mep1': np.float32(1.125), 'mep10': np.float32(0.0), 'mep11': np.float32(0.375), 'mep12': np.float32(1.125), 'mep2': np.float32(0.0), 'mep3': np.float32(0.0), 'mep4': np.float32(0.0), 'mep5': np.float32(0.375), 'mep6': np.float32(1.125), 'mep7': np.float32(0.375), 'mep8': np.float32(0.0), 'mep9': np.float32(1.8750001)}

 Layout risky_multipath Algo mep Exp mep-S1 updates 45/150 episodes, total num timesteps 73600/240000, FPS 609.

average episode rewards is {'mep1': np.float32(1.125), 'mep10': np.float32(0.0), 'mep11': np.float32(0.375), 'mep12': np.float32(1.125), 'mep2': np.float32(0.0), 'mep3': np.float32(0.0), 'mep4': np.float32(0.0), 'mep5': np.float32(0.375), 'mep6': np.float32(1.125), 'mep7': np.float32(1.5), 'mep8': np.float32(0.0), 'mep9': np.float32(1.8750001)}

 Layout risky_multipath Algo mep Exp mep-S1 updates 46/150 episodes, total num timesteps 75200/240000, FPS 610.

average episode rewards is {'mep1': np.float32(1.125), 'mep10': np.float32(0.0), 'mep11': np.float32(0.375), 'mep12': np.float32(1.125), 'mep2': np.float32(0.0), 'mep3': np.float32(0.0), 'mep4': np.float32(0.0), 'mep5': np.float32(0.375), 'mep6': np.float32(1.125), 'mep7': np.float32(1.5), 'mep8': np.float32(0.0), 'mep9': np.float32(1.8750001)}

 Layout risky_multipath Algo mep Exp mep-S1 updates 47/150 episodes, total num timesteps 76800/240000, FPS 610.

average episode rewards is {'mep1': np.float32(1.125), 'mep10': np.float32(0.0), 'mep11': np.float32(0.375), 'mep12': np.float32(1.125), 'mep2': np.float32(0.0), 'mep3': np.float32(0.0), 'mep4': np.float32(0.0), 'mep5': np.float32(0.375), 'mep6': np.float32(1.125), 'mep7': np.float32(1.5), 'mep8': np.float32(0.0), 'mep9': np.float32(0.75)}

 Layout risky_multipath Algo mep Exp mep-S1 updates 48/150 episodes, total num timesteps 78400/240000, FPS 610.

average episode rewards is {'mep1': np.float32(1.8750001), 'mep10': np.float32(0.0), 'mep11': np.float32(0.375), 'mep12': np.float32(1.125), 'mep2': np.float32(0.0), 'mep3': np.float32(0.0), 'mep4': np.float32(0.0), 'mep5': np.float32(0.375), 'mep6': np.float32(1.125), 'mep7': np.float32(1.5), 'mep8': np.float32(0.0), 'mep9': np.float32(0.75)}

 Layout risky_multipath Algo mep Exp mep-S1 updates 49/150 episodes, total num timesteps 80000/240000, FPS 610.

average episode rewards is {'mep1': np.float32(1.8750001), 'mep10': np.float32(0.0), 'mep11': np.float32(0.375), 'mep12': np.float32(1.125), 'mep2': np.float32(0.0), 'mep3': np.float32(0.0), 'mep4': np.float32(0.0), 'mep5': np.float32(0.375), 'mep6': np.float32(1.125), 'mep7': np.float32(1.5), 'mep8': np.float32(0.0), 'mep9': np.float32(0.75)}

 Layout risky_multipath Algo mep Exp mep-S1 updates 50/150 episodes, total num timesteps 81600/240000, FPS 610.

average episode rewards is {'mep1': np.float32(1.8750001), 'mep10': np.float32(0.0), 'mep11': np.float32(0.75), 'mep12': np.float32(1.125), 'mep2': np.float32(0.0), 'mep3': np.float32(0.0), 'mep4': np.float32(0.0), 'mep5': np.float32(0.375), 'mep6': np.float32(1.125), 'mep7': np.float32(1.5), 'mep8': np.float32(0.0), 'mep9': np.float32(0.75)}

 Layout risky_multipath Algo mep Exp mep-S1 updates 51/150 episodes, total num timesteps 83200/240000, FPS 610.

average episode rewards is {'mep1': np.float32(1.8750001), 'mep10': np.float32(0.0), 'mep11': np.float32(0.75), 'mep12': np.float32(1.5), 'mep2': np.float32(0.0), 'mep3': np.float32(0.0), 'mep4': np.float32(0.0), 'mep5': np.float32(0.375), 'mep6': np.float32(1.125), 'mep7': np.float32(1.5), 'mep8': np.float32(0.0), 'mep9': np.float32(0.75)}

 Layout risky_multipath Algo mep Exp mep-S1 updates 52/150 episodes, total num timesteps 84800/240000, FPS 610.

average episode rewards is {'mep1': np.float32(1.8750001), 'mep10': np.float32(0.0), 'mep11': np.float32(0.75), 'mep12': np.float32(1.5), 'mep2': np.float32(0.0), 'mep3': np.float32(0.0), 'mep4': np.float32(0.0), 'mep5': np.float32(0.375), 'mep6': np.float32(1.125), 'mep7': np.float32(1.5), 'mep8': np.float32(0.0), 'mep9': np.float32(0.75)}

 Layout risky_multipath Algo mep Exp mep-S1 updates 53/150 episodes, total num timesteps 86400/240000, FPS 611.

average episode rewards is {'mep1': np.float32(1.8750001), 'mep10': np.float32(0.0), 'mep11': np.float32(0.75), 'mep12': np.float32(1.5), 'mep2': np.float32(0.0), 'mep3': np.float32(0.375), 'mep4': np.float32(0.0), 'mep5': np.float32(0.375), 'mep6': np.float32(1.125), 'mep7': np.float32(1.5), 'mep8': np.float32(0.0), 'mep9': np.float32(0.75)}

 Layout risky_multipath Algo mep Exp mep-S1 updates 54/150 episodes, total num timesteps 88000/240000, FPS 611.

average episode rewards is {'mep1': np.float32(1.8750001), 'mep10': np.float32(0.0), 'mep11': np.float32(0.75), 'mep12': np.float32(1.5), 'mep2': np.float32(0.0), 'mep3': np.float32(0.375), 'mep4': np.float32(0.0), 'mep5': np.float32(0.375), 'mep6': np.float32(1.125), 'mep7': np.float32(1.5), 'mep8': np.float32(0.0), 'mep9': np.float32(0.75)}

 Layout risky_multipath Algo mep Exp mep-S1 updates 55/150 episodes, total num timesteps 89600/240000, FPS 611.

average episode rewards is {'mep1': np.float32(1.8750001), 'mep10': np.float32(0.0), 'mep11': np.float32(0.75), 'mep12': np.float32(1.5), 'mep2': np.float32(0.0), 'mep3': np.float32(0.375), 'mep4': np.float32(0.0), 'mep5': np.float32(1.8750001), 'mep6': np.float32(1.125), 'mep7': np.float32(1.5), 'mep8': np.float32(0.0), 'mep9': np.float32(0.75)}

 Layout risky_multipath Algo mep Exp mep-S1 updates 56/150 episodes, total num timesteps 91200/240000, FPS 611.

average episode rewards is {'mep1': np.float32(1.8750001), 'mep10': np.float32(0.0), 'mep11': np.float32(0.75), 'mep12': np.float32(1.5), 'mep2': np.float32(0.0), 'mep3': np.float32(0.375), 'mep4': np.float32(0.0), 'mep5': np.float32(1.8750001), 'mep6': np.float32(1.125), 'mep7': np.float32(1.5), 'mep8': np.float32(0.0), 'mep9': np.float32(0.75)}

 Layout risky_multipath Algo mep Exp mep-S1 updates 57/150 episodes, total num timesteps 92800/240000, FPS 611.

average episode rewards is {'mep1': np.float32(1.8750001), 'mep10': np.float32(0.0), 'mep11': np.float32(0.75), 'mep12': np.float32(1.5), 'mep2': np.float32(0.0), 'mep3': np.float32(0.375), 'mep4': np.float32(0.0), 'mep5': np.float32(1.8750001), 'mep6': np.float32(1.125), 'mep7': np.float32(1.125), 'mep8': np.float32(0.0), 'mep9': np.float32(0.75)}

 Layout risky_multipath Algo mep Exp mep-S1 updates 58/150 episodes, total num timesteps 94400/240000, FPS 612.

average episode rewards is {'mep1': np.float32(1.8750001), 'mep10': np.float32(0.0), 'mep11': np.float32(0.75), 'mep12': np.float32(1.5), 'mep2': np.float32(0.0), 'mep3': np.float32(0.375), 'mep4': np.float32(0.0), 'mep5': np.float32(1.8750001), 'mep6': np.float32(1.125), 'mep7': np.float32(1.125), 'mep8': np.float32(0.0), 'mep9': np.float32(0.75)}

 Layout risky_multipath Algo mep Exp mep-S1 updates 59/150 episodes, total num timesteps 96000/240000, FPS 612.

average episode rewards is {'mep1': np.float32(1.8750001), 'mep10': np.float32(0.0), 'mep11': np.float32(0.75), 'mep12': np.float32(1.5), 'mep2': np.float32(0.0), 'mep3': np.float32(0.375), 'mep4': np.float32(0.0), 'mep5': np.float32(1.8750001), 'mep6': np.float32(1.125), 'mep7': np.float32(1.125), 'mep8': np.float32(0.0), 'mep9': np.float32(1.5)}

 Layout risky_multipath Algo mep Exp mep-S1 updates 60/150 episodes, total num timesteps 97600/240000, FPS 612.

average episode rewards is {'mep1': np.float32(0.75), 'mep10': np.float32(0.0), 'mep11': np.float32(0.75), 'mep12': np.float32(1.5), 'mep2': np.float32(0.0), 'mep3': np.float32(0.375), 'mep4': np.float32(0.0), 'mep5': np.float32(1.8750001), 'mep6': np.float32(1.125), 'mep7': np.float32(1.125), 'mep8': np.float32(0.0), 'mep9': np.float32(1.5)}

 Layout risky_multipath Algo mep Exp mep-S1 updates 61/150 episodes, total num timesteps 99200/240000, FPS 612.

average episode rewards is {'mep1': np.float32(0.75), 'mep10': np.float32(0.0), 'mep11': np.float32(0.75), 'mep12': np.float32(1.5), 'mep2': np.float32(0.0), 'mep3': np.float32(0.375), 'mep4': np.float32(0.0), 'mep5': np.float32(1.8750001), 'mep6': np.float32(1.125), 'mep7': np.float32(1.125), 'mep8': np.float32(0.0), 'mep9': np.float32(1.5)}

 Layout risky_multipath Algo mep Exp mep-S1 updates 62/150 episodes, total num timesteps 100800/240000, FPS 612.

average episode rewards is {'mep1': np.float32(0.75), 'mep10': np.float32(0.0), 'mep11': np.float32(0.375), 'mep12': np.float32(1.5), 'mep2': np.float32(0.0), 'mep3': np.float32(0.375), 'mep4': np.float32(0.0), 'mep5': np.float32(1.8750001), 'mep6': np.float32(1.125), 'mep7': np.float32(1.125), 'mep8': np.float32(0.0), 'mep9': np.float32(1.5)}

 Layout risky_multipath Algo mep Exp mep-S1 updates 63/150 episodes, total num timesteps 102400/240000, FPS 612.

average episode rewards is {'mep1': np.float32(0.75), 'mep10': np.float32(0.0), 'mep11': np.float32(0.375), 'mep12': np.float32(0.75), 'mep2': np.float32(0.0), 'mep3': np.float32(0.375), 'mep4': np.float32(0.0), 'mep5': np.float32(1.8750001), 'mep6': np.float32(1.125), 'mep7': np.float32(1.125), 'mep8': np.float32(0.0), 'mep9': np.float32(1.5)}

 Layout risky_multipath Algo mep Exp mep-S1 updates 64/150 episodes, total num timesteps 104000/240000, FPS 612.

average episode rewards is {'mep1': np.float32(0.75), 'mep10': np.float32(0.0), 'mep11': np.float32(0.375), 'mep12': np.float32(0.75), 'mep2': np.float32(0.0), 'mep3': np.float32(0.375), 'mep4': np.float32(0.0), 'mep5': np.float32(1.8750001), 'mep6': np.float32(1.125), 'mep7': np.float32(1.125), 'mep8': np.float32(0.0), 'mep9': np.float32(1.5)}

 Layout risky_multipath Algo mep Exp mep-S1 updates 65/150 episodes, total num timesteps 105600/240000, FPS 612.

average episode rewards is {'mep1': np.float32(0.75), 'mep10': np.float32(0.0), 'mep11': np.float32(0.375), 'mep12': np.float32(0.75), 'mep2': np.float32(0.0), 'mep3': np.float32(0.375), 'mep4': np.float32(0.0), 'mep5': np.float32(1.8750001), 'mep6': np.float32(1.125), 'mep7': np.float32(1.125), 'mep8': np.float32(0.0), 'mep9': np.float32(1.5)}

 Layout risky_multipath Algo mep Exp mep-S1 updates 66/150 episodes, total num timesteps 107200/240000, FPS 612.

average episode rewards is {'mep1': np.float32(0.75), 'mep10': np.float32(0.0), 'mep11': np.float32(0.375), 'mep12': np.float32(0.75), 'mep2': np.float32(0.0), 'mep3': np.float32(0.375), 'mep4': np.float32(0.0), 'mep5': np.float32(1.8750001), 'mep6': np.float32(1.125), 'mep7': np.float32(1.125), 'mep8': np.float32(0.0), 'mep9': np.float32(1.5)}

 Layout risky_multipath Algo mep Exp mep-S1 updates 67/150 episodes, total num timesteps 108800/240000, FPS 612.

average episode rewards is {'mep1': np.float32(0.75), 'mep10': np.float32(0.0), 'mep11': np.float32(0.375), 'mep12': np.float32(0.75), 'mep2': np.float32(0.0), 'mep3': np.float32(0.375), 'mep4': np.float32(0.0), 'mep5': np.float32(2.25), 'mep6': np.float32(1.125), 'mep7': np.float32(1.125), 'mep8': np.float32(0.0), 'mep9': np.float32(1.5)}

 Layout risky_multipath Algo mep Exp mep-S1 updates 68/150 episodes, total num timesteps 110400/240000, FPS 612.

average episode rewards is {'mep1': np.float32(0.75), 'mep10': np.float32(0.0), 'mep11': np.float32(0.375), 'mep12': np.float32(0.75), 'mep2': np.float32(0.0), 'mep3': np.float32(0.375), 'mep4': np.float32(0.0), 'mep5': np.float32(2.25), 'mep6': np.float32(1.125), 'mep7': np.float32(1.125), 'mep8': np.float32(0.0), 'mep9': np.float32(1.5)}

 Layout risky_multipath Algo mep Exp mep-S1 updates 69/150 episodes, total num timesteps 112000/240000, FPS 612.

average episode rewards is {'mep1': np.float32(0.75), 'mep10': np.float32(0.0), 'mep11': np.float32(0.375), 'mep12': np.float32(0.75), 'mep2': np.float32(0.0), 'mep3': np.float32(0.375), 'mep4': np.float32(0.0), 'mep5': np.float32(2.25), 'mep6': np.float32(1.125), 'mep7': np.float32(1.5), 'mep8': np.float32(0.0), 'mep9': np.float32(1.5)}

 Layout risky_multipath Algo mep Exp mep-S1 updates 70/150 episodes, total num timesteps 113600/240000, FPS 612.

average episode rewards is {'mep1': np.float32(0.75), 'mep10': np.float32(0.0), 'mep11': np.float32(0.375), 'mep12': np.float32(0.75), 'mep2': np.float32(0.0), 'mep3': np.float32(0.375), 'mep4': np.float32(0.0), 'mep5': np.float32(2.25), 'mep6': np.float32(1.125), 'mep7': np.float32(1.5), 'mep8': np.float32(0.0), 'mep9': np.float32(1.5)}

 Layout risky_multipath Algo mep Exp mep-S1 updates 71/150 episodes, total num timesteps 115200/240000, FPS 613.

average episode rewards is {'mep1': np.float32(0.75), 'mep10': np.float32(0.0), 'mep11': np.float32(0.375), 'mep12': np.float32(0.75), 'mep2': np.float32(0.0), 'mep3': np.float32(0.375), 'mep4': np.float32(0.0), 'mep5': np.float32(2.25), 'mep6': np.float32(1.125), 'mep7': np.float32(1.5), 'mep8': np.float32(0.0), 'mep9': np.float32(2.625)}

 Layout risky_multipath Algo mep Exp mep-S1 updates 72/150 episodes, total num timesteps 116800/240000, FPS 612.

average episode rewards is {'mep1': np.float32(0.375), 'mep10': np.float32(0.0), 'mep11': np.float32(0.375), 'mep12': np.float32(0.75), 'mep2': np.float32(0.0), 'mep3': np.float32(0.375), 'mep4': np.float32(0.0), 'mep5': np.float32(2.25), 'mep6': np.float32(1.125), 'mep7': np.float32(1.5), 'mep8': np.float32(0.0), 'mep9': np.float32(2.625)}

 Layout risky_multipath Algo mep Exp mep-S1 updates 73/150 episodes, total num timesteps 118400/240000, FPS 613.

average episode rewards is {'mep1': np.float32(0.375), 'mep10': np.float32(0.375), 'mep11': np.float32(0.375), 'mep12': np.float32(0.75), 'mep2': np.float32(0.0), 'mep3': np.float32(0.375), 'mep4': np.float32(0.0), 'mep5': np.float32(2.25), 'mep6': np.float32(1.125), 'mep7': np.float32(1.5), 'mep8': np.float32(0.0), 'mep9': np.float32(2.625)}

 Layout risky_multipath Algo mep Exp mep-S1 updates 74/150 episodes, total num timesteps 120000/240000, FPS 613.

average episode rewards is {'mep1': np.float32(0.375), 'mep10': np.float32(0.375), 'mep11': np.float32(0.375), 'mep12': np.float32(0.75), 'mep2': np.float32(0.0), 'mep3': np.float32(0.375), 'mep4': np.float32(0.0), 'mep5': np.float32(2.25), 'mep6': np.float32(1.125), 'mep7': np.float32(1.5), 'mep8': np.float32(0.0), 'mep9': np.float32(2.625)}

 Layout risky_multipath Algo mep Exp mep-S1 updates 75/150 episodes, total num timesteps 121600/240000, FPS 613.

average episode rewards is {'mep1': np.float32(0.375), 'mep10': np.float32(0.375), 'mep11': np.float32(0.375), 'mep12': np.float32(2.25), 'mep2': np.float32(0.0), 'mep3': np.float32(0.375), 'mep4': np.float32(0.0), 'mep5': np.float32(2.25), 'mep6': np.float32(1.125), 'mep7': np.float32(1.5), 'mep8': np.float32(0.0), 'mep9': np.float32(2.625)}

 Layout risky_multipath Algo mep Exp mep-S1 updates 76/150 episodes, total num timesteps 123200/240000, FPS 613.

average episode rewards is {'mep1': np.float32(0.375), 'mep10': np.float32(0.375), 'mep11': np.float32(0.375), 'mep12': np.float32(2.25), 'mep2': np.float32(0.375), 'mep3': np.float32(0.375), 'mep4': np.float32(0.0), 'mep5': np.float32(2.25), 'mep6': np.float32(1.125), 'mep7': np.float32(1.5), 'mep8': np.float32(0.0), 'mep9': np.float32(2.625)}

 Layout risky_multipath Algo mep Exp mep-S1 updates 77/150 episodes, total num timesteps 124800/240000, FPS 613.

average episode rewards is {'mep1': np.float32(0.375), 'mep10': np.float32(0.375), 'mep11': np.float32(0.375), 'mep12': np.float32(2.25), 'mep2': np.float32(0.375), 'mep3': np.float32(0.0), 'mep4': np.float32(0.0), 'mep5': np.float32(2.25), 'mep6': np.float32(1.125), 'mep7': np.float32(1.5), 'mep8': np.float32(0.0), 'mep9': np.float32(2.625)}

 Layout risky_multipath Algo mep Exp mep-S1 updates 78/150 episodes, total num timesteps 126400/240000, FPS 613.

average episode rewards is {'mep1': np.float32(0.375), 'mep10': np.float32(0.375), 'mep11': np.float32(0.375), 'mep12': np.float32(2.25), 'mep2': np.float32(0.375), 'mep3': np.float32(0.0), 'mep4': np.float32(0.75), 'mep5': np.float32(2.25), 'mep6': np.float32(1.125), 'mep7': np.float32(1.5), 'mep8': np.float32(0.0), 'mep9': np.float32(2.625)}

 Layout risky_multipath Algo mep Exp mep-S1 updates 79/150 episodes, total num timesteps 128000/240000, FPS 613.

average episode rewards is {'mep1': np.float32(0.375), 'mep10': np.float32(0.375), 'mep11': np.float32(0.375), 'mep12': np.float32(2.25), 'mep2': np.float32(0.375), 'mep3': np.float32(0.0), 'mep4': np.float32(0.75), 'mep5': np.float32(1.8750001), 'mep6': np.float32(1.125), 'mep7': np.float32(1.5), 'mep8': np.float32(0.0), 'mep9': np.float32(2.625)}

 Layout risky_multipath Algo mep Exp mep-S1 updates 80/150 episodes, total num timesteps 129600/240000, FPS 613.

average episode rewards is {'mep1': np.float32(0.375), 'mep10': np.float32(0.375), 'mep11': np.float32(0.375), 'mep12': np.float32(2.25), 'mep2': np.float32(0.375), 'mep3': np.float32(0.0), 'mep4': np.float32(0.75), 'mep5': np.float32(1.8750001), 'mep6': np.float32(0.75), 'mep7': np.float32(1.5), 'mep8': np.float32(0.0), 'mep9': np.float32(2.625)}

 Layout risky_multipath Algo mep Exp mep-S1 updates 81/150 episodes, total num timesteps 131200/240000, FPS 613.

average episode rewards is {'mep1': np.float32(0.375), 'mep10': np.float32(0.375), 'mep11': np.float32(0.375), 'mep12': np.float32(2.25), 'mep2': np.float32(0.375), 'mep3': np.float32(0.0), 'mep4': np.float32(0.75), 'mep5': np.float32(1.8750001), 'mep6': np.float32(0.75), 'mep7': np.float32(1.125), 'mep8': np.float32(0.0), 'mep9': np.float32(2.625)}

 Layout risky_multipath Algo mep Exp mep-S1 updates 82/150 episodes, total num timesteps 132800/240000, FPS 613.

average episode rewards is {'mep1': np.float32(0.375), 'mep10': np.float32(0.375), 'mep11': np.float32(0.375), 'mep12': np.float32(2.25), 'mep2': np.float32(0.375), 'mep3': np.float32(0.0), 'mep4': np.float32(0.75), 'mep5': np.float32(1.8750001), 'mep6': np.float32(0.75), 'mep7': np.float32(1.125), 'mep8': np.float32(0.0), 'mep9': np.float32(2.625)}

 Layout risky_multipath Algo mep Exp mep-S1 updates 83/150 episodes, total num timesteps 134400/240000, FPS 613.

average episode rewards is {'mep1': np.float32(0.375), 'mep10': np.float32(0.375), 'mep11': np.float32(0.375), 'mep12': np.float32(2.25), 'mep2': np.float32(0.375), 'mep3': np.float32(0.0), 'mep4': np.float32(0.75), 'mep5': np.float32(1.8750001), 'mep6': np.float32(0.75), 'mep7': np.float32(1.125), 'mep8': np.float32(0.0), 'mep9': np.float32(1.5)}

 Layout risky_multipath Algo mep Exp mep-S1 updates 84/150 episodes, total num timesteps 136000/240000, FPS 613.

average episode rewards is {'mep1': np.float32(0.75), 'mep10': np.float32(0.375), 'mep11': np.float32(0.375), 'mep12': np.float32(2.25), 'mep2': np.float32(0.375), 'mep3': np.float32(0.0), 'mep4': np.float32(0.75), 'mep5': np.float32(1.8750001), 'mep6': np.float32(0.75), 'mep7': np.float32(1.125), 'mep8': np.float32(0.0), 'mep9': np.float32(1.5)}

 Layout risky_multipath Algo mep Exp mep-S1 updates 85/150 episodes, total num timesteps 137600/240000, FPS 613.

average episode rewards is {'mep1': np.float32(0.75), 'mep10': np.float32(0.75), 'mep11': np.float32(0.375), 'mep12': np.float32(2.25), 'mep2': np.float32(0.375), 'mep3': np.float32(0.0), 'mep4': np.float32(0.75), 'mep5': np.float32(1.8750001), 'mep6': np.float32(0.75), 'mep7': np.float32(1.125), 'mep8': np.float32(0.0), 'mep9': np.float32(1.5)}

 Layout risky_multipath Algo mep Exp mep-S1 updates 86/150 episodes, total num timesteps 139200/240000, FPS 613.

average episode rewards is {'mep1': np.float32(0.75), 'mep10': np.float32(0.75), 'mep11': np.float32(1.125), 'mep12': np.float32(2.25), 'mep2': np.float32(0.375), 'mep3': np.float32(0.0), 'mep4': np.float32(0.75), 'mep5': np.float32(1.8750001), 'mep6': np.float32(0.75), 'mep7': np.float32(1.125), 'mep8': np.float32(0.0), 'mep9': np.float32(1.5)}

 Layout risky_multipath Algo mep Exp mep-S1 updates 87/150 episodes, total num timesteps 140800/240000, FPS 612.

average episode rewards is {'mep1': np.float32(0.75), 'mep10': np.float32(0.75), 'mep11': np.float32(1.125), 'mep12': np.float32(1.8750001), 'mep2': np.float32(0.375), 'mep3': np.float32(0.0), 'mep4': np.float32(0.75), 'mep5': np.float32(1.8750001), 'mep6': np.float32(0.75), 'mep7': np.float32(1.125), 'mep8': np.float32(0.0), 'mep9': np.float32(1.5)}

 Layout risky_multipath Algo mep Exp mep-S1 updates 88/150 episodes, total num timesteps 142400/240000, FPS 611.

average episode rewards is {'mep1': np.float32(0.75), 'mep10': np.float32(0.75), 'mep11': np.float32(1.125), 'mep12': np.float32(1.8750001), 'mep2': np.float32(0.375), 'mep3': np.float32(0.0), 'mep4': np.float32(0.75), 'mep5': np.float32(1.8750001), 'mep6': np.float32(0.75), 'mep7': np.float32(1.125), 'mep8': np.float32(0.0), 'mep9': np.float32(1.5)}

 Layout risky_multipath Algo mep Exp mep-S1 updates 89/150 episodes, total num timesteps 144000/240000, FPS 611.

average episode rewards is {'mep1': np.float32(0.75), 'mep10': np.float32(0.75), 'mep11': np.float32(1.125), 'mep12': np.float32(1.8750001), 'mep2': np.float32(0.375), 'mep3': np.float32(0.375), 'mep4': np.float32(0.75), 'mep5': np.float32(1.8750001), 'mep6': np.float32(0.75), 'mep7': np.float32(1.125), 'mep8': np.float32(0.0), 'mep9': np.float32(1.5)}

 Layout risky_multipath Algo mep Exp mep-S1 updates 90/150 episodes, total num timesteps 145600/240000, FPS 611.

average episode rewards is {'mep1': np.float32(0.75), 'mep10': np.float32(0.75), 'mep11': np.float32(1.125), 'mep12': np.float32(1.8750001), 'mep2': np.float32(0.375), 'mep3': np.float32(0.375), 'mep4': np.float32(0.0), 'mep5': np.float32(1.8750001), 'mep6': np.float32(0.75), 'mep7': np.float32(1.125), 'mep8': np.float32(0.0), 'mep9': np.float32(1.5)}

 Layout risky_multipath Algo mep Exp mep-S1 updates 91/150 episodes, total num timesteps 147200/240000, FPS 610.

average episode rewards is {'mep1': np.float32(0.75), 'mep10': np.float32(0.75), 'mep11': np.float32(1.125), 'mep12': np.float32(1.8750001), 'mep2': np.float32(0.375), 'mep3': np.float32(0.375), 'mep4': np.float32(0.0), 'mep5': np.float32(1.8750001), 'mep6': np.float32(0.75), 'mep7': np.float32(1.125), 'mep8': np.float32(0.0), 'mep9': np.float32(1.5)}

 Layout risky_multipath Algo mep Exp mep-S1 updates 92/150 episodes, total num timesteps 148800/240000, FPS 609.

average episode rewards is {'mep1': np.float32(0.75), 'mep10': np.float32(0.75), 'mep11': np.float32(1.125), 'mep12': np.float32(1.8750001), 'mep2': np.float32(0.375), 'mep3': np.float32(0.375), 'mep4': np.float32(0.0), 'mep5': np.float32(1.8750001), 'mep6': np.float32(1.5), 'mep7': np.float32(1.125), 'mep8': np.float32(0.0), 'mep9': np.float32(1.5)}

 Layout risky_multipath Algo mep Exp mep-S1 updates 93/150 episodes, total num timesteps 150400/240000, FPS 609.

average episode rewards is {'mep1': np.float32(0.75), 'mep10': np.float32(0.75), 'mep11': np.float32(1.125), 'mep12': np.float32(1.8750001), 'mep2': np.float32(0.375), 'mep3': np.float32(0.375), 'mep4': np.float32(0.0), 'mep5': np.float32(1.8750001), 'mep6': np.float32(1.5), 'mep7': np.float32(3.3750002), 'mep8': np.float32(0.0), 'mep9': np.float32(1.5)}

 Layout risky_multipath Algo mep Exp mep-S1 updates 94/150 episodes, total num timesteps 152000/240000, FPS 609.

average episode rewards is {'mep1': np.float32(0.75), 'mep10': np.float32(0.75), 'mep11': np.float32(1.125), 'mep12': np.float32(1.8750001), 'mep2': np.float32(0.375), 'mep3': np.float32(0.375), 'mep4': np.float32(0.0), 'mep5': np.float32(1.8750001), 'mep6': np.float32(1.5), 'mep7': np.float32(3.3750002), 'mep8': np.float32(0.0), 'mep9': np.float32(1.5)}

 Layout risky_multipath Algo mep Exp mep-S1 updates 95/150 episodes, total num timesteps 153600/240000, FPS 609.

average episode rewards is {'mep1': np.float32(0.75), 'mep10': np.float32(0.75), 'mep11': np.float32(1.125), 'mep12': np.float32(1.8750001), 'mep2': np.float32(0.375), 'mep3': np.float32(0.375), 'mep4': np.float32(0.0), 'mep5': np.float32(1.8750001), 'mep6': np.float32(1.5), 'mep7': np.float32(3.3750002), 'mep8': np.float32(0.0), 'mep9': np.float32(1.8750001)}

 Layout risky_multipath Algo mep Exp mep-S1 updates 96/150 episodes, total num timesteps 155200/240000, FPS 609.

average episode rewards is {'mep1': np.float32(5.125), 'mep10': np.float32(0.75), 'mep11': np.float32(1.125), 'mep12': np.float32(1.8750001), 'mep2': np.float32(0.375), 'mep3': np.float32(0.375), 'mep4': np.float32(0.0), 'mep5': np.float32(1.8750001), 'mep6': np.float32(1.5), 'mep7': np.float32(3.3750002), 'mep8': np.float32(0.0), 'mep9': np.float32(1.8750001)}

 Layout risky_multipath Algo mep Exp mep-S1 updates 97/150 episodes, total num timesteps 156800/240000, FPS 609.

average episode rewards is {'mep1': np.float32(5.125), 'mep10': np.float32(0.0), 'mep11': np.float32(1.125), 'mep12': np.float32(1.8750001), 'mep2': np.float32(0.375), 'mep3': np.float32(0.375), 'mep4': np.float32(0.0), 'mep5': np.float32(1.8750001), 'mep6': np.float32(1.5), 'mep7': np.float32(3.3750002), 'mep8': np.float32(0.0), 'mep9': np.float32(1.8750001)}

 Layout risky_multipath Algo mep Exp mep-S1 updates 98/150 episodes, total num timesteps 158400/240000, FPS 609.

average episode rewards is {'mep1': np.float32(5.125), 'mep10': np.float32(0.0), 'mep11': np.float32(0.75), 'mep12': np.float32(1.8750001), 'mep2': np.float32(0.375), 'mep3': np.float32(0.375), 'mep4': np.float32(0.0), 'mep5': np.float32(1.8750001), 'mep6': np.float32(1.5), 'mep7': np.float32(3.3750002), 'mep8': np.float32(0.0), 'mep9': np.float32(1.8750001)}

 Layout risky_multipath Algo mep Exp mep-S1 updates 99/150 episodes, total num timesteps 160000/240000, FPS 609.

average episode rewards is {'mep1': np.float32(5.125), 'mep10': np.float32(0.0), 'mep11': np.float32(0.75), 'mep12': np.float32(2.25), 'mep2': np.float32(0.375), 'mep3': np.float32(0.375), 'mep4': np.float32(0.0), 'mep5': np.float32(1.8750001), 'mep6': np.float32(1.5), 'mep7': np.float32(3.3750002), 'mep8': np.float32(0.0), 'mep9': np.float32(1.8750001)}

 Layout risky_multipath Algo mep Exp mep-S1 updates 100/150 episodes, total num timesteps 161600/240000, FPS 609.

average episode rewards is {'mep1': np.float32(5.125), 'mep10': np.float32(0.0), 'mep11': np.float32(0.75), 'mep12': np.float32(2.25), 'mep2': np.float32(0.75), 'mep3': np.float32(0.375), 'mep4': np.float32(0.0), 'mep5': np.float32(1.8750001), 'mep6': np.float32(1.5), 'mep7': np.float32(3.3750002), 'mep8': np.float32(0.0), 'mep9': np.float32(1.8750001)}

 Layout risky_multipath Algo mep Exp mep-S1 updates 101/150 episodes, total num timesteps 163200/240000, FPS 610.

average episode rewards is {'mep1': np.float32(5.125), 'mep10': np.float32(0.0), 'mep11': np.float32(0.75), 'mep12': np.float32(2.25), 'mep2': np.float32(0.75), 'mep3': np.float32(0.0), 'mep4': np.float32(0.0), 'mep5': np.float32(1.8750001), 'mep6': np.float32(1.5), 'mep7': np.float32(3.3750002), 'mep8': np.float32(0.0), 'mep9': np.float32(1.8750001)}

 Layout risky_multipath Algo mep Exp mep-S1 updates 102/150 episodes, total num timesteps 164800/240000, FPS 610.

average episode rewards is {'mep1': np.float32(5.125), 'mep10': np.float32(0.0), 'mep11': np.float32(0.75), 'mep12': np.float32(2.25), 'mep2': np.float32(0.75), 'mep3': np.float32(0.0), 'mep4': np.float32(0.0), 'mep5': np.float32(1.8750001), 'mep6': np.float32(1.5), 'mep7': np.float32(3.3750002), 'mep8': np.float32(0.0), 'mep9': np.float32(1.8750001)}

 Layout risky_multipath Algo mep Exp mep-S1 updates 103/150 episodes, total num timesteps 166400/240000, FPS 610.

average episode rewards is {'mep1': np.float32(5.125), 'mep10': np.float32(0.0), 'mep11': np.float32(0.75), 'mep12': np.float32(2.25), 'mep2': np.float32(0.75), 'mep3': np.float32(0.0), 'mep4': np.float32(0.0), 'mep5': np.float32(2.25), 'mep6': np.float32(1.5), 'mep7': np.float32(3.3750002), 'mep8': np.float32(0.0), 'mep9': np.float32(1.8750001)}

 Layout risky_multipath Algo mep Exp mep-S1 updates 104/150 episodes, total num timesteps 168000/240000, FPS 610.

average episode rewards is {'mep1': np.float32(5.125), 'mep10': np.float32(0.0), 'mep11': np.float32(0.75), 'mep12': np.float32(2.25), 'mep2': np.float32(0.75), 'mep3': np.float32(0.0), 'mep4': np.float32(0.0), 'mep5': np.float32(2.25), 'mep6': np.float32(3.875), 'mep7': np.float32(3.3750002), 'mep8': np.float32(0.0), 'mep9': np.float32(1.8750001)}

 Layout risky_multipath Algo mep Exp mep-S1 updates 105/150 episodes, total num timesteps 169600/240000, FPS 610.

average episode rewards is {'mep1': np.float32(5.125), 'mep10': np.float32(0.0), 'mep11': np.float32(0.75), 'mep12': np.float32(2.25), 'mep2': np.float32(0.75), 'mep3': np.float32(0.0), 'mep4': np.float32(0.0), 'mep5': np.float32(2.25), 'mep6': np.float32(3.875), 'mep7': np.float32(1.8750001), 'mep8': np.float32(0.0), 'mep9': np.float32(1.8750001)}

 Layout risky_multipath Algo mep Exp mep-S1 updates 106/150 episodes, total num timesteps 171200/240000, FPS 610.

average episode rewards is {'mep1': np.float32(5.125), 'mep10': np.float32(0.0), 'mep11': np.float32(0.75), 'mep12': np.float32(2.25), 'mep2': np.float32(0.75), 'mep3': np.float32(0.0), 'mep4': np.float32(0.0), 'mep5': np.float32(2.25), 'mep6': np.float32(3.875), 'mep7': np.float32(1.8750001), 'mep8': np.float32(0.0), 'mep9': np.float32(1.8750001)}

 Layout risky_multipath Algo mep Exp mep-S1 updates 107/150 episodes, total num timesteps 172800/240000, FPS 609.

average episode rewards is {'mep1': np.float32(5.125), 'mep10': np.float32(0.0), 'mep11': np.float32(0.75), 'mep12': np.float32(2.25), 'mep2': np.float32(0.75), 'mep3': np.float32(0.0), 'mep4': np.float32(0.0), 'mep5': np.float32(2.25), 'mep6': np.float32(3.875), 'mep7': np.float32(1.8750001), 'mep8': np.float32(0.0), 'mep9': np.float32(3.3750002)}

 Layout risky_multipath Algo mep Exp mep-S1 updates 108/150 episodes, total num timesteps 174400/240000, FPS 608.

average episode rewards is {'mep1': np.float32(4.125), 'mep10': np.float32(0.0), 'mep11': np.float32(0.75), 'mep12': np.float32(2.25), 'mep2': np.float32(0.75), 'mep3': np.float32(0.0), 'mep4': np.float32(0.0), 'mep5': np.float32(2.25), 'mep6': np.float32(3.875), 'mep7': np.float32(1.8750001), 'mep8': np.float32(0.0), 'mep9': np.float32(3.3750002)}

 Layout risky_multipath Algo mep Exp mep-S1 updates 109/150 episodes, total num timesteps 176000/240000, FPS 608.

average episode rewards is {'mep1': np.float32(4.125), 'mep10': np.float32(0.375), 'mep11': np.float32(0.75), 'mep12': np.float32(2.25), 'mep2': np.float32(0.75), 'mep3': np.float32(0.0), 'mep4': np.float32(0.0), 'mep5': np.float32(2.25), 'mep6': np.float32(3.875), 'mep7': np.float32(1.8750001), 'mep8': np.float32(0.0), 'mep9': np.float32(3.3750002)}

 Layout risky_multipath Algo mep Exp mep-S1 updates 110/150 episodes, total num timesteps 177600/240000, FPS 608.

average episode rewards is {'mep1': np.float32(4.125), 'mep10': np.float32(0.375), 'mep11': np.float32(1.125), 'mep12': np.float32(2.25), 'mep2': np.float32(0.75), 'mep3': np.float32(0.0), 'mep4': np.float32(0.0), 'mep5': np.float32(2.25), 'mep6': np.float32(3.875), 'mep7': np.float32(1.8750001), 'mep8': np.float32(0.0), 'mep9': np.float32(3.3750002)}

 Layout risky_multipath Algo mep Exp mep-S1 updates 111/150 episodes, total num timesteps 179200/240000, FPS 608.

average episode rewards is {'mep1': np.float32(4.125), 'mep10': np.float32(0.375), 'mep11': np.float32(1.125), 'mep12': np.float32(2.625), 'mep2': np.float32(0.75), 'mep3': np.float32(0.0), 'mep4': np.float32(0.0), 'mep5': np.float32(2.25), 'mep6': np.float32(3.875), 'mep7': np.float32(1.8750001), 'mep8': np.float32(0.0), 'mep9': np.float32(3.3750002)}

 Layout risky_multipath Algo mep Exp mep-S1 updates 112/150 episodes, total num timesteps 180800/240000, FPS 608.

average episode rewards is {'mep1': np.float32(4.125), 'mep10': np.float32(0.375), 'mep11': np.float32(1.125), 'mep12': np.float32(2.625), 'mep2': np.float32(0.0), 'mep3': np.float32(0.0), 'mep4': np.float32(0.0), 'mep5': np.float32(2.25), 'mep6': np.float32(3.875), 'mep7': np.float32(1.8750001), 'mep8': np.float32(0.0), 'mep9': np.float32(3.3750002)}

 Layout risky_multipath Algo mep Exp mep-S1 updates 113/150 episodes, total num timesteps 182400/240000, FPS 608.

average episode rewards is {'mep1': np.float32(4.125), 'mep10': np.float32(0.375), 'mep11': np.float32(1.125), 'mep12': np.float32(2.625), 'mep2': np.float32(0.0), 'mep3': np.float32(0.0), 'mep4': np.float32(0.0), 'mep5': np.float32(2.25), 'mep6': np.float32(3.875), 'mep7': np.float32(1.8750001), 'mep8': np.float32(0.0), 'mep9': np.float32(3.3750002)}

 Layout risky_multipath Algo mep Exp mep-S1 updates 114/150 episodes, total num timesteps 184000/240000, FPS 608.

average episode rewards is {'mep1': np.float32(4.125), 'mep10': np.float32(0.375), 'mep11': np.float32(1.125), 'mep12': np.float32(2.625), 'mep2': np.float32(0.0), 'mep3': np.float32(0.0), 'mep4': np.float32(0.375), 'mep5': np.float32(2.25), 'mep6': np.float32(3.875), 'mep7': np.float32(1.8750001), 'mep8': np.float32(0.0), 'mep9': np.float32(3.3750002)}

 Layout risky_multipath Algo mep Exp mep-S1 updates 115/150 episodes, total num timesteps 185600/240000, FPS 609.

average episode rewards is {'mep1': np.float32(4.125), 'mep10': np.float32(0.375), 'mep11': np.float32(1.125), 'mep12': np.float32(2.625), 'mep2': np.float32(0.0), 'mep3': np.float32(0.0), 'mep4': np.float32(0.375), 'mep5': np.float32(1.5), 'mep6': np.float32(3.875), 'mep7': np.float32(1.8750001), 'mep8': np.float32(0.0), 'mep9': np.float32(3.3750002)}

 Layout risky_multipath Algo mep Exp mep-S1 updates 116/150 episodes, total num timesteps 187200/240000, FPS 609.

average episode rewards is {'mep1': np.float32(4.125), 'mep10': np.float32(0.375), 'mep11': np.float32(1.125), 'mep12': np.float32(2.625), 'mep2': np.float32(0.0), 'mep3': np.float32(0.0), 'mep4': np.float32(0.375), 'mep5': np.float32(1.5), 'mep6': np.float32(4.125), 'mep7': np.float32(1.8750001), 'mep8': np.float32(0.0), 'mep9': np.float32(3.3750002)}

 Layout risky_multipath Algo mep Exp mep-S1 updates 117/150 episodes, total num timesteps 188800/240000, FPS 609.

average episode rewards is {'mep1': np.float32(4.125), 'mep10': np.float32(0.375), 'mep11': np.float32(1.125), 'mep12': np.float32(2.625), 'mep2': np.float32(0.0), 'mep3': np.float32(0.0), 'mep4': np.float32(0.375), 'mep5': np.float32(1.5), 'mep6': np.float32(4.125), 'mep7': np.float32(2.625), 'mep8': np.float32(0.0), 'mep9': np.float32(3.3750002)}

 Layout risky_multipath Algo mep Exp mep-S1 updates 118/150 episodes, total num timesteps 190400/240000, FPS 609.

average episode rewards is {'mep1': np.float32(4.125), 'mep10': np.float32(0.375), 'mep11': np.float32(1.125), 'mep12': np.float32(2.625), 'mep2': np.float32(0.0), 'mep3': np.float32(0.0), 'mep4': np.float32(0.375), 'mep5': np.float32(1.5), 'mep6': np.float32(4.125), 'mep7': np.float32(2.625), 'mep8': np.float32(0.0), 'mep9': np.float32(3.3750002)}

 Layout risky_multipath Algo mep Exp mep-S1 updates 119/150 episodes, total num timesteps 192000/240000, FPS 609.

average episode rewards is {'mep1': np.float32(4.125), 'mep10': np.float32(0.375), 'mep11': np.float32(1.125), 'mep12': np.float32(2.625), 'mep2': np.float32(0.0), 'mep3': np.float32(0.0), 'mep4': np.float32(0.375), 'mep5': np.float32(1.5), 'mep6': np.float32(4.125), 'mep7': np.float32(2.625), 'mep8': np.float32(0.0), 'mep9': np.float32(5.25)}

 Layout risky_multipath Algo mep Exp mep-S1 updates 120/150 episodes, total num timesteps 193600/240000, FPS 609.

average episode rewards is {'mep1': np.float32(2.625), 'mep10': np.float32(0.375), 'mep11': np.float32(1.125), 'mep12': np.float32(2.625), 'mep2': np.float32(0.0), 'mep3': np.float32(0.0), 'mep4': np.float32(0.375), 'mep5': np.float32(1.5), 'mep6': np.float32(4.125), 'mep7': np.float32(2.625), 'mep8': np.float32(0.0), 'mep9': np.float32(5.25)}

 Layout risky_multipath Algo mep Exp mep-S1 updates 121/150 episodes, total num timesteps 195200/240000, FPS 609.

average episode rewards is {'mep1': np.float32(2.625), 'mep10': np.float32(0.0), 'mep11': np.float32(1.125), 'mep12': np.float32(2.625), 'mep2': np.float32(0.0), 'mep3': np.float32(0.0), 'mep4': np.float32(0.375), 'mep5': np.float32(1.5), 'mep6': np.float32(4.125), 'mep7': np.float32(2.625), 'mep8': np.float32(0.0), 'mep9': np.float32(5.25)}

 Layout risky_multipath Algo mep Exp mep-S1 updates 122/150 episodes, total num timesteps 196800/240000, FPS 609.

average episode rewards is {'mep1': np.float32(2.625), 'mep10': np.float32(0.0), 'mep11': np.float32(1.125), 'mep12': np.float32(2.625), 'mep2': np.float32(0.0), 'mep3': np.float32(0.0), 'mep4': np.float32(0.375), 'mep5': np.float32(1.5), 'mep6': np.float32(4.125), 'mep7': np.float32(2.625), 'mep8': np.float32(0.0), 'mep9': np.float32(5.25)}

 Layout risky_multipath Algo mep Exp mep-S1 updates 123/150 episodes, total num timesteps 198400/240000, FPS 609.

average episode rewards is {'mep1': np.float32(2.625), 'mep10': np.float32(0.0), 'mep11': np.float32(1.125), 'mep12': np.float32(1.5), 'mep2': np.float32(0.0), 'mep3': np.float32(0.0), 'mep4': np.float32(0.375), 'mep5': np.float32(1.5), 'mep6': np.float32(4.125), 'mep7': np.float32(2.625), 'mep8': np.float32(0.0), 'mep9': np.float32(5.25)}

 Layout risky_multipath Algo mep Exp mep-S1 updates 124/150 episodes, total num timesteps 200000/240000, FPS 609.

average episode rewards is {'mep1': np.float32(2.625), 'mep10': np.float32(0.0), 'mep11': np.float32(1.125), 'mep12': np.float32(1.5), 'mep2': np.float32(0.375), 'mep3': np.float32(0.0), 'mep4': np.float32(0.375), 'mep5': np.float32(1.5), 'mep6': np.float32(4.125), 'mep7': np.float32(2.625), 'mep8': np.float32(0.0), 'mep9': np.float32(5.25)}

 Layout risky_multipath Algo mep Exp mep-S1 updates 125/150 episodes, total num timesteps 201600/240000, FPS 609.

average episode rewards is {'mep1': np.float32(2.625), 'mep10': np.float32(0.0), 'mep11': np.float32(1.125), 'mep12': np.float32(1.5), 'mep2': np.float32(0.375), 'mep3': np.float32(1.125), 'mep4': np.float32(0.375), 'mep5': np.float32(1.5), 'mep6': np.float32(4.125), 'mep7': np.float32(2.625), 'mep8': np.float32(0.0), 'mep9': np.float32(5.25)}

 Layout risky_multipath Algo mep Exp mep-S1 updates 126/150 episodes, total num timesteps 203200/240000, FPS 609.

average episode rewards is {'mep1': np.float32(2.625), 'mep10': np.float32(0.0), 'mep11': np.float32(1.125), 'mep12': np.float32(1.5), 'mep2': np.float32(0.375), 'mep3': np.float32(1.125), 'mep4': np.float32(0.75), 'mep5': np.float32(1.5), 'mep6': np.float32(4.125), 'mep7': np.float32(2.625), 'mep8': np.float32(0.0), 'mep9': np.float32(5.25)}

 Layout risky_multipath Algo mep Exp mep-S1 updates 127/150 episodes, total num timesteps 204800/240000, FPS 609.

average episode rewards is {'mep1': np.float32(2.625), 'mep10': np.float32(0.0), 'mep11': np.float32(1.125), 'mep12': np.float32(1.5), 'mep2': np.float32(0.375), 'mep3': np.float32(1.125), 'mep4': np.float32(0.75), 'mep5': np.float32(3.3750002), 'mep6': np.float32(4.125), 'mep7': np.float32(2.625), 'mep8': np.float32(0.0), 'mep9': np.float32(5.25)}

 Layout risky_multipath Algo mep Exp mep-S1 updates 128/150 episodes, total num timesteps 206400/240000, FPS 609.

average episode rewards is {'mep1': np.float32(2.625), 'mep10': np.float32(0.0), 'mep11': np.float32(1.125), 'mep12': np.float32(1.5), 'mep2': np.float32(0.375), 'mep3': np.float32(1.125), 'mep4': np.float32(0.75), 'mep5': np.float32(3.3750002), 'mep6': np.float32(3.875), 'mep7': np.float32(2.625), 'mep8': np.float32(0.0), 'mep9': np.float32(5.25)}

 Layout risky_multipath Algo mep Exp mep-S1 updates 129/150 episodes, total num timesteps 208000/240000, FPS 609.

average episode rewards is {'mep1': np.float32(2.625), 'mep10': np.float32(0.0), 'mep11': np.float32(1.125), 'mep12': np.float32(1.5), 'mep2': np.float32(0.375), 'mep3': np.float32(1.125), 'mep4': np.float32(0.75), 'mep5': np.float32(3.3750002), 'mep6': np.float32(3.875), 'mep7': np.float32(3.7500002), 'mep8': np.float32(0.0), 'mep9': np.float32(5.25)}

 Layout risky_multipath Algo mep Exp mep-S1 updates 130/150 episodes, total num timesteps 209600/240000, FPS 609.

average episode rewards is {'mep1': np.float32(2.625), 'mep10': np.float32(0.0), 'mep11': np.float32(1.125), 'mep12': np.float32(1.5), 'mep2': np.float32(0.375), 'mep3': np.float32(1.125), 'mep4': np.float32(0.75), 'mep5': np.float32(3.3750002), 'mep6': np.float32(3.875), 'mep7': np.float32(3.7500002), 'mep8': np.float32(0.0), 'mep9': np.float32(5.25)}

 Layout risky_multipath Algo mep Exp mep-S1 updates 131/150 episodes, total num timesteps 211200/240000, FPS 609.

average episode rewards is {'mep1': np.float32(2.625), 'mep10': np.float32(0.0), 'mep11': np.float32(1.125), 'mep12': np.float32(1.5), 'mep2': np.float32(0.375), 'mep3': np.float32(1.125), 'mep4': np.float32(0.75), 'mep5': np.float32(3.3750002), 'mep6': np.float32(3.875), 'mep7': np.float32(3.7500002), 'mep8': np.float32(0.0), 'mep9': np.float32(5.375)}

 Layout risky_multipath Algo mep Exp mep-S1 updates 132/150 episodes, total num timesteps 212800/240000, FPS 609.

average episode rewards is {'mep1': np.float32(3.3750002), 'mep10': np.float32(0.0), 'mep11': np.float32(1.125), 'mep12': np.float32(1.5), 'mep2': np.float32(0.375), 'mep3': np.float32(1.125), 'mep4': np.float32(0.75), 'mep5': np.float32(3.3750002), 'mep6': np.float32(3.875), 'mep7': np.float32(3.7500002), 'mep8': np.float32(0.0), 'mep9': np.float32(5.375)}

 Layout risky_multipath Algo mep Exp mep-S1 updates 133/150 episodes, total num timesteps 214400/240000, FPS 609.

average episode rewards is {'mep1': np.float32(3.3750002), 'mep10': np.float32(0.0), 'mep11': np.float32(1.125), 'mep12': np.float32(1.5), 'mep2': np.float32(0.375), 'mep3': np.float32(1.125), 'mep4': np.float32(0.75), 'mep5': np.float32(3.3750002), 'mep6': np.float32(3.875), 'mep7': np.float32(3.7500002), 'mep8': np.float32(0.0), 'mep9': np.float32(5.375)}

 Layout risky_multipath Algo mep Exp mep-S1 updates 134/150 episodes, total num timesteps 216000/240000, FPS 609.

average episode rewards is {'mep1': np.float32(3.3750002), 'mep10': np.float32(0.0), 'mep11': np.float32(0.75), 'mep12': np.float32(1.5), 'mep2': np.float32(0.375), 'mep3': np.float32(1.125), 'mep4': np.float32(0.75), 'mep5': np.float32(3.3750002), 'mep6': np.float32(3.875), 'mep7': np.float32(3.7500002), 'mep8': np.float32(0.0), 'mep9': np.float32(5.375)}

 Layout risky_multipath Algo mep Exp mep-S1 updates 135/150 episodes, total num timesteps 217600/240000, FPS 609.

average episode rewards is {'mep1': np.float32(3.3750002), 'mep10': np.float32(0.0), 'mep11': np.float32(0.75), 'mep12': np.float32(3.3750002), 'mep2': np.float32(0.375), 'mep3': np.float32(1.125), 'mep4': np.float32(0.75), 'mep5': np.float32(3.3750002), 'mep6': np.float32(3.875), 'mep7': np.float32(3.7500002), 'mep8': np.float32(0.0), 'mep9': np.float32(5.375)}

 Layout risky_multipath Algo mep Exp mep-S1 updates 136/150 episodes, total num timesteps 219200/240000, FPS 609.

average episode rewards is {'mep1': np.float32(3.3750002), 'mep10': np.float32(0.0), 'mep11': np.float32(0.75), 'mep12': np.float32(3.3750002), 'mep2': np.float32(0.75), 'mep3': np.float32(1.125), 'mep4': np.float32(0.75), 'mep5': np.float32(3.3750002), 'mep6': np.float32(3.875), 'mep7': np.float32(3.7500002), 'mep8': np.float32(0.0), 'mep9': np.float32(5.375)}

 Layout risky_multipath Algo mep Exp mep-S1 updates 137/150 episodes, total num timesteps 220800/240000, FPS 609.

average episode rewards is {'mep1': np.float32(3.3750002), 'mep10': np.float32(0.0), 'mep11': np.float32(0.75), 'mep12': np.float32(3.3750002), 'mep2': np.float32(0.75), 'mep3': np.float32(0.375), 'mep4': np.float32(0.75), 'mep5': np.float32(3.3750002), 'mep6': np.float32(3.875), 'mep7': np.float32(3.7500002), 'mep8': np.float32(0.0), 'mep9': np.float32(5.375)}

 Layout risky_multipath Algo mep Exp mep-S1 updates 138/150 episodes, total num timesteps 222400/240000, FPS 609.

average episode rewards is {'mep1': np.float32(3.3750002), 'mep10': np.float32(0.0), 'mep11': np.float32(0.75), 'mep12': np.float32(3.3750002), 'mep2': np.float32(0.75), 'mep3': np.float32(0.375), 'mep4': np.float32(0.0), 'mep5': np.float32(3.3750002), 'mep6': np.float32(3.875), 'mep7': np.float32(3.7500002), 'mep8': np.float32(0.0), 'mep9': np.float32(5.375)}

 Layout risky_multipath Algo mep Exp mep-S1 updates 139/150 episodes, total num timesteps 224000/240000, FPS 610.

average episode rewards is {'mep1': np.float32(3.3750002), 'mep10': np.float32(0.0), 'mep11': np.float32(0.75), 'mep12': np.float32(3.3750002), 'mep2': np.float32(0.75), 'mep3': np.float32(0.375), 'mep4': np.float32(0.0), 'mep5': np.float32(3.0), 'mep6': np.float32(3.875), 'mep7': np.float32(3.7500002), 'mep8': np.float32(0.0), 'mep9': np.float32(5.375)}

 Layout risky_multipath Algo mep Exp mep-S1 updates 140/150 episodes, total num timesteps 225600/240000, FPS 610.

average episode rewards is {'mep1': np.float32(3.3750002), 'mep10': np.float32(0.0), 'mep11': np.float32(0.75), 'mep12': np.float32(3.3750002), 'mep2': np.float32(0.75), 'mep3': np.float32(0.375), 'mep4': np.float32(0.0), 'mep5': np.float32(3.0), 'mep6': np.float32(5.375), 'mep7': np.float32(3.7500002), 'mep8': np.float32(0.0), 'mep9': np.float32(5.375)}

 Layout risky_multipath Algo mep Exp mep-S1 updates 141/150 episodes, total num timesteps 227200/240000, FPS 610.

average episode rewards is {'mep1': np.float32(3.3750002), 'mep10': np.float32(0.0), 'mep11': np.float32(0.75), 'mep12': np.float32(3.3750002), 'mep2': np.float32(0.75), 'mep3': np.float32(0.375), 'mep4': np.float32(0.0), 'mep5': np.float32(3.0), 'mep6': np.float32(5.375), 'mep7': np.float32(3.7500002), 'mep8': np.float32(0.0), 'mep9': np.float32(5.375)}

 Layout risky_multipath Algo mep Exp mep-S1 updates 142/150 episodes, total num timesteps 228800/240000, FPS 610.

average episode rewards is {'mep1': np.float32(3.3750002), 'mep10': np.float32(0.0), 'mep11': np.float32(0.75), 'mep12': np.float32(3.3750002), 'mep2': np.float32(0.75), 'mep3': np.float32(0.375), 'mep4': np.float32(0.0), 'mep5': np.float32(3.0), 'mep6': np.float32(5.375), 'mep7': np.float32(3.7500002), 'mep8': np.float32(0.0), 'mep9': np.float32(5.375)}

 Layout risky_multipath Algo mep Exp mep-S1 updates 143/150 episodes, total num timesteps 230400/240000, FPS 610.

average episode rewards is {'mep1': np.float32(3.3750002), 'mep10': np.float32(0.0), 'mep11': np.float32(0.75), 'mep12': np.float32(3.3750002), 'mep2': np.float32(0.75), 'mep3': np.float32(0.375), 'mep4': np.float32(0.0), 'mep5': np.float32(3.0), 'mep6': np.float32(5.375), 'mep7': np.float32(3.7500002), 'mep8': np.float32(0.0), 'mep9': np.float32(5.0)}

 Layout risky_multipath Algo mep Exp mep-S1 updates 144/150 episodes, total num timesteps 232000/240000, FPS 610.

average episode rewards is {'mep1': np.float32(4.125), 'mep10': np.float32(0.0), 'mep11': np.float32(0.75), 'mep12': np.float32(3.3750002), 'mep2': np.float32(0.75), 'mep3': np.float32(0.375), 'mep4': np.float32(0.0), 'mep5': np.float32(3.0), 'mep6': np.float32(5.375), 'mep7': np.float32(3.7500002), 'mep8': np.float32(0.0), 'mep9': np.float32(5.0)}

 Layout risky_multipath Algo mep Exp mep-S1 updates 145/150 episodes, total num timesteps 233600/240000, FPS 610.

average episode rewards is {'mep1': np.float32(4.125), 'mep10': np.float32(0.375), 'mep11': np.float32(0.75), 'mep12': np.float32(3.3750002), 'mep2': np.float32(0.75), 'mep3': np.float32(0.375), 'mep4': np.float32(0.0), 'mep5': np.float32(3.0), 'mep6': np.float32(5.375), 'mep7': np.float32(3.7500002), 'mep8': np.float32(0.0), 'mep9': np.float32(5.0)}

 Layout risky_multipath Algo mep Exp mep-S1 updates 146/150 episodes, total num timesteps 235200/240000, FPS 610.

average episode rewards is {'mep1': np.float32(4.125), 'mep10': np.float32(0.375), 'mep11': np.float32(1.125), 'mep12': np.float32(3.3750002), 'mep2': np.float32(0.75), 'mep3': np.float32(0.375), 'mep4': np.float32(0.0), 'mep5': np.float32(3.0), 'mep6': np.float32(5.375), 'mep7': np.float32(3.7500002), 'mep8': np.float32(0.0), 'mep9': np.float32(5.0)}

 Layout risky_multipath Algo mep Exp mep-S1 updates 147/150 episodes, total num timesteps 236800/240000, FPS 610.

average episode rewards is {'mep1': np.float32(4.125), 'mep10': np.float32(0.375), 'mep11': np.float32(1.125), 'mep12': np.float32(3.0), 'mep2': np.float32(0.75), 'mep3': np.float32(0.375), 'mep4': np.float32(0.0), 'mep5': np.float32(3.0), 'mep6': np.float32(5.375), 'mep7': np.float32(3.7500002), 'mep8': np.float32(0.0), 'mep9': np.float32(5.0)}

 Layout risky_multipath Algo mep Exp mep-S1 updates 148/150 episodes, total num timesteps 238400/240000, FPS 610.

average episode rewards is {'mep1': np.float32(4.125), 'mep10': np.float32(0.375), 'mep11': np.float32(1.125), 'mep12': np.float32(3.0), 'mep2': np.float32(1.125), 'mep3': np.float32(0.375), 'mep4': np.float32(0.0), 'mep5': np.float32(3.0), 'mep6': np.float32(5.375), 'mep7': np.float32(3.7500002), 'mep8': np.float32(0.0), 'mep9': np.float32(5.0)}

 Layout risky_multipath Algo mep Exp mep-S1 updates 149/150 episodes, total num timesteps 240000/240000, FPS 610.

average episode rewards is {'mep1': np.float32(4.125), 'mep10': np.float32(0.375), 'mep11': np.float32(1.125), 'mep12': np.float32(3.0), 'mep2': np.float32(1.125), 'mep3': np.float32(1.125), 'mep4': np.float32(0.0), 'mep5': np.float32(3.0), 'mep6': np.float32(5.375), 'mep7': np.float32(3.7500002), 'mep8': np.float32(0.0), 'mep9': np.float32(5.0)}
/home/isl_jhoh/CoRL/transplant/results/RiskyOvercooked/risky_multipath/mep/mep-S1/run2/models/mep1/actor_periodic_3200.pt -> /home/isl_jhoh/CoRL/transplant/policy_pool/risky_multipath/mep/s1/mep1_init_actor.pt
/home/isl_jhoh/CoRL/transplant/results/RiskyOvercooked/risky_multipath/mep/mep-S1/run2/models/mep1/actor_periodic_22400.pt -> /home/isl_jhoh/CoRL/transplant/policy_pool/risky_multipath/mep/s1/mep1_mid_actor.pt
/home/isl_jhoh/CoRL/transplant/results/RiskyOvercooked/risky_multipath/mep/mep-S1/run2/models/mep1/actor_periodic_41600.pt -> /home/isl_jhoh/CoRL/transplant/policy_pool/risky_multipath/mep/s1/mep1_final_actor.pt
/home/isl_jhoh/CoRL/transplant/results/RiskyOvercooked/risky_multipath/mep/mep-S1/run2/models/mep2/actor_periodic_0.pt -> /home/isl_jhoh/CoRL/transplant/policy_pool/risky_multipath/mep/s1/mep2_init_actor.pt
/home/isl_jhoh/CoRL/transplant/results/RiskyOvercooked/risky_multipath/mep/mep-S1/run2/models/mep2/actor_periodic_22400.pt -> /home/isl_jhoh/CoRL/transplant/policy_pool/risky_multipath/mep/s1/mep2_mid_actor.pt
/home/isl_jhoh/CoRL/transplant/results/RiskyOvercooked/risky_multipath/mep/mep-S1/run2/models/mep2/actor_periodic_41600.pt -> /home/isl_jhoh/CoRL/transplant/policy_pool/risky_multipath/mep/s1/mep2_final_actor.pt
/home/isl_jhoh/CoRL/transplant/results/RiskyOvercooked/risky_multipath/mep/mep-S1/run2/models/mep3/actor_periodic_0.pt -> /home/isl_jhoh/CoRL/transplant/policy_pool/risky_multipath/mep/s1/mep3_init_actor.pt
/home/isl_jhoh/CoRL/transplant/results/RiskyOvercooked/risky_multipath/mep/mep-S1/run2/models/mep3/actor_periodic_19200.pt -> /home/isl_jhoh/CoRL/transplant/policy_pool/risky_multipath/mep/s1/mep3_mid_actor.pt
/home/isl_jhoh/CoRL/transplant/results/RiskyOvercooked/risky_multipath/mep/mep-S1/run2/models/mep3/actor_periodic_38400.pt -> /home/isl_jhoh/CoRL/transplant/policy_pool/risky_multipath/mep/s1/mep3_final_actor.pt
/home/isl_jhoh/CoRL/transplant/results/RiskyOvercooked/risky_multipath/mep/mep-S1/run2/models/mep4/actor_periodic_0.pt -> /home/isl_jhoh/CoRL/transplant/policy_pool/risky_multipath/mep/s1/mep4_init_actor.pt
/home/isl_jhoh/CoRL/transplant/results/RiskyOvercooked/risky_multipath/mep/mep-S1/run2/models/mep4/actor_periodic_19200.pt -> /home/isl_jhoh/CoRL/transplant/policy_pool/risky_multipath/mep/s1/mep4_mid_actor.pt
/home/isl_jhoh/CoRL/transplant/results/RiskyOvercooked/risky_multipath/mep/mep-S1/run2/models/mep4/actor_periodic_38400.pt -> /home/isl_jhoh/CoRL/transplant/policy_pool/risky_multipath/mep/s1/mep4_final_actor.pt
/home/isl_jhoh/CoRL/transplant/results/RiskyOvercooked/risky_multipath/mep/mep-S1/run2/models/mep5/actor_periodic_0.pt -> /home/isl_jhoh/CoRL/transplant/policy_pool/risky_multipath/mep/s1/mep5_init_actor.pt
/home/isl_jhoh/CoRL/transplant/results/RiskyOvercooked/risky_multipath/mep/mep-S1/run2/models/mep5/actor_periodic_19200.pt -> /home/isl_jhoh/CoRL/transplant/policy_pool/risky_multipath/mep/s1/mep5_mid_actor.pt
/home/isl_jhoh/CoRL/transplant/results/RiskyOvercooked/risky_multipath/mep/mep-S1/run2/models/mep5/actor_periodic_38400.pt -> /home/isl_jhoh/CoRL/transplant/policy_pool/risky_multipath/mep/s1/mep5_final_actor.pt
/home/isl_jhoh/CoRL/transplant/results/RiskyOvercooked/risky_multipath/mep/mep-S1/run2/models/mep6/actor_periodic_0.pt -> /home/isl_jhoh/CoRL/transplant/policy_pool/risky_multipath/mep/s1/mep6_init_actor.pt
/home/isl_jhoh/CoRL/transplant/results/RiskyOvercooked/risky_multipath/mep/mep-S1/run2/models/mep6/actor_periodic_19200.pt -> /home/isl_jhoh/CoRL/transplant/policy_pool/risky_multipath/mep/s1/mep6_mid_actor.pt
/home/isl_jhoh/CoRL/transplant/results/RiskyOvercooked/risky_multipath/mep/mep-S1/run2/models/mep6/actor_periodic_38400.pt -> /home/isl_jhoh/CoRL/transplant/policy_pool/risky_multipath/mep/s1/mep6_final_actor.pt
wrote /home/isl_jhoh/CoRL/transplant/policy_pool/risky_multipath/mep/s1/eval.yml
/home/isl_jhoh/miniconda3/envs/corl/lib/python3.10/site-packages/pygame/pkgdata.py:25: UserWarning: pkg_resources is deprecated as an API. See https://setuptools.pypa.io/en/latest/pkg_resources.html. The pkg_resources package is slated for removal as early as 2025-11-30. Refrain from using this package or pin to Setuptools<81.
  from pkg_resources import resource_stream, resource_exists
pygame 2.6.1 (SDL 2.28.4, Python 3.10.20)
Hello from the pygame community. https://www.pygame.org/contribute.html
wrote /home/isl_jhoh/CoRL/transplant/policy_pool/risky_multipath/policy_config/mlp_policy_config.pkl
wrote /home/isl_jhoh/CoRL/transplant/policy_pool/risky_multipath/policy_config/rnn_policy_config.pkl
wrote /home/isl_jhoh/CoRL/transplant/policy_pool/risky_multipath/mep/s1/train.yml
=== HSP S1 seed 1/1 ===
/home/isl_jhoh/miniconda3/envs/corl/lib/python3.10/site-packages/pygame/pkgdata.py:25: UserWarning: pkg_resources is deprecated as an API. See https://setuptools.pypa.io/en/latest/pkg_resources.html. The pkg_resources package is slated for removal as early as 2025-11-30. Refrain from using this package or pin to Setuptools<81.
  from pkg_resources import resource_stream, resource_exists
pygame 2.6.1 (SDL 2.28.4, Python 3.10.20)
Hello from the pygame community. https://www.pygame.org/contribute.html
choose to use gpu...
Pickle dump policy config at /home/isl_jhoh/CoRL/transplant/results/RiskyOvercooked/risky_multipath/mappo/hsp-S1/run4/policy_config.pkl
(7, 6, 28)
(7, 6, 56)
(7, 6, 28)
(7, 6, 56)

 Layout risky_multipath Algo mappo Exp hsp-S1 updates 0/12 episodes, total num timesteps 1600/20000, FPS 369.

average episode rewards agent 0 is 11.465831756591797
average episode rewards agent 1 is 0.0

 Layout risky_multipath Algo mappo Exp hsp-S1 updates 1/12 episodes, total num timesteps 3200/20000, FPS 401.

average episode rewards agent 0 is 30.337848663330078
average episode rewards agent 1 is 0.0

 Layout risky_multipath Algo mappo Exp hsp-S1 updates 2/12 episodes, total num timesteps 4800/20000, FPS 414.

average episode rewards agent 0 is 11.888286590576172
average episode rewards agent 1 is 0.75

 Layout risky_multipath Algo mappo Exp hsp-S1 updates 3/12 episodes, total num timesteps 6400/20000, FPS 421.

average episode rewards agent 0 is 14.117975234985352
average episode rewards agent 1 is 0.0

 Layout risky_multipath Algo mappo Exp hsp-S1 updates 4/12 episodes, total num timesteps 8000/20000, FPS 426.

average episode rewards agent 0 is 38.33433151245117
average episode rewards agent 1 is 0.0

 Layout risky_multipath Algo mappo Exp hsp-S1 updates 5/12 episodes, total num timesteps 9600/20000, FPS 429.

average episode rewards agent 0 is 80.03349304199219
average episode rewards agent 1 is 0.0

 Layout risky_multipath Algo mappo Exp hsp-S1 updates 6/12 episodes, total num timesteps 11200/20000, FPS 431.

average episode rewards agent 0 is 145.23036193847656
average episode rewards agent 1 is 0.0

 Layout risky_multipath Algo mappo Exp hsp-S1 updates 7/12 episodes, total num timesteps 12800/20000, FPS 432.

average episode rewards agent 0 is 187.30654907226562
average episode rewards agent 1 is 0.0

 Layout risky_multipath Algo mappo Exp hsp-S1 updates 8/12 episodes, total num timesteps 14400/20000, FPS 434.

average episode rewards agent 0 is 242.25828552246094
average episode rewards agent 1 is 0.0

 Layout risky_multipath Algo mappo Exp hsp-S1 updates 9/12 episodes, total num timesteps 16000/20000, FPS 435.

average episode rewards agent 0 is 272.9149169921875
average episode rewards agent 1 is 0.0

 Layout risky_multipath Algo mappo Exp hsp-S1 updates 10/12 episodes, total num timesteps 17600/20000, FPS 435.

average episode rewards agent 0 is 293.17620849609375
average episode rewards agent 1 is 0.75

 Layout risky_multipath Algo mappo Exp hsp-S1 updates 11/12 episodes, total num timesteps 19200/20000, FPS 436.

average episode rewards agent 0 is 300.083740234375
average episode rewards agent 1 is 0.0
/home/isl_jhoh/CoRL/transplant/results/RiskyOvercooked/risky_multipath/mappo/hsp-S1/run1/models/actor_agent0_periodic_3.pt -> /home/isl_jhoh/CoRL/transplant/policy_pool/risky_multipath/hsp/s1/hsp1_w0_actor.pt
/home/isl_jhoh/CoRL/transplant/results/RiskyOvercooked/risky_multipath/mappo/hsp-S1/run1/models/actor_agent1_periodic_3.pt -> /home/isl_jhoh/CoRL/transplant/policy_pool/risky_multipath/hsp/s1/hsp1_w1_actor.pt
/home/isl_jhoh/CoRL/transplant/results/RiskyOvercooked/risky_multipath/mappo/hsp-S1/run2/models/actor_agent0_periodic_0.pt -> /home/isl_jhoh/CoRL/transplant/policy_pool/risky_multipath/hsp/s1/hsp1_w0_actor.pt
/home/isl_jhoh/CoRL/transplant/results/RiskyOvercooked/risky_multipath/mappo/hsp-S1/run2/models/actor_agent1_periodic_0.pt -> /home/isl_jhoh/CoRL/transplant/policy_pool/risky_multipath/hsp/s1/hsp1_w1_actor.pt
/home/isl_jhoh/CoRL/transplant/results/RiskyOvercooked/risky_multipath/mappo/hsp-S1/run3/models/actor_agent0_periodic_11.pt -> /home/isl_jhoh/CoRL/transplant/policy_pool/risky_multipath/hsp/s1/hsp1_w0_actor.pt
/home/isl_jhoh/CoRL/transplant/results/RiskyOvercooked/risky_multipath/mappo/hsp-S1/run3/models/actor_agent1_periodic_11.pt -> /home/isl_jhoh/CoRL/transplant/policy_pool/risky_multipath/hsp/s1/hsp1_w1_actor.pt
/home/isl_jhoh/CoRL/transplant/results/RiskyOvercooked/risky_multipath/mappo/hsp-S1/run4/models/actor_agent0_periodic_11.pt -> /home/isl_jhoh/CoRL/transplant/policy_pool/risky_multipath/hsp/s1/hsp1_w0_actor.pt
/home/isl_jhoh/CoRL/transplant/results/RiskyOvercooked/risky_multipath/mappo/hsp-S1/run4/models/actor_agent1_periodic_11.pt -> /home/isl_jhoh/CoRL/transplant/policy_pool/risky_multipath/hsp/s1/hsp1_w1_actor.pt
wrote /home/isl_jhoh/CoRL/transplant/policy_pool/risky_multipath/hsp/s1/eval.yml
=== eval hsp1_w0 vs hsp1_w1 ===
/home/isl_jhoh/miniconda3/envs/corl/lib/python3.10/site-packages/pygame/pkgdata.py:25: UserWarning: pkg_resources is deprecated as an API. See https://setuptools.pypa.io/en/latest/pkg_resources.html. The pkg_resources package is slated for removal as early as 2025-11-30. Refrain from using this package or pin to Setuptools<81.
  from pkg_resources import resource_stream, resource_exists
pygame 2.6.1 (SDL 2.28.4, Python 3.10.20)
Hello from the pygame community. https://www.pygame.org/contribute.html
choose to use gpu...
/home/isl_jhoh/CoRL/HSP/hsp/algorithms/population/policy_pool.py:63: UserWarning: Policy pool currently loads all checkpoints into gpu, consider load into cpu latter...
  warnings.warn("Policy pool currently loads all checkpoints into gpu, consider load into cpu latter...")
/home/isl_jhoh/CoRL/transplant/runners/risky_overcooked_runner.py:131: UserWarning: Evaluation with multi policy is not compatible with async done.
  warnings.warn("Evaluation with multi policy is not compatible with async done.")
Pickle dump policy config at /home/isl_jhoh/CoRL/transplant/results/RiskyOvercooked/risky_multipath/population/eval-hsp1-w0-w1/run2/policy_config.pkl
population_yaml_path:  /home/isl_jhoh/CoRL/transplant/policy_pool/risky_multipath/hsp/s1/eval.yml
config loaded
디버깅 before checkpoint: {'actor': '/home/isl_jhoh/CoRL/transplant/policy_pool/risky_multipath/hsp/s1/hsp1_w0_actor.pt'}
디버깅 checkpoint loaded
디버깅 before checkpoint: {'actor': '/home/isl_jhoh/CoRL/transplant/policy_pool/risky_multipath/hsp/s1/hsp1_w1_actor.pt'}
디버깅 checkpoint loaded
{'hsp1_w0-hsp1_w1-eval_ep_tomato_pickup_by_agent0': [np.float32(0.0)], 'agent0-hsp1_w0-eval_ep_tomato_pickup_by_agent0': [np.float32(0.0)], 'agent1-hsp1_w1-eval_ep_tomato_pickup_by_agent0': [np.float32(0.0)], 'either-hsp1_w0-eval_ep_tomato_pickup_by_agent0': [np.float32(0.0)], 'either-hsp1_w1-eval_ep_tomato_pickup_by_agent0': [np.float32(0.0)], 'hsp1_w0-hsp1_w1-eval_ep_useful_tomato_pickup_by_agent0': [np.float32(0.0)], 'agent0-hsp1_w0-eval_ep_useful_tomato_pickup_by_agent0': [np.float32(0.0)], 'agent1-hsp1_w1-eval_ep_useful_tomato_pickup_by_agent0': [np.float32(0.0)], 'either-hsp1_w0-eval_ep_useful_tomato_pickup_by_agent0': [np.float32(0.0)], 'either-hsp1_w1-eval_ep_useful_tomato_pickup_by_agent0': [np.float32(0.0)], 'hsp1_w0-hsp1_w1-eval_ep_tomato_drop_by_agent0': [np.float32(0.0)], 'agent0-hsp1_w0-eval_ep_tomato_drop_by_agent0': [np.float32(0.0)], 'agent1-hsp1_w1-eval_ep_tomato_drop_by_agent0': [np.float32(0.0)], 'either-hsp1_w0-eval_ep_tomato_drop_by_agent0': [np.float32(0.0)], 'either-hsp1_w1-eval_ep_tomato_drop_by_agent0': [np.float32(0.0)], 'hsp1_w0-hsp1_w1-eval_ep_useful_tomato_drop_by_agent0': [np.float32(0.0)], 'agent0-hsp1_w0-eval_ep_useful_tomato_drop_by_agent0': [np.float32(0.0)], 'agent1-hsp1_w1-eval_ep_useful_tomato_drop_by_agent0': [np.float32(0.0)], 'either-hsp1_w0-eval_ep_useful_tomato_drop_by_agent0': [np.float32(0.0)], 'either-hsp1_w1-eval_ep_useful_tomato_drop_by_agent0': [np.float32(0.0)], 'hsp1_w0-hsp1_w1-eval_ep_potting_tomato_by_agent0': [np.float32(0.0)], 'agent0-hsp1_w0-eval_ep_potting_tomato_by_agent0': [np.float32(0.0)], 'agent1-hsp1_w1-eval_ep_potting_tomato_by_agent0': [np.float32(0.0)], 'either-hsp1_w0-eval_ep_potting_tomato_by_agent0': [np.float32(0.0)], 'either-hsp1_w1-eval_ep_potting_tomato_by_agent0': [np.float32(0.0)], 'hsp1_w0-hsp1_w1-eval_ep_tomato_risked_by_agent0': [np.float32(0.0)], 'agent0-hsp1_w0-eval_ep_tomato_risked_by_agent0': [np.float32(0.0)], 'agent1-hsp1_w1-eval_ep_tomato_risked_by_agent0': [np.float32(0.0)], 'either-hsp1_w0-eval_ep_tomato_risked_by_agent0': [np.float32(0.0)], 'either-hsp1_w1-eval_ep_tomato_risked_by_agent0': [np.float32(0.0)], 'hsp1_w0-hsp1_w1-eval_ep_tomato_slip_by_agent0': [np.float32(0.0)], 'agent0-hsp1_w0-eval_ep_tomato_slip_by_agent0': [np.float32(0.0)], 'agent1-hsp1_w1-eval_ep_tomato_slip_by_agent0': [np.float32(0.0)], 'either-hsp1_w0-eval_ep_tomato_slip_by_agent0': [np.float32(0.0)], 'either-hsp1_w1-eval_ep_tomato_slip_by_agent0': [np.float32(0.0)], 'hsp1_w0-hsp1_w1-eval_ep_tomato_handoff_by_agent0': [np.float32(0.0)], 'agent0-hsp1_w0-eval_ep_tomato_handoff_by_agent0': [np.float32(0.0)], 'agent1-hsp1_w1-eval_ep_tomato_handoff_by_agent0': [np.float32(0.0)], 'either-hsp1_w0-eval_ep_tomato_handoff_by_agent0': [np.float32(0.0)], 'either-hsp1_w1-eval_ep_tomato_handoff_by_agent0': [np.float32(0.0)], 'hsp1_w0-hsp1_w1-eval_ep_onion_pickup_by_agent0': [np.float32(32.0)], 'agent0-hsp1_w0-eval_ep_onion_pickup_by_agent0': [np.float32(32.0)], 'agent1-hsp1_w1-eval_ep_onion_pickup_by_agent0': [np.float32(32.0)], 'either-hsp1_w0-eval_ep_onion_pickup_by_agent0': [np.float32(32.0)], 'either-hsp1_w1-eval_ep_onion_pickup_by_agent0': [np.float32(32.0)], 'hsp1_w0-hsp1_w1-eval_ep_useful_onion_pickup_by_agent0': [np.float32(32.0)], 'agent0-hsp1_w0-eval_ep_useful_onion_pickup_by_agent0': [np.float32(32.0)], 'agent1-hsp1_w1-eval_ep_useful_onion_pickup_by_agent0': [np.float32(32.0)], 'either-hsp1_w0-eval_ep_useful_onion_pickup_by_agent0': [np.float32(32.0)], 'either-hsp1_w1-eval_ep_useful_onion_pickup_by_agent0': [np.float32(32.0)], 'hsp1_w0-hsp1_w1-eval_ep_onion_drop_by_agent0': [np.float32(11.65)], 'agent0-hsp1_w0-eval_ep_onion_drop_by_agent0': [np.float32(11.65)], 'agent1-hsp1_w1-eval_ep_onion_drop_by_agent0': [np.float32(11.65)], 'either-hsp1_w0-eval_ep_onion_drop_by_agent0': [np.float32(11.65)], 'either-hsp1_w1-eval_ep_onion_drop_by_agent0': [np.float32(11.65)], 'hsp1_w0-hsp1_w1-eval_ep_useful_onion_drop_by_agent0': [np.float32(0.0)], 'agent0-hsp1_w0-eval_ep_useful_onion_drop_by_agent0': [np.float32(0.0)], 'agent1-hsp1_w1-eval_ep_useful_onion_drop_by_agent0': [np.float32(0.0)], 'either-hsp1_w0-eval_ep_useful_onion_drop_by_agent0': [np.float32(0.0)], 'either-hsp1_w1-eval_ep_useful_onion_drop_by_agent0': [np.float32(0.0)], 'hsp1_w0-hsp1_w1-eval_ep_potting_onion_by_agent0': [np.float32(0.15)], 'agent0-hsp1_w0-eval_ep_potting_onion_by_agent0': [np.float32(0.15)], 'agent1-hsp1_w1-eval_ep_potting_onion_by_agent0': [np.float32(0.15)], 'either-hsp1_w0-eval_ep_potting_onion_by_agent0': [np.float32(0.15)], 'either-hsp1_w1-eval_ep_potting_onion_by_agent0': [np.float32(0.15)], 'hsp1_w0-hsp1_w1-eval_ep_onion_risked_by_agent0': [np.float32(134.45)], 'agent0-hsp1_w0-eval_ep_onion_risked_by_agent0': [np.float32(134.45)], 'agent1-hsp1_w1-eval_ep_onion_risked_by_agent0': [np.float32(134.45)], 'either-hsp1_w0-eval_ep_onion_risked_by_agent0': [np.float32(134.45)], 'either-hsp1_w1-eval_ep_onion_risked_by_agent0': [np.float32(134.45)], 'hsp1_w0-hsp1_w1-eval_ep_onion_slip_by_agent0': [np.float32(19.65)], 'agent0-hsp1_w0-eval_ep_onion_slip_by_agent0': [np.float32(19.65)], 'agent1-hsp1_w1-eval_ep_onion_slip_by_agent0': [np.float32(19.65)], 'either-hsp1_w0-eval_ep_onion_slip_by_agent0': [np.float32(19.65)], 'either-hsp1_w1-eval_ep_onion_slip_by_agent0': [np.float32(19.65)], 'hsp1_w0-hsp1_w1-eval_ep_onion_handoff_by_agent0': [np.float32(0.05)], 'agent0-hsp1_w0-eval_ep_onion_handoff_by_agent0': [np.float32(0.05)], 'agent1-hsp1_w1-eval_ep_onion_handoff_by_agent0': [np.float32(0.05)], 'either-hsp1_w0-eval_ep_onion_handoff_by_agent0': [np.float32(0.05)], 'either-hsp1_w1-eval_ep_onion_handoff_by_agent0': [np.float32(0.05)], 'hsp1_w0-hsp1_w1-eval_ep_dish_pickup_by_agent0': [np.float32(0.2)], 'agent0-hsp1_w0-eval_ep_dish_pickup_by_agent0': [np.float32(0.2)], 'agent1-hsp1_w1-eval_ep_dish_pickup_by_agent0': [np.float32(0.2)], 'either-hsp1_w0-eval_ep_dish_pickup_by_agent0': [np.float32(0.2)], 'either-hsp1_w1-eval_ep_dish_pickup_by_agent0': [np.float32(0.2)], 'hsp1_w0-hsp1_w1-eval_ep_useful_dish_pickup_by_agent0': [np.float32(0.0)], 'agent0-hsp1_w0-eval_ep_useful_dish_pickup_by_agent0': [np.float32(0.0)], 'agent1-hsp1_w1-eval_ep_useful_dish_pickup_by_agent0': [np.float32(0.0)], 'either-hsp1_w0-eval_ep_useful_dish_pickup_by_agent0': [np.float32(0.0)], 'either-hsp1_w1-eval_ep_useful_dish_pickup_by_agent0': [np.float32(0.0)], 'hsp1_w0-hsp1_w1-eval_ep_dish_drop_by_agent0': [np.float32(0.1)], 'agent0-hsp1_w0-eval_ep_dish_drop_by_agent0': [np.float32(0.1)], 'agent1-hsp1_w1-eval_ep_dish_drop_by_agent0': [np.float32(0.1)], 'either-hsp1_w0-eval_ep_dish_drop_by_agent0': [np.float32(0.1)], 'either-hsp1_w1-eval_ep_dish_drop_by_agent0': [np.float32(0.1)], 'hsp1_w0-hsp1_w1-eval_ep_useful_dish_drop_by_agent0': [np.float32(0.1)], 'agent0-hsp1_w0-eval_ep_useful_dish_drop_by_agent0': [np.float32(0.1)], 'agent1-hsp1_w1-eval_ep_useful_dish_drop_by_agent0': [np.float32(0.1)], 'either-hsp1_w0-eval_ep_useful_dish_drop_by_agent0': [np.float32(0.1)], 'either-hsp1_w1-eval_ep_useful_dish_drop_by_agent0': [np.float32(0.1)], 'hsp1_w0-hsp1_w1-eval_ep_dish_risked_by_agent0': [np.float32(0.0)], 'agent0-hsp1_w0-eval_ep_dish_risked_by_agent0': [np.float32(0.0)], 'agent1-hsp1_w1-eval_ep_dish_risked_by_agent0': [np.float32(0.0)], 'either-hsp1_w0-eval_ep_dish_risked_by_agent0': [np.float32(0.0)], 'either-hsp1_w1-eval_ep_dish_risked_by_agent0': [np.float32(0.0)], 'hsp1_w0-hsp1_w1-eval_ep_dish_slip_by_agent0': [np.float32(0.0)], 'agent0-hsp1_w0-eval_ep_dish_slip_by_agent0': [np.float32(0.0)], 'agent1-hsp1_w1-eval_ep_dish_slip_by_agent0': [np.float32(0.0)], 'either-hsp1_w0-eval_ep_dish_slip_by_agent0': [np.float32(0.0)], 'either-hsp1_w1-eval_ep_dish_slip_by_agent0': [np.float32(0.0)], 'hsp1_w0-hsp1_w1-eval_ep_dish_handoff_by_agent0': [np.float32(0.05)], 'agent0-hsp1_w0-eval_ep_dish_handoff_by_agent0': [np.float32(0.05)], 'agent1-hsp1_w1-eval_ep_dish_handoff_by_agent0': [np.float32(0.05)], 'either-hsp1_w0-eval_ep_dish_handoff_by_agent0': [np.float32(0.05)], 'either-hsp1_w1-eval_ep_dish_handoff_by_agent0': [np.float32(0.05)], 'hsp1_w0-hsp1_w1-eval_ep_soup_pickup_by_agent0': [np.float32(0.0)], 'agent0-hsp1_w0-eval_ep_soup_pickup_by_agent0': [np.float32(0.0)], 'agent1-hsp1_w1-eval_ep_soup_pickup_by_agent0': [np.float32(0.0)], 'either-hsp1_w0-eval_ep_soup_pickup_by_agent0': [np.float32(0.0)], 'either-hsp1_w1-eval_ep_soup_pickup_by_agent0': [np.float32(0.0)], 'hsp1_w0-hsp1_w1-eval_ep_soup_delivery_by_agent0': [np.float32(0.0)], 'agent0-hsp1_w0-eval_ep_soup_delivery_by_agent0': [np.float32(0.0)], 'agent1-hsp1_w1-eval_ep_soup_delivery_by_agent0': [np.float32(0.0)], 'either-hsp1_w0-eval_ep_soup_delivery_by_agent0': [np.float32(0.0)], 'either-hsp1_w1-eval_ep_soup_delivery_by_agent0': [np.float32(0.0)], 'hsp1_w0-hsp1_w1-eval_ep_soup_drop_by_agent0': [np.float32(0.0)], 'agent0-hsp1_w0-eval_ep_soup_drop_by_agent0': [np.float32(0.0)], 'agent1-hsp1_w1-eval_ep_soup_drop_by_agent0': [np.float32(0.0)], 'either-hsp1_w0-eval_ep_soup_drop_by_agent0': [np.float32(0.0)], 'either-hsp1_w1-eval_ep_soup_drop_by_agent0': [np.float32(0.0)], 'hsp1_w0-hsp1_w1-eval_ep_soup_risked_by_agent0': [np.float32(0.0)], 'agent0-hsp1_w0-eval_ep_soup_risked_by_agent0': [np.float32(0.0)], 'agent1-hsp1_w1-eval_ep_soup_risked_by_agent0': [np.float32(0.0)], 'either-hsp1_w0-eval_ep_soup_risked_by_agent0': [np.float32(0.0)], 'either-hsp1_w1-eval_ep_soup_risked_by_agent0': [np.float32(0.0)], 'hsp1_w0-hsp1_w1-eval_ep_soup_slip_by_agent0': [np.float32(0.0)], 'agent0-hsp1_w0-eval_ep_soup_slip_by_agent0': [np.float32(0.0)], 'agent1-hsp1_w1-eval_ep_soup_slip_by_agent0': [np.float32(0.0)], 'either-hsp1_w0-eval_ep_soup_slip_by_agent0': [np.float32(0.0)], 'either-hsp1_w1-eval_ep_soup_slip_by_agent0': [np.float32(0.0)], 'hsp1_w0-hsp1_w1-eval_ep_soup_handoff_by_agent0': [np.float32(0.0)], 'agent0-hsp1_w0-eval_ep_soup_handoff_by_agent0': [np.float32(0.0)], 'agent1-hsp1_w1-eval_ep_soup_handoff_by_agent0': [np.float32(0.0)], 'either-hsp1_w0-eval_ep_soup_handoff_by_agent0': [np.float32(0.0)], 'either-hsp1_w1-eval_ep_soup_handoff_by_agent0': [np.float32(0.0)], 'hsp1_w0-hsp1_w1-eval_ep_optimal_onion_potting_by_agent0': [np.float32(0.15)], 'agent0-hsp1_w0-eval_ep_optimal_onion_potting_by_agent0': [np.float32(0.15)], 'agent1-hsp1_w1-eval_ep_optimal_onion_potting_by_agent0': [np.float32(0.15)], 'either-hsp1_w0-eval_ep_optimal_onion_potting_by_agent0': [np.float32(0.15)], 'either-hsp1_w1-eval_ep_optimal_onion_potting_by_agent0': [np.float32(0.15)], 'hsp1_w0-hsp1_w1-eval_ep_optimal_tomato_potting_by_agent0': [np.float32(0.0)], 'agent0-hsp1_w0-eval_ep_optimal_tomato_potting_by_agent0': [np.float32(0.0)], 'agent1-hsp1_w1-eval_ep_optimal_tomato_potting_by_agent0': [np.float32(0.0)], 'either-hsp1_w0-eval_ep_optimal_tomato_potting_by_agent0': [np.float32(0.0)], 'either-hsp1_w1-eval_ep_optimal_tomato_potting_by_agent0': [np.float32(0.0)], 'hsp1_w0-hsp1_w1-eval_ep_viable_onion_potting_by_agent0': [np.float32(0.15)], 'agent0-hsp1_w0-eval_ep_viable_onion_potting_by_agent0': [np.float32(0.15)], 'agent1-hsp1_w1-eval_ep_viable_onion_potting_by_agent0': [np.float32(0.15)], 'either-hsp1_w0-eval_ep_viable_onion_potting_by_agent0': [np.float32(0.15)], 'either-hsp1_w1-eval_ep_viable_onion_potting_by_agent0': [np.float32(0.15)], 'hsp1_w0-hsp1_w1-eval_ep_viable_tomato_potting_by_agent0': [np.float32(0.0)], 'agent0-hsp1_w0-eval_ep_viable_tomato_potting_by_agent0': [np.float32(0.0)], 'agent1-hsp1_w1-eval_ep_viable_tomato_potting_by_agent0': [np.float32(0.0)], 'either-hsp1_w0-eval_ep_viable_tomato_potting_by_agent0': [np.float32(0.0)], 'either-hsp1_w1-eval_ep_viable_tomato_potting_by_agent0': [np.float32(0.0)], 'hsp1_w0-hsp1_w1-eval_ep_catastrophic_onion_potting_by_agent0': [np.float32(0.0)], 'agent0-hsp1_w0-eval_ep_catastrophic_onion_potting_by_agent0': [np.float32(0.0)], 'agent1-hsp1_w1-eval_ep_catastrophic_onion_potting_by_agent0': [np.float32(0.0)], 'either-hsp1_w0-eval_ep_catastrophic_onion_potting_by_agent0': [np.float32(0.0)], 'either-hsp1_w1-eval_ep_catastrophic_onion_potting_by_agent0': [np.float32(0.0)], 'hsp1_w0-hsp1_w1-eval_ep_catastrophic_tomato_potting_by_agent0': [np.float32(0.0)], 'agent0-hsp1_w0-eval_ep_catastrophic_tomato_potting_by_agent0': [np.float32(0.0)], 'agent1-hsp1_w1-eval_ep_catastrophic_tomato_potting_by_agent0': [np.float32(0.0)], 'either-hsp1_w0-eval_ep_catastrophic_tomato_potting_by_agent0': [np.float32(0.0)], 'either-hsp1_w1-eval_ep_catastrophic_tomato_potting_by_agent0': [np.float32(0.0)], 'hsp1_w0-hsp1_w1-eval_ep_useless_onion_potting_by_agent0': [np.float32(0.0)], 'agent0-hsp1_w0-eval_ep_useless_onion_potting_by_agent0': [np.float32(0.0)], 'agent1-hsp1_w1-eval_ep_useless_onion_potting_by_agent0': [np.float32(0.0)], 'either-hsp1_w0-eval_ep_useless_onion_potting_by_agent0': [np.float32(0.0)], 'either-hsp1_w1-eval_ep_useless_onion_potting_by_agent0': [np.float32(0.0)], 'hsp1_w0-hsp1_w1-eval_ep_useless_tomato_potting_by_agent0': [np.float32(0.0)], 'agent0-hsp1_w0-eval_ep_useless_tomato_potting_by_agent0': [np.float32(0.0)], 'agent1-hsp1_w1-eval_ep_useless_tomato_potting_by_agent0': [np.float32(0.0)], 'either-hsp1_w0-eval_ep_useless_tomato_potting_by_agent0': [np.float32(0.0)], 'either-hsp1_w1-eval_ep_useless_tomato_potting_by_agent0': [np.float32(0.0)], 'hsp1_w0-hsp1_w1-eval_ep_empty_slip_by_agent0': [np.float32(0.0)], 'agent0-hsp1_w0-eval_ep_empty_slip_by_agent0': [np.float32(0.0)], 'agent1-hsp1_w1-eval_ep_empty_slip_by_agent0': [np.float32(0.0)], 'either-hsp1_w0-eval_ep_empty_slip_by_agent0': [np.float32(0.0)], 'either-hsp1_w1-eval_ep_empty_slip_by_agent0': [np.float32(0.0)], 'hsp1_w0-hsp1_w1-eval_ep_tomato_pickup_by_agent1': [np.float32(0.0)], 'agent0-hsp1_w0-eval_ep_tomato_pickup_by_agent1': [np.float32(0.0)], 'agent1-hsp1_w1-eval_ep_tomato_pickup_by_agent1': [np.float32(0.0)], 'either-hsp1_w0-eval_ep_tomato_pickup_by_agent1': [np.float32(0.0)], 'either-hsp1_w1-eval_ep_tomato_pickup_by_agent1': [np.float32(0.0)], 'hsp1_w0-hsp1_w1-eval_ep_useful_tomato_pickup_by_agent1': [np.float32(0.0)], 'agent0-hsp1_w0-eval_ep_useful_tomato_pickup_by_agent1': [np.float32(0.0)], 'agent1-hsp1_w1-eval_ep_useful_tomato_pickup_by_agent1': [np.float32(0.0)], 'either-hsp1_w0-eval_ep_useful_tomato_pickup_by_agent1': [np.float32(0.0)], 'either-hsp1_w1-eval_ep_useful_tomato_pickup_by_agent1': [np.float32(0.0)], 'hsp1_w0-hsp1_w1-eval_ep_tomato_drop_by_agent1': [np.float32(0.0)], 'agent0-hsp1_w0-eval_ep_tomato_drop_by_agent1': [np.float32(0.0)], 'agent1-hsp1_w1-eval_ep_tomato_drop_by_agent1': [np.float32(0.0)], 'either-hsp1_w0-eval_ep_tomato_drop_by_agent1': [np.float32(0.0)], 'either-hsp1_w1-eval_ep_tomato_drop_by_agent1': [np.float32(0.0)], 'hsp1_w0-hsp1_w1-eval_ep_useful_tomato_drop_by_agent1': [np.float32(0.0)], 'agent0-hsp1_w0-eval_ep_useful_tomato_drop_by_agent1': [np.float32(0.0)], 'agent1-hsp1_w1-eval_ep_useful_tomato_drop_by_agent1': [np.float32(0.0)], 'either-hsp1_w0-eval_ep_useful_tomato_drop_by_agent1': [np.float32(0.0)], 'either-hsp1_w1-eval_ep_useful_tomato_drop_by_agent1': [np.float32(0.0)], 'hsp1_w0-hsp1_w1-eval_ep_potting_tomato_by_agent1': [np.float32(0.0)], 'agent0-hsp1_w0-eval_ep_potting_tomato_by_agent1': [np.float32(0.0)], 'agent1-hsp1_w1-eval_ep_potting_tomato_by_agent1': [np.float32(0.0)], 'either-hsp1_w0-eval_ep_potting_tomato_by_agent1': [np.float32(0.0)], 'either-hsp1_w1-eval_ep_potting_tomato_by_agent1': [np.float32(0.0)], 'hsp1_w0-hsp1_w1-eval_ep_tomato_risked_by_agent1': [np.float32(0.0)], 'agent0-hsp1_w0-eval_ep_tomato_risked_by_agent1': [np.float32(0.0)], 'agent1-hsp1_w1-eval_ep_tomato_risked_by_agent1': [np.float32(0.0)], 'either-hsp1_w0-eval_ep_tomato_risked_by_agent1': [np.float32(0.0)], 'either-hsp1_w1-eval_ep_tomato_risked_by_agent1': [np.float32(0.0)], 'hsp1_w0-hsp1_w1-eval_ep_tomato_slip_by_agent1': [np.float32(0.0)], 'agent0-hsp1_w0-eval_ep_tomato_slip_by_agent1': [np.float32(0.0)], 'agent1-hsp1_w1-eval_ep_tomato_slip_by_agent1': [np.float32(0.0)], 'either-hsp1_w0-eval_ep_tomato_slip_by_agent1': [np.float32(0.0)], 'either-hsp1_w1-eval_ep_tomato_slip_by_agent1': [np.float32(0.0)], 'hsp1_w0-hsp1_w1-eval_ep_tomato_handoff_by_agent1': [np.float32(0.0)], 'agent0-hsp1_w0-eval_ep_tomato_handoff_by_agent1': [np.float32(0.0)], 'agent1-hsp1_w1-eval_ep_tomato_handoff_by_agent1': [np.float32(0.0)], 'either-hsp1_w0-eval_ep_tomato_handoff_by_agent1': [np.float32(0.0)], 'either-hsp1_w1-eval_ep_tomato_handoff_by_agent1': [np.float32(0.0)], 'hsp1_w0-hsp1_w1-eval_ep_onion_pickup_by_agent1': [np.float32(0.7)], 'agent0-hsp1_w0-eval_ep_onion_pickup_by_agent1': [np.float32(0.7)], 'agent1-hsp1_w1-eval_ep_onion_pickup_by_agent1': [np.float32(0.7)], 'either-hsp1_w0-eval_ep_onion_pickup_by_agent1': [np.float32(0.7)], 'either-hsp1_w1-eval_ep_onion_pickup_by_agent1': [np.float32(0.7)], 'hsp1_w0-hsp1_w1-eval_ep_useful_onion_pickup_by_agent1': [np.float32(0.7)], 'agent0-hsp1_w0-eval_ep_useful_onion_pickup_by_agent1': [np.float32(0.7)], 'agent1-hsp1_w1-eval_ep_useful_onion_pickup_by_agent1': [np.float32(0.7)], 'either-hsp1_w0-eval_ep_useful_onion_pickup_by_agent1': [np.float32(0.7)], 'either-hsp1_w1-eval_ep_useful_onion_pickup_by_agent1': [np.float32(0.7)], 'hsp1_w0-hsp1_w1-eval_ep_onion_drop_by_agent1': [np.float32(0.25)], 'agent0-hsp1_w0-eval_ep_onion_drop_by_agent1': [np.float32(0.25)], 'agent1-hsp1_w1-eval_ep_onion_drop_by_agent1': [np.float32(0.25)], 'either-hsp1_w0-eval_ep_onion_drop_by_agent1': [np.float32(0.25)], 'either-hsp1_w1-eval_ep_onion_drop_by_agent1': [np.float32(0.25)], 'hsp1_w0-hsp1_w1-eval_ep_useful_onion_drop_by_agent1': [np.float32(0.0)], 'agent0-hsp1_w0-eval_ep_useful_onion_drop_by_agent1': [np.float32(0.0)], 'agent1-hsp1_w1-eval_ep_useful_onion_drop_by_agent1': [np.float32(0.0)], 'either-hsp1_w0-eval_ep_useful_onion_drop_by_agent1': [np.float32(0.0)], 'either-hsp1_w1-eval_ep_useful_onion_drop_by_agent1': [np.float32(0.0)], 'hsp1_w0-hsp1_w1-eval_ep_potting_onion_by_agent1': [np.float32(0.2)], 'agent0-hsp1_w0-eval_ep_potting_onion_by_agent1': [np.float32(0.2)], 'agent1-hsp1_w1-eval_ep_potting_onion_by_agent1': [np.float32(0.2)], 'either-hsp1_w0-eval_ep_potting_onion_by_agent1': [np.float32(0.2)], 'either-hsp1_w1-eval_ep_potting_onion_by_agent1': [np.float32(0.2)], 'hsp1_w0-hsp1_w1-eval_ep_onion_risked_by_agent1': [np.float32(2.45)], 'agent0-hsp1_w0-eval_ep_onion_risked_by_agent1': [np.float32(2.45)], 'agent1-hsp1_w1-eval_ep_onion_risked_by_agent1': [np.float32(2.45)], 'either-hsp1_w0-eval_ep_onion_risked_by_agent1': [np.float32(2.45)], 'either-hsp1_w1-eval_ep_onion_risked_by_agent1': [np.float32(2.45)], 'hsp1_w0-hsp1_w1-eval_ep_onion_slip_by_agent1': [np.float32(0.2)], 'agent0-hsp1_w0-eval_ep_onion_slip_by_agent1': [np.float32(0.2)], 'agent1-hsp1_w1-eval_ep_onion_slip_by_agent1': [np.float32(0.2)], 'either-hsp1_w0-eval_ep_onion_slip_by_agent1': [np.float32(0.2)], 'either-hsp1_w1-eval_ep_onion_slip_by_agent1': [np.float32(0.2)], 'hsp1_w0-hsp1_w1-eval_ep_onion_handoff_by_agent1': [np.float32(0.4)], 'agent0-hsp1_w0-eval_ep_onion_handoff_by_agent1': [np.float32(0.4)], 'agent1-hsp1_w1-eval_ep_onion_handoff_by_agent1': [np.float32(0.4)], 'either-hsp1_w0-eval_ep_onion_handoff_by_agent1': [np.float32(0.4)], 'either-hsp1_w1-eval_ep_onion_handoff_by_agent1': [np.float32(0.4)], 'hsp1_w0-hsp1_w1-eval_ep_dish_pickup_by_agent1': [np.float32(0.35)], 'agent0-hsp1_w0-eval_ep_dish_pickup_by_agent1': [np.float32(0.35)], 'agent1-hsp1_w1-eval_ep_dish_pickup_by_agent1': [np.float32(0.35)], 'either-hsp1_w0-eval_ep_dish_pickup_by_agent1': [np.float32(0.35)], 'either-hsp1_w1-eval_ep_dish_pickup_by_agent1': [np.float32(0.35)], 'hsp1_w0-hsp1_w1-eval_ep_useful_dish_pickup_by_agent1': [np.float32(0.0)], 'agent0-hsp1_w0-eval_ep_useful_dish_pickup_by_agent1': [np.float32(0.0)], 'agent1-hsp1_w1-eval_ep_useful_dish_pickup_by_agent1': [np.float32(0.0)], 'either-hsp1_w0-eval_ep_useful_dish_pickup_by_agent1': [np.float32(0.0)], 'either-hsp1_w1-eval_ep_useful_dish_pickup_by_agent1': [np.float32(0.0)], 'hsp1_w0-hsp1_w1-eval_ep_dish_drop_by_agent1': [np.float32(0.3)], 'agent0-hsp1_w0-eval_ep_dish_drop_by_agent1': [np.float32(0.3)], 'agent1-hsp1_w1-eval_ep_dish_drop_by_agent1': [np.float32(0.3)], 'either-hsp1_w0-eval_ep_dish_drop_by_agent1': [np.float32(0.3)], 'either-hsp1_w1-eval_ep_dish_drop_by_agent1': [np.float32(0.3)], 'hsp1_w0-hsp1_w1-eval_ep_useful_dish_drop_by_agent1': [np.float32(0.05)], 'agent0-hsp1_w0-eval_ep_useful_dish_drop_by_agent1': [np.float32(0.05)], 'agent1-hsp1_w1-eval_ep_useful_dish_drop_by_agent1': [np.float32(0.05)], 'either-hsp1_w0-eval_ep_useful_dish_drop_by_agent1': [np.float32(0.05)], 'either-hsp1_w1-eval_ep_useful_dish_drop_by_agent1': [np.float32(0.05)], 'hsp1_w0-hsp1_w1-eval_ep_dish_risked_by_agent1': [np.float32(0.05)], 'agent0-hsp1_w0-eval_ep_dish_risked_by_agent1': [np.float32(0.05)], 'agent1-hsp1_w1-eval_ep_dish_risked_by_agent1': [np.float32(0.05)], 'either-hsp1_w0-eval_ep_dish_risked_by_agent1': [np.float32(0.05)], 'either-hsp1_w1-eval_ep_dish_risked_by_agent1': [np.float32(0.05)], 'hsp1_w0-hsp1_w1-eval_ep_dish_slip_by_agent1': [np.float32(0.05)], 'agent0-hsp1_w0-eval_ep_dish_slip_by_agent1': [np.float32(0.05)], 'agent1-hsp1_w1-eval_ep_dish_slip_by_agent1': [np.float32(0.05)], 'either-hsp1_w0-eval_ep_dish_slip_by_agent1': [np.float32(0.05)], 'either-hsp1_w1-eval_ep_dish_slip_by_agent1': [np.float32(0.05)], 'hsp1_w0-hsp1_w1-eval_ep_dish_handoff_by_agent1': [np.float32(0.0)], 'agent0-hsp1_w0-eval_ep_dish_handoff_by_agent1': [np.float32(0.0)], 'agent1-hsp1_w1-eval_ep_dish_handoff_by_agent1': [np.float32(0.0)], 'either-hsp1_w0-eval_ep_dish_handoff_by_agent1': [np.float32(0.0)], 'either-hsp1_w1-eval_ep_dish_handoff_by_agent1': [np.float32(0.0)], 'hsp1_w0-hsp1_w1-eval_ep_soup_pickup_by_agent1': [np.float32(0.0)], 'agent0-hsp1_w0-eval_ep_soup_pickup_by_agent1': [np.float32(0.0)], 'agent1-hsp1_w1-eval_ep_soup_pickup_by_agent1': [np.float32(0.0)], 'either-hsp1_w0-eval_ep_soup_pickup_by_agent1': [np.float32(0.0)], 'either-hsp1_w1-eval_ep_soup_pickup_by_agent1': [np.float32(0.0)], 'hsp1_w0-hsp1_w1-eval_ep_soup_delivery_by_agent1': [np.float32(0.0)], 'agent0-hsp1_w0-eval_ep_soup_delivery_by_agent1': [np.float32(0.0)], 'agent1-hsp1_w1-eval_ep_soup_delivery_by_agent1': [np.float32(0.0)], 'either-hsp1_w0-eval_ep_soup_delivery_by_agent1': [np.float32(0.0)], 'either-hsp1_w1-eval_ep_soup_delivery_by_agent1': [np.float32(0.0)], 'hsp1_w0-hsp1_w1-eval_ep_soup_drop_by_agent1': [np.float32(0.0)], 'agent0-hsp1_w0-eval_ep_soup_drop_by_agent1': [np.float32(0.0)], 'agent1-hsp1_w1-eval_ep_soup_drop_by_agent1': [np.float32(0.0)], 'either-hsp1_w0-eval_ep_soup_drop_by_agent1': [np.float32(0.0)], 'either-hsp1_w1-eval_ep_soup_drop_by_agent1': [np.float32(0.0)], 'hsp1_w0-hsp1_w1-eval_ep_soup_risked_by_agent1': [np.float32(0.0)], 'agent0-hsp1_w0-eval_ep_soup_risked_by_agent1': [np.float32(0.0)], 'agent1-hsp1_w1-eval_ep_soup_risked_by_agent1': [np.float32(0.0)], 'either-hsp1_w0-eval_ep_soup_risked_by_agent1': [np.float32(0.0)], 'either-hsp1_w1-eval_ep_soup_risked_by_agent1': [np.float32(0.0)], 'hsp1_w0-hsp1_w1-eval_ep_soup_slip_by_agent1': [np.float32(0.0)], 'agent0-hsp1_w0-eval_ep_soup_slip_by_agent1': [np.float32(0.0)], 'agent1-hsp1_w1-eval_ep_soup_slip_by_agent1': [np.float32(0.0)], 'either-hsp1_w0-eval_ep_soup_slip_by_agent1': [np.float32(0.0)], 'either-hsp1_w1-eval_ep_soup_slip_by_agent1': [np.float32(0.0)], 'hsp1_w0-hsp1_w1-eval_ep_soup_handoff_by_agent1': [np.float32(0.0)], 'agent0-hsp1_w0-eval_ep_soup_handoff_by_agent1': [np.float32(0.0)], 'agent1-hsp1_w1-eval_ep_soup_handoff_by_agent1': [np.float32(0.0)], 'either-hsp1_w0-eval_ep_soup_handoff_by_agent1': [np.float32(0.0)], 'either-hsp1_w1-eval_ep_soup_handoff_by_agent1': [np.float32(0.0)], 'hsp1_w0-hsp1_w1-eval_ep_optimal_onion_potting_by_agent1': [np.float32(0.2)], 'agent0-hsp1_w0-eval_ep_optimal_onion_potting_by_agent1': [np.float32(0.2)], 'agent1-hsp1_w1-eval_ep_optimal_onion_potting_by_agent1': [np.float32(0.2)], 'either-hsp1_w0-eval_ep_optimal_onion_potting_by_agent1': [np.float32(0.2)], 'either-hsp1_w1-eval_ep_optimal_onion_potting_by_agent1': [np.float32(0.2)], 'hsp1_w0-hsp1_w1-eval_ep_optimal_tomato_potting_by_agent1': [np.float32(0.0)], 'agent0-hsp1_w0-eval_ep_optimal_tomato_potting_by_agent1': [np.float32(0.0)], 'agent1-hsp1_w1-eval_ep_optimal_tomato_potting_by_agent1': [np.float32(0.0)], 'either-hsp1_w0-eval_ep_optimal_tomato_potting_by_agent1': [np.float32(0.0)], 'either-hsp1_w1-eval_ep_optimal_tomato_potting_by_agent1': [np.float32(0.0)], 'hsp1_w0-hsp1_w1-eval_ep_viable_onion_potting_by_agent1': [np.float32(0.2)], 'agent0-hsp1_w0-eval_ep_viable_onion_potting_by_agent1': [np.float32(0.2)], 'agent1-hsp1_w1-eval_ep_viable_onion_potting_by_agent1': [np.float32(0.2)], 'either-hsp1_w0-eval_ep_viable_onion_potting_by_agent1': [np.float32(0.2)], 'either-hsp1_w1-eval_ep_viable_onion_potting_by_agent1': [np.float32(0.2)], 'hsp1_w0-hsp1_w1-eval_ep_viable_tomato_potting_by_agent1': [np.float32(0.0)], 'agent0-hsp1_w0-eval_ep_viable_tomato_potting_by_agent1': [np.float32(0.0)], 'agent1-hsp1_w1-eval_ep_viable_tomato_potting_by_agent1': [np.float32(0.0)], 'either-hsp1_w0-eval_ep_viable_tomato_potting_by_agent1': [np.float32(0.0)], 'either-hsp1_w1-eval_ep_viable_tomato_potting_by_agent1': [np.float32(0.0)], 'hsp1_w0-hsp1_w1-eval_ep_catastrophic_onion_potting_by_agent1': [np.float32(0.0)], 'agent0-hsp1_w0-eval_ep_catastrophic_onion_potting_by_agent1': [np.float32(0.0)], 'agent1-hsp1_w1-eval_ep_catastrophic_onion_potting_by_agent1': [np.float32(0.0)], 'either-hsp1_w0-eval_ep_catastrophic_onion_potting_by_agent1': [np.float32(0.0)], 'either-hsp1_w1-eval_ep_catastrophic_onion_potting_by_agent1': [np.float32(0.0)], 'hsp1_w0-hsp1_w1-eval_ep_catastrophic_tomato_potting_by_agent1': [np.float32(0.0)], 'agent0-hsp1_w0-eval_ep_catastrophic_tomato_potting_by_agent1': [np.float32(0.0)], 'agent1-hsp1_w1-eval_ep_catastrophic_tomato_potting_by_agent1': [np.float32(0.0)], 'either-hsp1_w0-eval_ep_catastrophic_tomato_potting_by_agent1': [np.float32(0.0)], 'either-hsp1_w1-eval_ep_catastrophic_tomato_potting_by_agent1': [np.float32(0.0)], 'hsp1_w0-hsp1_w1-eval_ep_useless_onion_potting_by_agent1': [np.float32(0.0)], 'agent0-hsp1_w0-eval_ep_useless_onion_potting_by_agent1': [np.float32(0.0)], 'agent1-hsp1_w1-eval_ep_useless_onion_potting_by_agent1': [np.float32(0.0)], 'either-hsp1_w0-eval_ep_useless_onion_potting_by_agent1': [np.float32(0.0)], 'either-hsp1_w1-eval_ep_useless_onion_potting_by_agent1': [np.float32(0.0)], 'hsp1_w0-hsp1_w1-eval_ep_useless_tomato_potting_by_agent1': [np.float32(0.0)], 'agent0-hsp1_w0-eval_ep_useless_tomato_potting_by_agent1': [np.float32(0.0)], 'agent1-hsp1_w1-eval_ep_useless_tomato_potting_by_agent1': [np.float32(0.0)], 'either-hsp1_w0-eval_ep_useless_tomato_potting_by_agent1': [np.float32(0.0)], 'either-hsp1_w1-eval_ep_useless_tomato_potting_by_agent1': [np.float32(0.0)], 'hsp1_w0-hsp1_w1-eval_ep_empty_slip_by_agent1': [np.float32(0.0)], 'agent0-hsp1_w0-eval_ep_empty_slip_by_agent1': [np.float32(0.0)], 'agent1-hsp1_w1-eval_ep_empty_slip_by_agent1': [np.float32(0.0)], 'either-hsp1_w0-eval_ep_empty_slip_by_agent1': [np.float32(0.0)], 'either-hsp1_w1-eval_ep_empty_slip_by_agent1': [np.float32(0.0)], 'hsp1_w0-hsp1_w1-eval_ep_sparse_r_by_agent0': [np.float64(0.0)], 'agent0-hsp1_w0-eval_ep_sparse_r_by_agent0': [np.float64(0.0)], 'agent1-hsp1_w1-eval_ep_sparse_r_by_agent0': [np.float64(0.0)], 'either-hsp1_w0-eval_ep_sparse_r_by_agent0': [np.float64(0.0)], 'either-hsp1_w1-eval_ep_sparse_r_by_agent0': [np.float64(0.0)], 'hsp1_w0-hsp1_w1-eval_ep_shaped_r_by_agent0': [np.float64(1.05)], 'agent0-hsp1_w0-eval_ep_shaped_r_by_agent0': [np.float64(1.05)], 'agent1-hsp1_w1-eval_ep_shaped_r_by_agent0': [np.float64(1.05)], 'either-hsp1_w0-eval_ep_shaped_r_by_agent0': [np.float64(1.05)], 'either-hsp1_w1-eval_ep_shaped_r_by_agent0': [np.float64(1.05)], 'hsp1_w0-hsp1_w1-eval_ep_sparse_r_by_agent1': [np.float64(0.0)], 'agent0-hsp1_w0-eval_ep_sparse_r_by_agent1': [np.float64(0.0)], 'agent1-hsp1_w1-eval_ep_sparse_r_by_agent1': [np.float64(0.0)], 'either-hsp1_w0-eval_ep_sparse_r_by_agent1': [np.float64(0.0)], 'either-hsp1_w1-eval_ep_sparse_r_by_agent1': [np.float64(0.0)], 'hsp1_w0-hsp1_w1-eval_ep_shaped_r_by_agent1': [np.float64(0.6)], 'agent0-hsp1_w0-eval_ep_shaped_r_by_agent1': [np.float64(0.6)], 'agent1-hsp1_w1-eval_ep_shaped_r_by_agent1': [np.float64(0.6)], 'either-hsp1_w0-eval_ep_shaped_r_by_agent1': [np.float64(0.6)], 'either-hsp1_w1-eval_ep_shaped_r_by_agent1': [np.float64(0.6)], 'hsp1_w0-hsp1_w1-eval_ep_sparse_r': [np.float64(0.0)], 'agent0-hsp1_w0-eval_ep_sparse_r': [np.float64(0.0)], 'agent1-hsp1_w1-eval_ep_sparse_r': [np.float64(0.0)], 'either-hsp1_w0-eval_ep_sparse_r': [np.float64(0.0)], 'either-hsp1_w1-eval_ep_sparse_r': [np.float64(0.0)], 'hsp1_w0-hsp1_w1-eval_ep_shaped_r': [np.float64(1.65)], 'agent0-hsp1_w0-eval_ep_shaped_r': [np.float64(1.65)], 'agent1-hsp1_w1-eval_ep_shaped_r': [np.float64(1.65)], 'either-hsp1_w0-eval_ep_shaped_r': [np.float64(1.65)], 'either-hsp1_w1-eval_ep_shaped_r': [np.float64(1.65)]}
{'hsp1_w0-hsp1_w1-eval_ep_sparse_r_by_agent0': [np.float64(0.0)], 'agent0-hsp1_w0-eval_ep_sparse_r_by_agent0': [np.float64(0.0)], 'agent1-hsp1_w1-eval_ep_sparse_r_by_agent0': [np.float64(0.0)], 'either-hsp1_w0-eval_ep_sparse_r_by_agent0': [np.float64(0.0)], 'either-hsp1_w1-eval_ep_sparse_r_by_agent0': [np.float64(0.0)], 'hsp1_w0-hsp1_w1-eval_ep_sparse_r_by_agent1': [np.float64(0.0)], 'agent0-hsp1_w0-eval_ep_sparse_r_by_agent1': [np.float64(0.0)], 'agent1-hsp1_w1-eval_ep_sparse_r_by_agent1': [np.float64(0.0)], 'either-hsp1_w0-eval_ep_sparse_r_by_agent1': [np.float64(0.0)], 'either-hsp1_w1-eval_ep_sparse_r_by_agent1': [np.float64(0.0)], 'hsp1_w0-hsp1_w1-eval_ep_sparse_r': [np.float64(0.0)], 'agent0-hsp1_w0-eval_ep_sparse_r': [np.float64(0.0)], 'agent1-hsp1_w1-eval_ep_sparse_r': [np.float64(0.0)], 'either-hsp1_w0-eval_ep_sparse_r': [np.float64(0.0)], 'either-hsp1_w1-eval_ep_sparse_r': [np.float64(0.0)]}
=== eval hsp1_w1 vs hsp1_w0 ===
/home/isl_jhoh/miniconda3/envs/corl/lib/python3.10/site-packages/pygame/pkgdata.py:25: UserWarning: pkg_resources is deprecated as an API. See https://setuptools.pypa.io/en/latest/pkg_resources.html. The pkg_resources package is slated for removal as early as 2025-11-30. Refrain from using this package or pin to Setuptools<81.
  from pkg_resources import resource_stream, resource_exists
pygame 2.6.1 (SDL 2.28.4, Python 3.10.20)
Hello from the pygame community. https://www.pygame.org/contribute.html
choose to use gpu...
/home/isl_jhoh/CoRL/HSP/hsp/algorithms/population/policy_pool.py:63: UserWarning: Policy pool currently loads all checkpoints into gpu, consider load into cpu latter...
  warnings.warn("Policy pool currently loads all checkpoints into gpu, consider load into cpu latter...")
/home/isl_jhoh/CoRL/transplant/runners/risky_overcooked_runner.py:131: UserWarning: Evaluation with multi policy is not compatible with async done.
  warnings.warn("Evaluation with multi policy is not compatible with async done.")
Pickle dump policy config at /home/isl_jhoh/CoRL/transplant/results/RiskyOvercooked/risky_multipath/population/eval-hsp1-w1-w0/run2/policy_config.pkl
population_yaml_path:  /home/isl_jhoh/CoRL/transplant/policy_pool/risky_multipath/hsp/s1/eval.yml
config loaded
디버깅 before checkpoint: {'actor': '/home/isl_jhoh/CoRL/transplant/policy_pool/risky_multipath/hsp/s1/hsp1_w0_actor.pt'}
디버깅 checkpoint loaded
디버깅 before checkpoint: {'actor': '/home/isl_jhoh/CoRL/transplant/policy_pool/risky_multipath/hsp/s1/hsp1_w1_actor.pt'}
디버깅 checkpoint loaded
{'hsp1_w1-hsp1_w0-eval_ep_tomato_pickup_by_agent0': [np.float32(0.0)], 'agent0-hsp1_w1-eval_ep_tomato_pickup_by_agent0': [np.float32(0.0)], 'agent1-hsp1_w0-eval_ep_tomato_pickup_by_agent0': [np.float32(0.0)], 'either-hsp1_w1-eval_ep_tomato_pickup_by_agent0': [np.float32(0.0)], 'either-hsp1_w0-eval_ep_tomato_pickup_by_agent0': [np.float32(0.0)], 'hsp1_w1-hsp1_w0-eval_ep_useful_tomato_pickup_by_agent0': [np.float32(0.0)], 'agent0-hsp1_w1-eval_ep_useful_tomato_pickup_by_agent0': [np.float32(0.0)], 'agent1-hsp1_w0-eval_ep_useful_tomato_pickup_by_agent0': [np.float32(0.0)], 'either-hsp1_w1-eval_ep_useful_tomato_pickup_by_agent0': [np.float32(0.0)], 'either-hsp1_w0-eval_ep_useful_tomato_pickup_by_agent0': [np.float32(0.0)], 'hsp1_w1-hsp1_w0-eval_ep_tomato_drop_by_agent0': [np.float32(0.0)], 'agent0-hsp1_w1-eval_ep_tomato_drop_by_agent0': [np.float32(0.0)], 'agent1-hsp1_w0-eval_ep_tomato_drop_by_agent0': [np.float32(0.0)], 'either-hsp1_w1-eval_ep_tomato_drop_by_agent0': [np.float32(0.0)], 'either-hsp1_w0-eval_ep_tomato_drop_by_agent0': [np.float32(0.0)], 'hsp1_w1-hsp1_w0-eval_ep_useful_tomato_drop_by_agent0': [np.float32(0.0)], 'agent0-hsp1_w1-eval_ep_useful_tomato_drop_by_agent0': [np.float32(0.0)], 'agent1-hsp1_w0-eval_ep_useful_tomato_drop_by_agent0': [np.float32(0.0)], 'either-hsp1_w1-eval_ep_useful_tomato_drop_by_agent0': [np.float32(0.0)], 'either-hsp1_w0-eval_ep_useful_tomato_drop_by_agent0': [np.float32(0.0)], 'hsp1_w1-hsp1_w0-eval_ep_potting_tomato_by_agent0': [np.float32(0.0)], 'agent0-hsp1_w1-eval_ep_potting_tomato_by_agent0': [np.float32(0.0)], 'agent1-hsp1_w0-eval_ep_potting_tomato_by_agent0': [np.float32(0.0)], 'either-hsp1_w1-eval_ep_potting_tomato_by_agent0': [np.float32(0.0)], 'either-hsp1_w0-eval_ep_potting_tomato_by_agent0': [np.float32(0.0)], 'hsp1_w1-hsp1_w0-eval_ep_tomato_risked_by_agent0': [np.float32(0.0)], 'agent0-hsp1_w1-eval_ep_tomato_risked_by_agent0': [np.float32(0.0)], 'agent1-hsp1_w0-eval_ep_tomato_risked_by_agent0': [np.float32(0.0)], 'either-hsp1_w1-eval_ep_tomato_risked_by_agent0': [np.float32(0.0)], 'either-hsp1_w0-eval_ep_tomato_risked_by_agent0': [np.float32(0.0)], 'hsp1_w1-hsp1_w0-eval_ep_tomato_slip_by_agent0': [np.float32(0.0)], 'agent0-hsp1_w1-eval_ep_tomato_slip_by_agent0': [np.float32(0.0)], 'agent1-hsp1_w0-eval_ep_tomato_slip_by_agent0': [np.float32(0.0)], 'either-hsp1_w1-eval_ep_tomato_slip_by_agent0': [np.float32(0.0)], 'either-hsp1_w0-eval_ep_tomato_slip_by_agent0': [np.float32(0.0)], 'hsp1_w1-hsp1_w0-eval_ep_tomato_handoff_by_agent0': [np.float32(0.0)], 'agent0-hsp1_w1-eval_ep_tomato_handoff_by_agent0': [np.float32(0.0)], 'agent1-hsp1_w0-eval_ep_tomato_handoff_by_agent0': [np.float32(0.0)], 'either-hsp1_w1-eval_ep_tomato_handoff_by_agent0': [np.float32(0.0)], 'either-hsp1_w0-eval_ep_tomato_handoff_by_agent0': [np.float32(0.0)], 'hsp1_w1-hsp1_w0-eval_ep_onion_pickup_by_agent0': [np.float32(0.8)], 'agent0-hsp1_w1-eval_ep_onion_pickup_by_agent0': [np.float32(0.8)], 'agent1-hsp1_w0-eval_ep_onion_pickup_by_agent0': [np.float32(0.8)], 'either-hsp1_w1-eval_ep_onion_pickup_by_agent0': [np.float32(0.8)], 'either-hsp1_w0-eval_ep_onion_pickup_by_agent0': [np.float32(0.8)], 'hsp1_w1-hsp1_w0-eval_ep_useful_onion_pickup_by_agent0': [np.float32(0.8)], 'agent0-hsp1_w1-eval_ep_useful_onion_pickup_by_agent0': [np.float32(0.8)], 'agent1-hsp1_w0-eval_ep_useful_onion_pickup_by_agent0': [np.float32(0.8)], 'either-hsp1_w1-eval_ep_useful_onion_pickup_by_agent0': [np.float32(0.8)], 'either-hsp1_w0-eval_ep_useful_onion_pickup_by_agent0': [np.float32(0.8)], 'hsp1_w1-hsp1_w0-eval_ep_onion_drop_by_agent0': [np.float32(0.4)], 'agent0-hsp1_w1-eval_ep_onion_drop_by_agent0': [np.float32(0.4)], 'agent1-hsp1_w0-eval_ep_onion_drop_by_agent0': [np.float32(0.4)], 'either-hsp1_w1-eval_ep_onion_drop_by_agent0': [np.float32(0.4)], 'either-hsp1_w0-eval_ep_onion_drop_by_agent0': [np.float32(0.4)], 'hsp1_w1-hsp1_w0-eval_ep_useful_onion_drop_by_agent0': [np.float32(0.0)], 'agent0-hsp1_w1-eval_ep_useful_onion_drop_by_agent0': [np.float32(0.0)], 'agent1-hsp1_w0-eval_ep_useful_onion_drop_by_agent0': [np.float32(0.0)], 'either-hsp1_w1-eval_ep_useful_onion_drop_by_agent0': [np.float32(0.0)], 'either-hsp1_w0-eval_ep_useful_onion_drop_by_agent0': [np.float32(0.0)], 'hsp1_w1-hsp1_w0-eval_ep_potting_onion_by_agent0': [np.float32(0.2)], 'agent0-hsp1_w1-eval_ep_potting_onion_by_agent0': [np.float32(0.2)], 'agent1-hsp1_w0-eval_ep_potting_onion_by_agent0': [np.float32(0.2)], 'either-hsp1_w1-eval_ep_potting_onion_by_agent0': [np.float32(0.2)], 'either-hsp1_w0-eval_ep_potting_onion_by_agent0': [np.float32(0.2)], 'hsp1_w1-hsp1_w0-eval_ep_onion_risked_by_agent0': [np.float32(1.7)], 'agent0-hsp1_w1-eval_ep_onion_risked_by_agent0': [np.float32(1.7)], 'agent1-hsp1_w0-eval_ep_onion_risked_by_agent0': [np.float32(1.7)], 'either-hsp1_w1-eval_ep_onion_risked_by_agent0': [np.float32(1.7)], 'either-hsp1_w0-eval_ep_onion_risked_by_agent0': [np.float32(1.7)], 'hsp1_w1-hsp1_w0-eval_ep_onion_slip_by_agent0': [np.float32(0.2)], 'agent0-hsp1_w1-eval_ep_onion_slip_by_agent0': [np.float32(0.2)], 'agent1-hsp1_w0-eval_ep_onion_slip_by_agent0': [np.float32(0.2)], 'either-hsp1_w1-eval_ep_onion_slip_by_agent0': [np.float32(0.2)], 'either-hsp1_w0-eval_ep_onion_slip_by_agent0': [np.float32(0.2)], 'hsp1_w1-hsp1_w0-eval_ep_onion_handoff_by_agent0': [np.float32(0.45)], 'agent0-hsp1_w1-eval_ep_onion_handoff_by_agent0': [np.float32(0.45)], 'agent1-hsp1_w0-eval_ep_onion_handoff_by_agent0': [np.float32(0.45)], 'either-hsp1_w1-eval_ep_onion_handoff_by_agent0': [np.float32(0.45)], 'either-hsp1_w0-eval_ep_onion_handoff_by_agent0': [np.float32(0.45)], 'hsp1_w1-hsp1_w0-eval_ep_dish_pickup_by_agent0': [np.float32(0.15)], 'agent0-hsp1_w1-eval_ep_dish_pickup_by_agent0': [np.float32(0.15)], 'agent1-hsp1_w0-eval_ep_dish_pickup_by_agent0': [np.float32(0.15)], 'either-hsp1_w1-eval_ep_dish_pickup_by_agent0': [np.float32(0.15)], 'either-hsp1_w0-eval_ep_dish_pickup_by_agent0': [np.float32(0.15)], 'hsp1_w1-hsp1_w0-eval_ep_useful_dish_pickup_by_agent0': [np.float32(0.0)], 'agent0-hsp1_w1-eval_ep_useful_dish_pickup_by_agent0': [np.float32(0.0)], 'agent1-hsp1_w0-eval_ep_useful_dish_pickup_by_agent0': [np.float32(0.0)], 'either-hsp1_w1-eval_ep_useful_dish_pickup_by_agent0': [np.float32(0.0)], 'either-hsp1_w0-eval_ep_useful_dish_pickup_by_agent0': [np.float32(0.0)], 'hsp1_w1-hsp1_w0-eval_ep_dish_drop_by_agent0': [np.float32(0.05)], 'agent0-hsp1_w1-eval_ep_dish_drop_by_agent0': [np.float32(0.05)], 'agent1-hsp1_w0-eval_ep_dish_drop_by_agent0': [np.float32(0.05)], 'either-hsp1_w1-eval_ep_dish_drop_by_agent0': [np.float32(0.05)], 'either-hsp1_w0-eval_ep_dish_drop_by_agent0': [np.float32(0.05)], 'hsp1_w1-hsp1_w0-eval_ep_useful_dish_drop_by_agent0': [np.float32(0.05)], 'agent0-hsp1_w1-eval_ep_useful_dish_drop_by_agent0': [np.float32(0.05)], 'agent1-hsp1_w0-eval_ep_useful_dish_drop_by_agent0': [np.float32(0.05)], 'either-hsp1_w1-eval_ep_useful_dish_drop_by_agent0': [np.float32(0.05)], 'either-hsp1_w0-eval_ep_useful_dish_drop_by_agent0': [np.float32(0.05)], 'hsp1_w1-hsp1_w0-eval_ep_dish_risked_by_agent0': [np.float32(0.4)], 'agent0-hsp1_w1-eval_ep_dish_risked_by_agent0': [np.float32(0.4)], 'agent1-hsp1_w0-eval_ep_dish_risked_by_agent0': [np.float32(0.4)], 'either-hsp1_w1-eval_ep_dish_risked_by_agent0': [np.float32(0.4)], 'either-hsp1_w0-eval_ep_dish_risked_by_agent0': [np.float32(0.4)], 'hsp1_w1-hsp1_w0-eval_ep_dish_slip_by_agent0': [np.float32(0.05)], 'agent0-hsp1_w1-eval_ep_dish_slip_by_agent0': [np.float32(0.05)], 'agent1-hsp1_w0-eval_ep_dish_slip_by_agent0': [np.float32(0.05)], 'either-hsp1_w1-eval_ep_dish_slip_by_agent0': [np.float32(0.05)], 'either-hsp1_w0-eval_ep_dish_slip_by_agent0': [np.float32(0.05)], 'hsp1_w1-hsp1_w0-eval_ep_dish_handoff_by_agent0': [np.float32(0.0)], 'agent0-hsp1_w1-eval_ep_dish_handoff_by_agent0': [np.float32(0.0)], 'agent1-hsp1_w0-eval_ep_dish_handoff_by_agent0': [np.float32(0.0)], 'either-hsp1_w1-eval_ep_dish_handoff_by_agent0': [np.float32(0.0)], 'either-hsp1_w0-eval_ep_dish_handoff_by_agent0': [np.float32(0.0)], 'hsp1_w1-hsp1_w0-eval_ep_soup_pickup_by_agent0': [np.float32(0.0)], 'agent0-hsp1_w1-eval_ep_soup_pickup_by_agent0': [np.float32(0.0)], 'agent1-hsp1_w0-eval_ep_soup_pickup_by_agent0': [np.float32(0.0)], 'either-hsp1_w1-eval_ep_soup_pickup_by_agent0': [np.float32(0.0)], 'either-hsp1_w0-eval_ep_soup_pickup_by_agent0': [np.float32(0.0)], 'hsp1_w1-hsp1_w0-eval_ep_soup_delivery_by_agent0': [np.float32(0.0)], 'agent0-hsp1_w1-eval_ep_soup_delivery_by_agent0': [np.float32(0.0)], 'agent1-hsp1_w0-eval_ep_soup_delivery_by_agent0': [np.float32(0.0)], 'either-hsp1_w1-eval_ep_soup_delivery_by_agent0': [np.float32(0.0)], 'either-hsp1_w0-eval_ep_soup_delivery_by_agent0': [np.float32(0.0)], 'hsp1_w1-hsp1_w0-eval_ep_soup_drop_by_agent0': [np.float32(0.0)], 'agent0-hsp1_w1-eval_ep_soup_drop_by_agent0': [np.float32(0.0)], 'agent1-hsp1_w0-eval_ep_soup_drop_by_agent0': [np.float32(0.0)], 'either-hsp1_w1-eval_ep_soup_drop_by_agent0': [np.float32(0.0)], 'either-hsp1_w0-eval_ep_soup_drop_by_agent0': [np.float32(0.0)], 'hsp1_w1-hsp1_w0-eval_ep_soup_risked_by_agent0': [np.float32(0.0)], 'agent0-hsp1_w1-eval_ep_soup_risked_by_agent0': [np.float32(0.0)], 'agent1-hsp1_w0-eval_ep_soup_risked_by_agent0': [np.float32(0.0)], 'either-hsp1_w1-eval_ep_soup_risked_by_agent0': [np.float32(0.0)], 'either-hsp1_w0-eval_ep_soup_risked_by_agent0': [np.float32(0.0)], 'hsp1_w1-hsp1_w0-eval_ep_soup_slip_by_agent0': [np.float32(0.0)], 'agent0-hsp1_w1-eval_ep_soup_slip_by_agent0': [np.float32(0.0)], 'agent1-hsp1_w0-eval_ep_soup_slip_by_agent0': [np.float32(0.0)], 'either-hsp1_w1-eval_ep_soup_slip_by_agent0': [np.float32(0.0)], 'either-hsp1_w0-eval_ep_soup_slip_by_agent0': [np.float32(0.0)], 'hsp1_w1-hsp1_w0-eval_ep_soup_handoff_by_agent0': [np.float32(0.0)], 'agent0-hsp1_w1-eval_ep_soup_handoff_by_agent0': [np.float32(0.0)], 'agent1-hsp1_w0-eval_ep_soup_handoff_by_agent0': [np.float32(0.0)], 'either-hsp1_w1-eval_ep_soup_handoff_by_agent0': [np.float32(0.0)], 'either-hsp1_w0-eval_ep_soup_handoff_by_agent0': [np.float32(0.0)], 'hsp1_w1-hsp1_w0-eval_ep_optimal_onion_potting_by_agent0': [np.float32(0.2)], 'agent0-hsp1_w1-eval_ep_optimal_onion_potting_by_agent0': [np.float32(0.2)], 'agent1-hsp1_w0-eval_ep_optimal_onion_potting_by_agent0': [np.float32(0.2)], 'either-hsp1_w1-eval_ep_optimal_onion_potting_by_agent0': [np.float32(0.2)], 'either-hsp1_w0-eval_ep_optimal_onion_potting_by_agent0': [np.float32(0.2)], 'hsp1_w1-hsp1_w0-eval_ep_optimal_tomato_potting_by_agent0': [np.float32(0.0)], 'agent0-hsp1_w1-eval_ep_optimal_tomato_potting_by_agent0': [np.float32(0.0)], 'agent1-hsp1_w0-eval_ep_optimal_tomato_potting_by_agent0': [np.float32(0.0)], 'either-hsp1_w1-eval_ep_optimal_tomato_potting_by_agent0': [np.float32(0.0)], 'either-hsp1_w0-eval_ep_optimal_tomato_potting_by_agent0': [np.float32(0.0)], 'hsp1_w1-hsp1_w0-eval_ep_viable_onion_potting_by_agent0': [np.float32(0.2)], 'agent0-hsp1_w1-eval_ep_viable_onion_potting_by_agent0': [np.float32(0.2)], 'agent1-hsp1_w0-eval_ep_viable_onion_potting_by_agent0': [np.float32(0.2)], 'either-hsp1_w1-eval_ep_viable_onion_potting_by_agent0': [np.float32(0.2)], 'either-hsp1_w0-eval_ep_viable_onion_potting_by_agent0': [np.float32(0.2)], 'hsp1_w1-hsp1_w0-eval_ep_viable_tomato_potting_by_agent0': [np.float32(0.0)], 'agent0-hsp1_w1-eval_ep_viable_tomato_potting_by_agent0': [np.float32(0.0)], 'agent1-hsp1_w0-eval_ep_viable_tomato_potting_by_agent0': [np.float32(0.0)], 'either-hsp1_w1-eval_ep_viable_tomato_potting_by_agent0': [np.float32(0.0)], 'either-hsp1_w0-eval_ep_viable_tomato_potting_by_agent0': [np.float32(0.0)], 'hsp1_w1-hsp1_w0-eval_ep_catastrophic_onion_potting_by_agent0': [np.float32(0.0)], 'agent0-hsp1_w1-eval_ep_catastrophic_onion_potting_by_agent0': [np.float32(0.0)], 'agent1-hsp1_w0-eval_ep_catastrophic_onion_potting_by_agent0': [np.float32(0.0)], 'either-hsp1_w1-eval_ep_catastrophic_onion_potting_by_agent0': [np.float32(0.0)], 'either-hsp1_w0-eval_ep_catastrophic_onion_potting_by_agent0': [np.float32(0.0)], 'hsp1_w1-hsp1_w0-eval_ep_catastrophic_tomato_potting_by_agent0': [np.float32(0.0)], 'agent0-hsp1_w1-eval_ep_catastrophic_tomato_potting_by_agent0': [np.float32(0.0)], 'agent1-hsp1_w0-eval_ep_catastrophic_tomato_potting_by_agent0': [np.float32(0.0)], 'either-hsp1_w1-eval_ep_catastrophic_tomato_potting_by_agent0': [np.float32(0.0)], 'either-hsp1_w0-eval_ep_catastrophic_tomato_potting_by_agent0': [np.float32(0.0)], 'hsp1_w1-hsp1_w0-eval_ep_useless_onion_potting_by_agent0': [np.float32(0.0)], 'agent0-hsp1_w1-eval_ep_useless_onion_potting_by_agent0': [np.float32(0.0)], 'agent1-hsp1_w0-eval_ep_useless_onion_potting_by_agent0': [np.float32(0.0)], 'either-hsp1_w1-eval_ep_useless_onion_potting_by_agent0': [np.float32(0.0)], 'either-hsp1_w0-eval_ep_useless_onion_potting_by_agent0': [np.float32(0.0)], 'hsp1_w1-hsp1_w0-eval_ep_useless_tomato_potting_by_agent0': [np.float32(0.0)], 'agent0-hsp1_w1-eval_ep_useless_tomato_potting_by_agent0': [np.float32(0.0)], 'agent1-hsp1_w0-eval_ep_useless_tomato_potting_by_agent0': [np.float32(0.0)], 'either-hsp1_w1-eval_ep_useless_tomato_potting_by_agent0': [np.float32(0.0)], 'either-hsp1_w0-eval_ep_useless_tomato_potting_by_agent0': [np.float32(0.0)], 'hsp1_w1-hsp1_w0-eval_ep_empty_slip_by_agent0': [np.float32(0.0)], 'agent0-hsp1_w1-eval_ep_empty_slip_by_agent0': [np.float32(0.0)], 'agent1-hsp1_w0-eval_ep_empty_slip_by_agent0': [np.float32(0.0)], 'either-hsp1_w1-eval_ep_empty_slip_by_agent0': [np.float32(0.0)], 'either-hsp1_w0-eval_ep_empty_slip_by_agent0': [np.float32(0.0)], 'hsp1_w1-hsp1_w0-eval_ep_tomato_pickup_by_agent1': [np.float32(0.0)], 'agent0-hsp1_w1-eval_ep_tomato_pickup_by_agent1': [np.float32(0.0)], 'agent1-hsp1_w0-eval_ep_tomato_pickup_by_agent1': [np.float32(0.0)], 'either-hsp1_w1-eval_ep_tomato_pickup_by_agent1': [np.float32(0.0)], 'either-hsp1_w0-eval_ep_tomato_pickup_by_agent1': [np.float32(0.0)], 'hsp1_w1-hsp1_w0-eval_ep_useful_tomato_pickup_by_agent1': [np.float32(0.0)], 'agent0-hsp1_w1-eval_ep_useful_tomato_pickup_by_agent1': [np.float32(0.0)], 'agent1-hsp1_w0-eval_ep_useful_tomato_pickup_by_agent1': [np.float32(0.0)], 'either-hsp1_w1-eval_ep_useful_tomato_pickup_by_agent1': [np.float32(0.0)], 'either-hsp1_w0-eval_ep_useful_tomato_pickup_by_agent1': [np.float32(0.0)], 'hsp1_w1-hsp1_w0-eval_ep_tomato_drop_by_agent1': [np.float32(0.0)], 'agent0-hsp1_w1-eval_ep_tomato_drop_by_agent1': [np.float32(0.0)], 'agent1-hsp1_w0-eval_ep_tomato_drop_by_agent1': [np.float32(0.0)], 'either-hsp1_w1-eval_ep_tomato_drop_by_agent1': [np.float32(0.0)], 'either-hsp1_w0-eval_ep_tomato_drop_by_agent1': [np.float32(0.0)], 'hsp1_w1-hsp1_w0-eval_ep_useful_tomato_drop_by_agent1': [np.float32(0.0)], 'agent0-hsp1_w1-eval_ep_useful_tomato_drop_by_agent1': [np.float32(0.0)], 'agent1-hsp1_w0-eval_ep_useful_tomato_drop_by_agent1': [np.float32(0.0)], 'either-hsp1_w1-eval_ep_useful_tomato_drop_by_agent1': [np.float32(0.0)], 'either-hsp1_w0-eval_ep_useful_tomato_drop_by_agent1': [np.float32(0.0)], 'hsp1_w1-hsp1_w0-eval_ep_potting_tomato_by_agent1': [np.float32(0.0)], 'agent0-hsp1_w1-eval_ep_potting_tomato_by_agent1': [np.float32(0.0)], 'agent1-hsp1_w0-eval_ep_potting_tomato_by_agent1': [np.float32(0.0)], 'either-hsp1_w1-eval_ep_potting_tomato_by_agent1': [np.float32(0.0)], 'either-hsp1_w0-eval_ep_potting_tomato_by_agent1': [np.float32(0.0)], 'hsp1_w1-hsp1_w0-eval_ep_tomato_risked_by_agent1': [np.float32(0.0)], 'agent0-hsp1_w1-eval_ep_tomato_risked_by_agent1': [np.float32(0.0)], 'agent1-hsp1_w0-eval_ep_tomato_risked_by_agent1': [np.float32(0.0)], 'either-hsp1_w1-eval_ep_tomato_risked_by_agent1': [np.float32(0.0)], 'either-hsp1_w0-eval_ep_tomato_risked_by_agent1': [np.float32(0.0)], 'hsp1_w1-hsp1_w0-eval_ep_tomato_slip_by_agent1': [np.float32(0.0)], 'agent0-hsp1_w1-eval_ep_tomato_slip_by_agent1': [np.float32(0.0)], 'agent1-hsp1_w0-eval_ep_tomato_slip_by_agent1': [np.float32(0.0)], 'either-hsp1_w1-eval_ep_tomato_slip_by_agent1': [np.float32(0.0)], 'either-hsp1_w0-eval_ep_tomato_slip_by_agent1': [np.float32(0.0)], 'hsp1_w1-hsp1_w0-eval_ep_tomato_handoff_by_agent1': [np.float32(0.0)], 'agent0-hsp1_w1-eval_ep_tomato_handoff_by_agent1': [np.float32(0.0)], 'agent1-hsp1_w0-eval_ep_tomato_handoff_by_agent1': [np.float32(0.0)], 'either-hsp1_w1-eval_ep_tomato_handoff_by_agent1': [np.float32(0.0)], 'either-hsp1_w0-eval_ep_tomato_handoff_by_agent1': [np.float32(0.0)], 'hsp1_w1-hsp1_w0-eval_ep_onion_pickup_by_agent1': [np.float32(32.0)], 'agent0-hsp1_w1-eval_ep_onion_pickup_by_agent1': [np.float32(32.0)], 'agent1-hsp1_w0-eval_ep_onion_pickup_by_agent1': [np.float32(32.0)], 'either-hsp1_w1-eval_ep_onion_pickup_by_agent1': [np.float32(32.0)], 'either-hsp1_w0-eval_ep_onion_pickup_by_agent1': [np.float32(32.0)], 'hsp1_w1-hsp1_w0-eval_ep_useful_onion_pickup_by_agent1': [np.float32(32.0)], 'agent0-hsp1_w1-eval_ep_useful_onion_pickup_by_agent1': [np.float32(32.0)], 'agent1-hsp1_w0-eval_ep_useful_onion_pickup_by_agent1': [np.float32(32.0)], 'either-hsp1_w1-eval_ep_useful_onion_pickup_by_agent1': [np.float32(32.0)], 'either-hsp1_w0-eval_ep_useful_onion_pickup_by_agent1': [np.float32(32.0)], 'hsp1_w1-hsp1_w0-eval_ep_onion_drop_by_agent1': [np.float32(11.55)], 'agent0-hsp1_w1-eval_ep_onion_drop_by_agent1': [np.float32(11.55)], 'agent1-hsp1_w0-eval_ep_onion_drop_by_agent1': [np.float32(11.55)], 'either-hsp1_w1-eval_ep_onion_drop_by_agent1': [np.float32(11.55)], 'either-hsp1_w0-eval_ep_onion_drop_by_agent1': [np.float32(11.55)], 'hsp1_w1-hsp1_w0-eval_ep_useful_onion_drop_by_agent1': [np.float32(0.0)], 'agent0-hsp1_w1-eval_ep_useful_onion_drop_by_agent1': [np.float32(0.0)], 'agent1-hsp1_w0-eval_ep_useful_onion_drop_by_agent1': [np.float32(0.0)], 'either-hsp1_w1-eval_ep_useful_onion_drop_by_agent1': [np.float32(0.0)], 'either-hsp1_w0-eval_ep_useful_onion_drop_by_agent1': [np.float32(0.0)], 'hsp1_w1-hsp1_w0-eval_ep_potting_onion_by_agent1': [np.float32(0.1)], 'agent0-hsp1_w1-eval_ep_potting_onion_by_agent1': [np.float32(0.1)], 'agent1-hsp1_w0-eval_ep_potting_onion_by_agent1': [np.float32(0.1)], 'either-hsp1_w1-eval_ep_potting_onion_by_agent1': [np.float32(0.1)], 'either-hsp1_w0-eval_ep_potting_onion_by_agent1': [np.float32(0.1)], 'hsp1_w1-hsp1_w0-eval_ep_onion_risked_by_agent1': [np.float32(136.0)], 'agent0-hsp1_w1-eval_ep_onion_risked_by_agent1': [np.float32(136.0)], 'agent1-hsp1_w0-eval_ep_onion_risked_by_agent1': [np.float32(136.0)], 'either-hsp1_w1-eval_ep_onion_risked_by_agent1': [np.float32(136.0)], 'either-hsp1_w0-eval_ep_onion_risked_by_agent1': [np.float32(136.0)], 'hsp1_w1-hsp1_w0-eval_ep_onion_slip_by_agent1': [np.float32(19.7)], 'agent0-hsp1_w1-eval_ep_onion_slip_by_agent1': [np.float32(19.7)], 'agent1-hsp1_w0-eval_ep_onion_slip_by_agent1': [np.float32(19.7)], 'either-hsp1_w1-eval_ep_onion_slip_by_agent1': [np.float32(19.7)], 'either-hsp1_w0-eval_ep_onion_slip_by_agent1': [np.float32(19.7)], 'hsp1_w1-hsp1_w0-eval_ep_onion_handoff_by_agent1': [np.float32(0.0)], 'agent0-hsp1_w1-eval_ep_onion_handoff_by_agent1': [np.float32(0.0)], 'agent1-hsp1_w0-eval_ep_onion_handoff_by_agent1': [np.float32(0.0)], 'either-hsp1_w1-eval_ep_onion_handoff_by_agent1': [np.float32(0.0)], 'either-hsp1_w0-eval_ep_onion_handoff_by_agent1': [np.float32(0.0)], 'hsp1_w1-hsp1_w0-eval_ep_dish_pickup_by_agent1': [np.float32(0.05)], 'agent0-hsp1_w1-eval_ep_dish_pickup_by_agent1': [np.float32(0.05)], 'agent1-hsp1_w0-eval_ep_dish_pickup_by_agent1': [np.float32(0.05)], 'either-hsp1_w1-eval_ep_dish_pickup_by_agent1': [np.float32(0.05)], 'either-hsp1_w0-eval_ep_dish_pickup_by_agent1': [np.float32(0.05)], 'hsp1_w1-hsp1_w0-eval_ep_useful_dish_pickup_by_agent1': [np.float32(0.0)], 'agent0-hsp1_w1-eval_ep_useful_dish_pickup_by_agent1': [np.float32(0.0)], 'agent1-hsp1_w0-eval_ep_useful_dish_pickup_by_agent1': [np.float32(0.0)], 'either-hsp1_w1-eval_ep_useful_dish_pickup_by_agent1': [np.float32(0.0)], 'either-hsp1_w0-eval_ep_useful_dish_pickup_by_agent1': [np.float32(0.0)], 'hsp1_w1-hsp1_w0-eval_ep_dish_drop_by_agent1': [np.float32(0.0)], 'agent0-hsp1_w1-eval_ep_dish_drop_by_agent1': [np.float32(0.0)], 'agent1-hsp1_w0-eval_ep_dish_drop_by_agent1': [np.float32(0.0)], 'either-hsp1_w1-eval_ep_dish_drop_by_agent1': [np.float32(0.0)], 'either-hsp1_w0-eval_ep_dish_drop_by_agent1': [np.float32(0.0)], 'hsp1_w1-hsp1_w0-eval_ep_useful_dish_drop_by_agent1': [np.float32(0.0)], 'agent0-hsp1_w1-eval_ep_useful_dish_drop_by_agent1': [np.float32(0.0)], 'agent1-hsp1_w0-eval_ep_useful_dish_drop_by_agent1': [np.float32(0.0)], 'either-hsp1_w1-eval_ep_useful_dish_drop_by_agent1': [np.float32(0.0)], 'either-hsp1_w0-eval_ep_useful_dish_drop_by_agent1': [np.float32(0.0)], 'hsp1_w1-hsp1_w0-eval_ep_dish_risked_by_agent1': [np.float32(0.0)], 'agent0-hsp1_w1-eval_ep_dish_risked_by_agent1': [np.float32(0.0)], 'agent1-hsp1_w0-eval_ep_dish_risked_by_agent1': [np.float32(0.0)], 'either-hsp1_w1-eval_ep_dish_risked_by_agent1': [np.float32(0.0)], 'either-hsp1_w0-eval_ep_dish_risked_by_agent1': [np.float32(0.0)], 'hsp1_w1-hsp1_w0-eval_ep_dish_slip_by_agent1': [np.float32(0.0)], 'agent0-hsp1_w1-eval_ep_dish_slip_by_agent1': [np.float32(0.0)], 'agent1-hsp1_w0-eval_ep_dish_slip_by_agent1': [np.float32(0.0)], 'either-hsp1_w1-eval_ep_dish_slip_by_agent1': [np.float32(0.0)], 'either-hsp1_w0-eval_ep_dish_slip_by_agent1': [np.float32(0.0)], 'hsp1_w1-hsp1_w0-eval_ep_dish_handoff_by_agent1': [np.float32(0.0)], 'agent0-hsp1_w1-eval_ep_dish_handoff_by_agent1': [np.float32(0.0)], 'agent1-hsp1_w0-eval_ep_dish_handoff_by_agent1': [np.float32(0.0)], 'either-hsp1_w1-eval_ep_dish_handoff_by_agent1': [np.float32(0.0)], 'either-hsp1_w0-eval_ep_dish_handoff_by_agent1': [np.float32(0.0)], 'hsp1_w1-hsp1_w0-eval_ep_soup_pickup_by_agent1': [np.float32(0.0)], 'agent0-hsp1_w1-eval_ep_soup_pickup_by_agent1': [np.float32(0.0)], 'agent1-hsp1_w0-eval_ep_soup_pickup_by_agent1': [np.float32(0.0)], 'either-hsp1_w1-eval_ep_soup_pickup_by_agent1': [np.float32(0.0)], 'either-hsp1_w0-eval_ep_soup_pickup_by_agent1': [np.float32(0.0)], 'hsp1_w1-hsp1_w0-eval_ep_soup_delivery_by_agent1': [np.float32(0.0)], 'agent0-hsp1_w1-eval_ep_soup_delivery_by_agent1': [np.float32(0.0)], 'agent1-hsp1_w0-eval_ep_soup_delivery_by_agent1': [np.float32(0.0)], 'either-hsp1_w1-eval_ep_soup_delivery_by_agent1': [np.float32(0.0)], 'either-hsp1_w0-eval_ep_soup_delivery_by_agent1': [np.float32(0.0)], 'hsp1_w1-hsp1_w0-eval_ep_soup_drop_by_agent1': [np.float32(0.0)], 'agent0-hsp1_w1-eval_ep_soup_drop_by_agent1': [np.float32(0.0)], 'agent1-hsp1_w0-eval_ep_soup_drop_by_agent1': [np.float32(0.0)], 'either-hsp1_w1-eval_ep_soup_drop_by_agent1': [np.float32(0.0)], 'either-hsp1_w0-eval_ep_soup_drop_by_agent1': [np.float32(0.0)], 'hsp1_w1-hsp1_w0-eval_ep_soup_risked_by_agent1': [np.float32(0.0)], 'agent0-hsp1_w1-eval_ep_soup_risked_by_agent1': [np.float32(0.0)], 'agent1-hsp1_w0-eval_ep_soup_risked_by_agent1': [np.float32(0.0)], 'either-hsp1_w1-eval_ep_soup_risked_by_agent1': [np.float32(0.0)], 'either-hsp1_w0-eval_ep_soup_risked_by_agent1': [np.float32(0.0)], 'hsp1_w1-hsp1_w0-eval_ep_soup_slip_by_agent1': [np.float32(0.0)], 'agent0-hsp1_w1-eval_ep_soup_slip_by_agent1': [np.float32(0.0)], 'agent1-hsp1_w0-eval_ep_soup_slip_by_agent1': [np.float32(0.0)], 'either-hsp1_w1-eval_ep_soup_slip_by_agent1': [np.float32(0.0)], 'either-hsp1_w0-eval_ep_soup_slip_by_agent1': [np.float32(0.0)], 'hsp1_w1-hsp1_w0-eval_ep_soup_handoff_by_agent1': [np.float32(0.0)], 'agent0-hsp1_w1-eval_ep_soup_handoff_by_agent1': [np.float32(0.0)], 'agent1-hsp1_w0-eval_ep_soup_handoff_by_agent1': [np.float32(0.0)], 'either-hsp1_w1-eval_ep_soup_handoff_by_agent1': [np.float32(0.0)], 'either-hsp1_w0-eval_ep_soup_handoff_by_agent1': [np.float32(0.0)], 'hsp1_w1-hsp1_w0-eval_ep_optimal_onion_potting_by_agent1': [np.float32(0.1)], 'agent0-hsp1_w1-eval_ep_optimal_onion_potting_by_agent1': [np.float32(0.1)], 'agent1-hsp1_w0-eval_ep_optimal_onion_potting_by_agent1': [np.float32(0.1)], 'either-hsp1_w1-eval_ep_optimal_onion_potting_by_agent1': [np.float32(0.1)], 'either-hsp1_w0-eval_ep_optimal_onion_potting_by_agent1': [np.float32(0.1)], 'hsp1_w1-hsp1_w0-eval_ep_optimal_tomato_potting_by_agent1': [np.float32(0.0)], 'agent0-hsp1_w1-eval_ep_optimal_tomato_potting_by_agent1': [np.float32(0.0)], 'agent1-hsp1_w0-eval_ep_optimal_tomato_potting_by_agent1': [np.float32(0.0)], 'either-hsp1_w1-eval_ep_optimal_tomato_potting_by_agent1': [np.float32(0.0)], 'either-hsp1_w0-eval_ep_optimal_tomato_potting_by_agent1': [np.float32(0.0)], 'hsp1_w1-hsp1_w0-eval_ep_viable_onion_potting_by_agent1': [np.float32(0.1)], 'agent0-hsp1_w1-eval_ep_viable_onion_potting_by_agent1': [np.float32(0.1)], 'agent1-hsp1_w0-eval_ep_viable_onion_potting_by_agent1': [np.float32(0.1)], 'either-hsp1_w1-eval_ep_viable_onion_potting_by_agent1': [np.float32(0.1)], 'either-hsp1_w0-eval_ep_viable_onion_potting_by_agent1': [np.float32(0.1)], 'hsp1_w1-hsp1_w0-eval_ep_viable_tomato_potting_by_agent1': [np.float32(0.0)], 'agent0-hsp1_w1-eval_ep_viable_tomato_potting_by_agent1': [np.float32(0.0)], 'agent1-hsp1_w0-eval_ep_viable_tomato_potting_by_agent1': [np.float32(0.0)], 'either-hsp1_w1-eval_ep_viable_tomato_potting_by_agent1': [np.float32(0.0)], 'either-hsp1_w0-eval_ep_viable_tomato_potting_by_agent1': [np.float32(0.0)], 'hsp1_w1-hsp1_w0-eval_ep_catastrophic_onion_potting_by_agent1': [np.float32(0.0)], 'agent0-hsp1_w1-eval_ep_catastrophic_onion_potting_by_agent1': [np.float32(0.0)], 'agent1-hsp1_w0-eval_ep_catastrophic_onion_potting_by_agent1': [np.float32(0.0)], 'either-hsp1_w1-eval_ep_catastrophic_onion_potting_by_agent1': [np.float32(0.0)], 'either-hsp1_w0-eval_ep_catastrophic_onion_potting_by_agent1': [np.float32(0.0)], 'hsp1_w1-hsp1_w0-eval_ep_catastrophic_tomato_potting_by_agent1': [np.float32(0.0)], 'agent0-hsp1_w1-eval_ep_catastrophic_tomato_potting_by_agent1': [np.float32(0.0)], 'agent1-hsp1_w0-eval_ep_catastrophic_tomato_potting_by_agent1': [np.float32(0.0)], 'either-hsp1_w1-eval_ep_catastrophic_tomato_potting_by_agent1': [np.float32(0.0)], 'either-hsp1_w0-eval_ep_catastrophic_tomato_potting_by_agent1': [np.float32(0.0)], 'hsp1_w1-hsp1_w0-eval_ep_useless_onion_potting_by_agent1': [np.float32(0.0)], 'agent0-hsp1_w1-eval_ep_useless_onion_potting_by_agent1': [np.float32(0.0)], 'agent1-hsp1_w0-eval_ep_useless_onion_potting_by_agent1': [np.float32(0.0)], 'either-hsp1_w1-eval_ep_useless_onion_potting_by_agent1': [np.float32(0.0)], 'either-hsp1_w0-eval_ep_useless_onion_potting_by_agent1': [np.float32(0.0)], 'hsp1_w1-hsp1_w0-eval_ep_useless_tomato_potting_by_agent1': [np.float32(0.0)], 'agent0-hsp1_w1-eval_ep_useless_tomato_potting_by_agent1': [np.float32(0.0)], 'agent1-hsp1_w0-eval_ep_useless_tomato_potting_by_agent1': [np.float32(0.0)], 'either-hsp1_w1-eval_ep_useless_tomato_potting_by_agent1': [np.float32(0.0)], 'either-hsp1_w0-eval_ep_useless_tomato_potting_by_agent1': [np.float32(0.0)], 'hsp1_w1-hsp1_w0-eval_ep_empty_slip_by_agent1': [np.float32(0.0)], 'agent0-hsp1_w1-eval_ep_empty_slip_by_agent1': [np.float32(0.0)], 'agent1-hsp1_w0-eval_ep_empty_slip_by_agent1': [np.float32(0.0)], 'either-hsp1_w1-eval_ep_empty_slip_by_agent1': [np.float32(0.0)], 'either-hsp1_w0-eval_ep_empty_slip_by_agent1': [np.float32(0.0)], 'hsp1_w1-hsp1_w0-eval_ep_sparse_r_by_agent0': [np.float64(0.0)], 'agent0-hsp1_w1-eval_ep_sparse_r_by_agent0': [np.float64(0.0)], 'agent1-hsp1_w0-eval_ep_sparse_r_by_agent0': [np.float64(0.0)], 'either-hsp1_w1-eval_ep_sparse_r_by_agent0': [np.float64(0.0)], 'either-hsp1_w0-eval_ep_sparse_r_by_agent0': [np.float64(0.0)], 'hsp1_w1-hsp1_w0-eval_ep_shaped_r_by_agent0': [np.float64(0.6)], 'agent0-hsp1_w1-eval_ep_shaped_r_by_agent0': [np.float64(0.6)], 'agent1-hsp1_w0-eval_ep_shaped_r_by_agent0': [np.float64(0.6)], 'either-hsp1_w1-eval_ep_shaped_r_by_agent0': [np.float64(0.6)], 'either-hsp1_w0-eval_ep_shaped_r_by_agent0': [np.float64(0.6)], 'hsp1_w1-hsp1_w0-eval_ep_sparse_r_by_agent1': [np.float64(0.0)], 'agent0-hsp1_w1-eval_ep_sparse_r_by_agent1': [np.float64(0.0)], 'agent1-hsp1_w0-eval_ep_sparse_r_by_agent1': [np.float64(0.0)], 'either-hsp1_w1-eval_ep_sparse_r_by_agent1': [np.float64(0.0)], 'either-hsp1_w0-eval_ep_sparse_r_by_agent1': [np.float64(0.0)], 'hsp1_w1-hsp1_w0-eval_ep_shaped_r_by_agent1': [np.float64(0.9)], 'agent0-hsp1_w1-eval_ep_shaped_r_by_agent1': [np.float64(0.9)], 'agent1-hsp1_w0-eval_ep_shaped_r_by_agent1': [np.float64(0.9)], 'either-hsp1_w1-eval_ep_shaped_r_by_agent1': [np.float64(0.9)], 'either-hsp1_w0-eval_ep_shaped_r_by_agent1': [np.float64(0.9)], 'hsp1_w1-hsp1_w0-eval_ep_sparse_r': [np.float64(0.0)], 'agent0-hsp1_w1-eval_ep_sparse_r': [np.float64(0.0)], 'agent1-hsp1_w0-eval_ep_sparse_r': [np.float64(0.0)], 'either-hsp1_w1-eval_ep_sparse_r': [np.float64(0.0)], 'either-hsp1_w0-eval_ep_sparse_r': [np.float64(0.0)], 'hsp1_w1-hsp1_w0-eval_ep_shaped_r': [np.float64(1.5)], 'agent0-hsp1_w1-eval_ep_shaped_r': [np.float64(1.5)], 'agent1-hsp1_w0-eval_ep_shaped_r': [np.float64(1.5)], 'either-hsp1_w1-eval_ep_shaped_r': [np.float64(1.5)], 'either-hsp1_w0-eval_ep_shaped_r': [np.float64(1.5)]}
{'hsp1_w1-hsp1_w0-eval_ep_sparse_r_by_agent0': [np.float64(0.0)], 'agent0-hsp1_w1-eval_ep_sparse_r_by_agent0': [np.float64(0.0)], 'agent1-hsp1_w0-eval_ep_sparse_r_by_agent0': [np.float64(0.0)], 'either-hsp1_w1-eval_ep_sparse_r_by_agent0': [np.float64(0.0)], 'either-hsp1_w0-eval_ep_sparse_r_by_agent0': [np.float64(0.0)], 'hsp1_w1-hsp1_w0-eval_ep_sparse_r_by_agent1': [np.float64(0.0)], 'agent0-hsp1_w1-eval_ep_sparse_r_by_agent1': [np.float64(0.0)], 'agent1-hsp1_w0-eval_ep_sparse_r_by_agent1': [np.float64(0.0)], 'either-hsp1_w1-eval_ep_sparse_r_by_agent1': [np.float64(0.0)], 'either-hsp1_w0-eval_ep_sparse_r_by_agent1': [np.float64(0.0)], 'hsp1_w1-hsp1_w0-eval_ep_sparse_r': [np.float64(0.0)], 'agent0-hsp1_w1-eval_ep_sparse_r': [np.float64(0.0)], 'agent1-hsp1_w0-eval_ep_sparse_r': [np.float64(0.0)], 'either-hsp1_w1-eval_ep_sparse_r': [np.float64(0.0)], 'either-hsp1_w0-eval_ep_sparse_r': [np.float64(0.0)]}
/home/isl_jhoh/miniconda3/envs/corl/lib/python3.10/site-packages/pygame/pkgdata.py:25: UserWarning: pkg_resources is deprecated as an API. See https://setuptools.pypa.io/en/latest/pkg_resources.html. The pkg_resources package is slated for removal as early as 2025-11-30. Refrain from using this package or pin to Setuptools<81.
  from pkg_resources import resource_stream, resource_exists
pygame 2.6.1 (SDL 2.28.4, Python 3.10.20)
Hello from the pygame community. https://www.pygame.org/contribute.html
selected runs: [1]
wrote /home/isl_jhoh/CoRL/transplant/policy_pool/risky_multipath/hsp/s2/train.yml
/home/isl_jhoh/miniconda3/envs/corl/lib/python3.10/site-packages/pygame/pkgdata.py:25: UserWarning: pkg_resources is deprecated as an API. See https://setuptools.pypa.io/en/latest/pkg_resources.html. The pkg_resources package is slated for removal as early as 2025-11-30. Refrain from using this package or pin to Setuptools<81.
  from pkg_resources import resource_stream, resource_exists
pygame 2.6.1 (SDL 2.28.4, Python 3.10.20)
Hello from the pygame community. https://www.pygame.org/contribute.html
choose to use gpu...
/home/isl_jhoh/CoRL/HSP/hsp/algorithms/population/policy_pool.py:63: UserWarning: Policy pool currently loads all checkpoints into gpu, consider load into cpu latter...
  warnings.warn("Policy pool currently loads all checkpoints into gpu, consider load into cpu latter...")
Pickle dump policy config at /home/isl_jhoh/CoRL/transplant/results/RiskyOvercooked/risky_multipath/adaptive/hsp-S2/run4/policy_config.pkl
population_yaml_path:  /home/isl_jhoh/CoRL/transplant/policy_pool/risky_multipath/hsp/s2/train.yml
config loaded
디버깅 before checkpoint: {'actor': '/home/isl_jhoh/CoRL/transplant/policy_pool/risky_multipath/mep/s1/mep1_init_actor.pt'}
디버깅 checkpoint loaded
디버깅 before checkpoint: {'actor': '/home/isl_jhoh/CoRL/transplant/policy_pool/risky_multipath/mep/s1/mep1_mid_actor.pt'}
디버깅 checkpoint loaded
디버깅 before checkpoint: {'actor': '/home/isl_jhoh/CoRL/transplant/policy_pool/risky_multipath/mep/s1/mep1_final_actor.pt'}
디버깅 checkpoint loaded
디버깅 before checkpoint: {'actor': '/home/isl_jhoh/CoRL/transplant/policy_pool/risky_multipath/mep/s1/mep2_init_actor.pt'}
디버깅 checkpoint loaded
디버깅 before checkpoint: {'actor': '/home/isl_jhoh/CoRL/transplant/policy_pool/risky_multipath/mep/s1/mep2_mid_actor.pt'}
디버깅 checkpoint loaded
디버깅 before checkpoint: {'actor': '/home/isl_jhoh/CoRL/transplant/policy_pool/risky_multipath/mep/s1/mep2_final_actor.pt'}
디버깅 checkpoint loaded
디버깅 before checkpoint: {'actor': '/home/isl_jhoh/CoRL/transplant/policy_pool/risky_multipath/mep/s1/mep3_init_actor.pt'}
디버깅 checkpoint loaded
디버깅 before checkpoint: {'actor': '/home/isl_jhoh/CoRL/transplant/policy_pool/risky_multipath/mep/s1/mep3_mid_actor.pt'}
디버깅 checkpoint loaded
디버깅 before checkpoint: {'actor': '/home/isl_jhoh/CoRL/transplant/policy_pool/risky_multipath/mep/s1/mep3_final_actor.pt'}
디버깅 checkpoint loaded
디버깅 before checkpoint: {'actor': '/home/isl_jhoh/CoRL/transplant/policy_pool/risky_multipath/mep/s1/mep4_init_actor.pt'}
디버깅 checkpoint loaded
디버깅 before checkpoint: {'actor': '/home/isl_jhoh/CoRL/transplant/policy_pool/risky_multipath/mep/s1/mep4_mid_actor.pt'}
디버깅 checkpoint loaded
디버깅 before checkpoint: {'actor': '/home/isl_jhoh/CoRL/transplant/policy_pool/risky_multipath/mep/s1/mep4_final_actor.pt'}
디버깅 checkpoint loaded
디버깅 before checkpoint: {'actor': '/home/isl_jhoh/CoRL/transplant/policy_pool/risky_multipath/mep/s1/mep5_init_actor.pt'}
디버깅 checkpoint loaded
디버깅 before checkpoint: {'actor': '/home/isl_jhoh/CoRL/transplant/policy_pool/risky_multipath/mep/s1/mep5_mid_actor.pt'}
디버깅 checkpoint loaded
디버깅 before checkpoint: {'actor': '/home/isl_jhoh/CoRL/transplant/policy_pool/risky_multipath/mep/s1/mep5_final_actor.pt'}
디버깅 checkpoint loaded
디버깅 before checkpoint: {'actor': '/home/isl_jhoh/CoRL/transplant/policy_pool/risky_multipath/mep/s1/mep6_init_actor.pt'}
디버깅 checkpoint loaded
디버깅 before checkpoint: {'actor': '/home/isl_jhoh/CoRL/transplant/policy_pool/risky_multipath/mep/s1/mep6_mid_actor.pt'}
디버깅 checkpoint loaded
디버깅 before checkpoint: {'actor': '/home/isl_jhoh/CoRL/transplant/policy_pool/risky_multipath/mep/s1/mep6_final_actor.pt'}
디버깅 checkpoint loaded
디버깅 before checkpoint: {'actor': '/home/isl_jhoh/CoRL/transplant/policy_pool/risky_multipath/hsp/s1/hsp1_w0_actor.pt'}
디버깅 checkpoint loaded
dict_keys(['mep1_1', 'mep1_2', 'mep1_3', 'mep2_1', 'mep2_2', 'mep2_3', 'mep3_1', 'mep3_2', 'mep3_3', 'mep4_1', 'mep4_2', 'mep4_3', 'mep5_1', 'mep5_2', 'mep5_3', 'mep6_1', 'mep6_2', 'mep6_3', 'hsp1']) 19 2
population_size: 19, 19
all agent pairs: [('hsp1', 'hsp_adaptive'), ('mep1_1', 'hsp_adaptive'), ('mep1_2', 'hsp_adaptive'), ('mep1_3', 'hsp_adaptive'), ('mep2_1', 'hsp_adaptive'), ('mep2_2', 'hsp_adaptive'), ('mep2_3', 'hsp_adaptive'), ('mep3_1', 'hsp_adaptive'), ('mep3_2', 'hsp_adaptive'), ('mep3_3', 'hsp_adaptive'), ('mep4_1', 'hsp_adaptive'), ('mep4_2', 'hsp_adaptive'), ('mep4_3', 'hsp_adaptive'), ('mep5_1', 'hsp_adaptive'), ('mep5_2', 'hsp_adaptive'), ('mep5_3', 'hsp_adaptive'), ('mep6_1', 'hsp_adaptive'), ('mep6_2', 'hsp_adaptive'), ('mep6_3', 'hsp_adaptive'), ('hsp_adaptive', 'hsp1'), ('hsp_adaptive', 'mep1_1'), ('hsp_adaptive', 'mep1_2'), ('hsp_adaptive', 'mep1_3'), ('hsp_adaptive', 'mep2_1'), ('hsp_adaptive', 'mep2_2'), ('hsp_adaptive', 'mep2_3'), ('hsp_adaptive', 'mep3_1'), ('hsp_adaptive', 'mep3_2'), ('hsp_adaptive', 'mep3_3'), ('hsp_adaptive', 'mep4_1'), ('hsp_adaptive', 'mep4_2'), ('hsp_adaptive', 'mep4_3'), ('hsp_adaptive', 'mep5_1'), ('hsp_adaptive', 'mep5_2'), ('hsp_adaptive', 'mep5_3'), ('hsp_adaptive', 'mep6_1'), ('hsp_adaptive', 'mep6_2'), ('hsp_adaptive', 'mep6_3')]

 Layout risky_multipath Algo adaptive Exp hsp-S2 updates 0/12 episodes, total num timesteps 1600/20000, FPS 297.

average episode rewards is {'hsp_adaptive': np.float32(0.75)}

 Layout risky_multipath Algo adaptive Exp hsp-S2 updates 1/12 episodes, total num timesteps 3200/20000, FPS 354.

average episode rewards is {'hsp_adaptive': np.float32(0.0)}

 Layout risky_multipath Algo adaptive Exp hsp-S2 updates 2/12 episodes, total num timesteps 4800/20000, FPS 381.

average episode rewards is {'hsp_adaptive': np.float32(0.0)}

 Layout risky_multipath Algo adaptive Exp hsp-S2 updates 3/12 episodes, total num timesteps 6400/20000, FPS 395.

average episode rewards is {'hsp_adaptive': np.float32(1.5)}

 Layout risky_multipath Algo adaptive Exp hsp-S2 updates 4/12 episodes, total num timesteps 8000/20000, FPS 402.

average episode rewards is {'hsp_adaptive': np.float32(0.0)}

 Layout risky_multipath Algo adaptive Exp hsp-S2 updates 5/12 episodes, total num timesteps 9600/20000, FPS 408.

average episode rewards is {'hsp_adaptive': np.float32(2.25)}

 Layout risky_multipath Algo adaptive Exp hsp-S2 updates 6/12 episodes, total num timesteps 11200/20000, FPS 414.

average episode rewards is {'hsp_adaptive': np.float32(2.25)}

 Layout risky_multipath Algo adaptive Exp hsp-S2 updates 7/12 episodes, total num timesteps 12800/20000, FPS 417.

average episode rewards is {'hsp_adaptive': np.float32(0.0)}

 Layout risky_multipath Algo adaptive Exp hsp-S2 updates 8/12 episodes, total num timesteps 14400/20000, FPS 419.

average episode rewards is {'hsp_adaptive': np.float32(2.25)}

 Layout risky_multipath Algo adaptive Exp hsp-S2 updates 9/12 episodes, total num timesteps 16000/20000, FPS 422.

average episode rewards is {'hsp_adaptive': np.float32(1.5)}

 Layout risky_multipath Algo adaptive Exp hsp-S2 updates 10/12 episodes, total num timesteps 17600/20000, FPS 424.

average episode rewards is {'hsp_adaptive': np.float32(0.75)}

 Layout risky_multipath Algo adaptive Exp hsp-S2 updates 11/12 episodes, total num timesteps 19200/20000, FPS 425.

average episode rewards is {'hsp_adaptive': np.float32(1.5)}
/home/isl_jhoh/CoRL/transplant/results/RiskyOvercooked/risky_multipath/adaptive/hsp-S2/run3/models/hsp_adaptive/actor_periodic_19200.pt -> /home/isl_jhoh/CoRL/transplant/policy_pool/risky_multipath/hsp/s2/hsp_adaptive.pt
wrote /home/isl_jhoh/CoRL/transplant/policy_pool/risky_multipath/hsp/s2/eval.yml
/home/isl_jhoh/miniconda3/envs/corl/lib/python3.10/site-packages/pygame/pkgdata.py:25: UserWarning: pkg_resources is deprecated as an API. See https://setuptools.pypa.io/en/latest/pkg_resources.html. The pkg_resources package is slated for removal as early as 2025-11-30. Refrain from using this package or pin to Setuptools<81.
  from pkg_resources import resource_stream, resource_exists
pygame 2.6.1 (SDL 2.28.4, Python 3.10.20)
Hello from the pygame community. https://www.pygame.org/contribute.html
choose to use gpu...
/home/isl_jhoh/CoRL/HSP/hsp/algorithms/population/policy_pool.py:63: UserWarning: Policy pool currently loads all checkpoints into gpu, consider load into cpu latter...
  warnings.warn("Policy pool currently loads all checkpoints into gpu, consider load into cpu latter...")
/home/isl_jhoh/CoRL/transplant/runners/risky_overcooked_runner.py:131: UserWarning: Evaluation with multi policy is not compatible with async done.
  warnings.warn("Evaluation with multi policy is not compatible with async done.")
Pickle dump policy config at /home/isl_jhoh/CoRL/transplant/results/RiskyOvercooked/risky_multipath/population/final-hsp_adaptive-mep1_3/run2/policy_config.pkl
population_yaml_path:  /home/isl_jhoh/CoRL/transplant/policy_pool/risky_multipath/hsp/s2/eval.yml
config loaded
디버깅 before checkpoint: {'actor': '/home/isl_jhoh/CoRL/transplant/policy_pool/risky_multipath/hsp/s2/hsp_adaptive.pt'}
디버깅 checkpoint loaded
디버깅 before checkpoint: {'actor': '/home/isl_jhoh/CoRL/transplant/policy_pool/risky_multipath/mep/s1/mep1_init_actor.pt'}
디버깅 checkpoint loaded
디버깅 before checkpoint: {'actor': '/home/isl_jhoh/CoRL/transplant/policy_pool/risky_multipath/mep/s1/mep1_mid_actor.pt'}
디버깅 checkpoint loaded
디버깅 before checkpoint: {'actor': '/home/isl_jhoh/CoRL/transplant/policy_pool/risky_multipath/mep/s1/mep1_final_actor.pt'}
디버깅 checkpoint loaded
디버깅 before checkpoint: {'actor': '/home/isl_jhoh/CoRL/transplant/policy_pool/risky_multipath/mep/s1/mep2_init_actor.pt'}
디버깅 checkpoint loaded
디버깅 before checkpoint: {'actor': '/home/isl_jhoh/CoRL/transplant/policy_pool/risky_multipath/mep/s1/mep2_mid_actor.pt'}
디버깅 checkpoint loaded
디버깅 before checkpoint: {'actor': '/home/isl_jhoh/CoRL/transplant/policy_pool/risky_multipath/mep/s1/mep2_final_actor.pt'}
디버깅 checkpoint loaded
디버깅 before checkpoint: {'actor': '/home/isl_jhoh/CoRL/transplant/policy_pool/risky_multipath/mep/s1/mep3_init_actor.pt'}
디버깅 checkpoint loaded
디버깅 before checkpoint: {'actor': '/home/isl_jhoh/CoRL/transplant/policy_pool/risky_multipath/mep/s1/mep3_mid_actor.pt'}
디버깅 checkpoint loaded
디버깅 before checkpoint: {'actor': '/home/isl_jhoh/CoRL/transplant/policy_pool/risky_multipath/mep/s1/mep3_final_actor.pt'}
디버깅 checkpoint loaded
디버깅 before checkpoint: {'actor': '/home/isl_jhoh/CoRL/transplant/policy_pool/risky_multipath/mep/s1/mep4_init_actor.pt'}
디버깅 checkpoint loaded
디버깅 before checkpoint: {'actor': '/home/isl_jhoh/CoRL/transplant/policy_pool/risky_multipath/mep/s1/mep4_mid_actor.pt'}
디버깅 checkpoint loaded
디버깅 before checkpoint: {'actor': '/home/isl_jhoh/CoRL/transplant/policy_pool/risky_multipath/mep/s1/mep4_final_actor.pt'}
디버깅 checkpoint loaded
디버깅 before checkpoint: {'actor': '/home/isl_jhoh/CoRL/transplant/policy_pool/risky_multipath/mep/s1/mep5_init_actor.pt'}
디버깅 checkpoint loaded
디버깅 before checkpoint: {'actor': '/home/isl_jhoh/CoRL/transplant/policy_pool/risky_multipath/mep/s1/mep5_mid_actor.pt'}
디버깅 checkpoint loaded
디버깅 before checkpoint: {'actor': '/home/isl_jhoh/CoRL/transplant/policy_pool/risky_multipath/mep/s1/mep5_final_actor.pt'}
디버깅 checkpoint loaded
디버깅 before checkpoint: {'actor': '/home/isl_jhoh/CoRL/transplant/policy_pool/risky_multipath/mep/s1/mep6_init_actor.pt'}
디버깅 checkpoint loaded
디버깅 before checkpoint: {'actor': '/home/isl_jhoh/CoRL/transplant/policy_pool/risky_multipath/mep/s1/mep6_mid_actor.pt'}
디버깅 checkpoint loaded
디버깅 before checkpoint: {'actor': '/home/isl_jhoh/CoRL/transplant/policy_pool/risky_multipath/mep/s1/mep6_final_actor.pt'}
디버깅 checkpoint loaded
디버깅 before checkpoint: {'actor': '/home/isl_jhoh/CoRL/transplant/policy_pool/risky_multipath/hsp/s1/hsp1_w0_actor.pt'}
디버깅 checkpoint loaded
{'hsp_adaptive-mep1_3-eval_ep_tomato_pickup_by_agent0': [np.float32(0.0)], 'agent0-hsp_adaptive-eval_ep_tomato_pickup_by_agent0': [np.float32(0.0)], 'agent1-mep1_3-eval_ep_tomato_pickup_by_agent0': [np.float32(0.0)], 'either-hsp_adaptive-eval_ep_tomato_pickup_by_agent0': [np.float32(0.0)], 'either-mep1_3-eval_ep_tomato_pickup_by_agent0': [np.float32(0.0)], 'hsp_adaptive-mep1_3-eval_ep_useful_tomato_pickup_by_agent0': [np.float32(0.0)], 'agent0-hsp_adaptive-eval_ep_useful_tomato_pickup_by_agent0': [np.float32(0.0)], 'agent1-mep1_3-eval_ep_useful_tomato_pickup_by_agent0': [np.float32(0.0)], 'either-hsp_adaptive-eval_ep_useful_tomato_pickup_by_agent0': [np.float32(0.0)], 'either-mep1_3-eval_ep_useful_tomato_pickup_by_agent0': [np.float32(0.0)], 'hsp_adaptive-mep1_3-eval_ep_tomato_drop_by_agent0': [np.float32(0.0)], 'agent0-hsp_adaptive-eval_ep_tomato_drop_by_agent0': [np.float32(0.0)], 'agent1-mep1_3-eval_ep_tomato_drop_by_agent0': [np.float32(0.0)], 'either-hsp_adaptive-eval_ep_tomato_drop_by_agent0': [np.float32(0.0)], 'either-mep1_3-eval_ep_tomato_drop_by_agent0': [np.float32(0.0)], 'hsp_adaptive-mep1_3-eval_ep_useful_tomato_drop_by_agent0': [np.float32(0.0)], 'agent0-hsp_adaptive-eval_ep_useful_tomato_drop_by_agent0': [np.float32(0.0)], 'agent1-mep1_3-eval_ep_useful_tomato_drop_by_agent0': [np.float32(0.0)], 'either-hsp_adaptive-eval_ep_useful_tomato_drop_by_agent0': [np.float32(0.0)], 'either-mep1_3-eval_ep_useful_tomato_drop_by_agent0': [np.float32(0.0)], 'hsp_adaptive-mep1_3-eval_ep_potting_tomato_by_agent0': [np.float32(0.0)], 'agent0-hsp_adaptive-eval_ep_potting_tomato_by_agent0': [np.float32(0.0)], 'agent1-mep1_3-eval_ep_potting_tomato_by_agent0': [np.float32(0.0)], 'either-hsp_adaptive-eval_ep_potting_tomato_by_agent0': [np.float32(0.0)], 'either-mep1_3-eval_ep_potting_tomato_by_agent0': [np.float32(0.0)], 'hsp_adaptive-mep1_3-eval_ep_tomato_risked_by_agent0': [np.float32(0.0)], 'agent0-hsp_adaptive-eval_ep_tomato_risked_by_agent0': [np.float32(0.0)], 'agent1-mep1_3-eval_ep_tomato_risked_by_agent0': [np.float32(0.0)], 'either-hsp_adaptive-eval_ep_tomato_risked_by_agent0': [np.float32(0.0)], 'either-mep1_3-eval_ep_tomato_risked_by_agent0': [np.float32(0.0)], 'hsp_adaptive-mep1_3-eval_ep_tomato_slip_by_agent0': [np.float32(0.0)], 'agent0-hsp_adaptive-eval_ep_tomato_slip_by_agent0': [np.float32(0.0)], 'agent1-mep1_3-eval_ep_tomato_slip_by_agent0': [np.float32(0.0)], 'either-hsp_adaptive-eval_ep_tomato_slip_by_agent0': [np.float32(0.0)], 'either-mep1_3-eval_ep_tomato_slip_by_agent0': [np.float32(0.0)], 'hsp_adaptive-mep1_3-eval_ep_tomato_handoff_by_agent0': [np.float32(0.0)], 'agent0-hsp_adaptive-eval_ep_tomato_handoff_by_agent0': [np.float32(0.0)], 'agent1-mep1_3-eval_ep_tomato_handoff_by_agent0': [np.float32(0.0)], 'either-hsp_adaptive-eval_ep_tomato_handoff_by_agent0': [np.float32(0.0)], 'either-mep1_3-eval_ep_tomato_handoff_by_agent0': [np.float32(0.0)], 'hsp_adaptive-mep1_3-eval_ep_onion_pickup_by_agent0': [np.float32(0.8)], 'agent0-hsp_adaptive-eval_ep_onion_pickup_by_agent0': [np.float32(0.8)], 'agent1-mep1_3-eval_ep_onion_pickup_by_agent0': [np.float32(0.8)], 'either-hsp_adaptive-eval_ep_onion_pickup_by_agent0': [np.float32(0.8)], 'either-mep1_3-eval_ep_onion_pickup_by_agent0': [np.float32(0.8)], 'hsp_adaptive-mep1_3-eval_ep_useful_onion_pickup_by_agent0': [np.float32(0.8)], 'agent0-hsp_adaptive-eval_ep_useful_onion_pickup_by_agent0': [np.float32(0.8)], 'agent1-mep1_3-eval_ep_useful_onion_pickup_by_agent0': [np.float32(0.8)], 'either-hsp_adaptive-eval_ep_useful_onion_pickup_by_agent0': [np.float32(0.8)], 'either-mep1_3-eval_ep_useful_onion_pickup_by_agent0': [np.float32(0.8)], 'hsp_adaptive-mep1_3-eval_ep_onion_drop_by_agent0': [np.float32(0.4)], 'agent0-hsp_adaptive-eval_ep_onion_drop_by_agent0': [np.float32(0.4)], 'agent1-mep1_3-eval_ep_onion_drop_by_agent0': [np.float32(0.4)], 'either-hsp_adaptive-eval_ep_onion_drop_by_agent0': [np.float32(0.4)], 'either-mep1_3-eval_ep_onion_drop_by_agent0': [np.float32(0.4)], 'hsp_adaptive-mep1_3-eval_ep_useful_onion_drop_by_agent0': [np.float32(0.0)], 'agent0-hsp_adaptive-eval_ep_useful_onion_drop_by_agent0': [np.float32(0.0)], 'agent1-mep1_3-eval_ep_useful_onion_drop_by_agent0': [np.float32(0.0)], 'either-hsp_adaptive-eval_ep_useful_onion_drop_by_agent0': [np.float32(0.0)], 'either-mep1_3-eval_ep_useful_onion_drop_by_agent0': [np.float32(0.0)], 'hsp_adaptive-mep1_3-eval_ep_potting_onion_by_agent0': [np.float32(0.1)], 'agent0-hsp_adaptive-eval_ep_potting_onion_by_agent0': [np.float32(0.1)], 'agent1-mep1_3-eval_ep_potting_onion_by_agent0': [np.float32(0.1)], 'either-hsp_adaptive-eval_ep_potting_onion_by_agent0': [np.float32(0.1)], 'either-mep1_3-eval_ep_potting_onion_by_agent0': [np.float32(0.1)], 'hsp_adaptive-mep1_3-eval_ep_onion_risked_by_agent0': [np.float32(2.05)], 'agent0-hsp_adaptive-eval_ep_onion_risked_by_agent0': [np.float32(2.05)], 'agent1-mep1_3-eval_ep_onion_risked_by_agent0': [np.float32(2.05)], 'either-hsp_adaptive-eval_ep_onion_risked_by_agent0': [np.float32(2.05)], 'either-mep1_3-eval_ep_onion_risked_by_agent0': [np.float32(2.05)], 'hsp_adaptive-mep1_3-eval_ep_onion_slip_by_agent0': [np.float32(0.3)], 'agent0-hsp_adaptive-eval_ep_onion_slip_by_agent0': [np.float32(0.3)], 'agent1-mep1_3-eval_ep_onion_slip_by_agent0': [np.float32(0.3)], 'either-hsp_adaptive-eval_ep_onion_slip_by_agent0': [np.float32(0.3)], 'either-mep1_3-eval_ep_onion_slip_by_agent0': [np.float32(0.3)], 'hsp_adaptive-mep1_3-eval_ep_onion_handoff_by_agent0': [np.float32(0.05)], 'agent0-hsp_adaptive-eval_ep_onion_handoff_by_agent0': [np.float32(0.05)], 'agent1-mep1_3-eval_ep_onion_handoff_by_agent0': [np.float32(0.05)], 'either-hsp_adaptive-eval_ep_onion_handoff_by_agent0': [np.float32(0.05)], 'either-mep1_3-eval_ep_onion_handoff_by_agent0': [np.float32(0.05)], 'hsp_adaptive-mep1_3-eval_ep_dish_pickup_by_agent0': [np.float32(0.4)], 'agent0-hsp_adaptive-eval_ep_dish_pickup_by_agent0': [np.float32(0.4)], 'agent1-mep1_3-eval_ep_dish_pickup_by_agent0': [np.float32(0.4)], 'either-hsp_adaptive-eval_ep_dish_pickup_by_agent0': [np.float32(0.4)], 'either-mep1_3-eval_ep_dish_pickup_by_agent0': [np.float32(0.4)], 'hsp_adaptive-mep1_3-eval_ep_useful_dish_pickup_by_agent0': [np.float32(0.05)], 'agent0-hsp_adaptive-eval_ep_useful_dish_pickup_by_agent0': [np.float32(0.05)], 'agent1-mep1_3-eval_ep_useful_dish_pickup_by_agent0': [np.float32(0.05)], 'either-hsp_adaptive-eval_ep_useful_dish_pickup_by_agent0': [np.float32(0.05)], 'either-mep1_3-eval_ep_useful_dish_pickup_by_agent0': [np.float32(0.05)], 'hsp_adaptive-mep1_3-eval_ep_dish_drop_by_agent0': [np.float32(0.2)], 'agent0-hsp_adaptive-eval_ep_dish_drop_by_agent0': [np.float32(0.2)], 'agent1-mep1_3-eval_ep_dish_drop_by_agent0': [np.float32(0.2)], 'either-hsp_adaptive-eval_ep_dish_drop_by_agent0': [np.float32(0.2)], 'either-mep1_3-eval_ep_dish_drop_by_agent0': [np.float32(0.2)], 'hsp_adaptive-mep1_3-eval_ep_useful_dish_drop_by_agent0': [np.float32(0.1)], 'agent0-hsp_adaptive-eval_ep_useful_dish_drop_by_agent0': [np.float32(0.1)], 'agent1-mep1_3-eval_ep_useful_dish_drop_by_agent0': [np.float32(0.1)], 'either-hsp_adaptive-eval_ep_useful_dish_drop_by_agent0': [np.float32(0.1)], 'either-mep1_3-eval_ep_useful_dish_drop_by_agent0': [np.float32(0.1)], 'hsp_adaptive-mep1_3-eval_ep_dish_risked_by_agent0': [np.float32(0.6)], 'agent0-hsp_adaptive-eval_ep_dish_risked_by_agent0': [np.float32(0.6)], 'agent1-mep1_3-eval_ep_dish_risked_by_agent0': [np.float32(0.6)], 'either-hsp_adaptive-eval_ep_dish_risked_by_agent0': [np.float32(0.6)], 'either-mep1_3-eval_ep_dish_risked_by_agent0': [np.float32(0.6)], 'hsp_adaptive-mep1_3-eval_ep_dish_slip_by_agent0': [np.float32(0.15)], 'agent0-hsp_adaptive-eval_ep_dish_slip_by_agent0': [np.float32(0.15)], 'agent1-mep1_3-eval_ep_dish_slip_by_agent0': [np.float32(0.15)], 'either-hsp_adaptive-eval_ep_dish_slip_by_agent0': [np.float32(0.15)], 'either-mep1_3-eval_ep_dish_slip_by_agent0': [np.float32(0.15)], 'hsp_adaptive-mep1_3-eval_ep_dish_handoff_by_agent0': [np.float32(0.0)], 'agent0-hsp_adaptive-eval_ep_dish_handoff_by_agent0': [np.float32(0.0)], 'agent1-mep1_3-eval_ep_dish_handoff_by_agent0': [np.float32(0.0)], 'either-hsp_adaptive-eval_ep_dish_handoff_by_agent0': [np.float32(0.0)], 'either-mep1_3-eval_ep_dish_handoff_by_agent0': [np.float32(0.0)], 'hsp_adaptive-mep1_3-eval_ep_soup_pickup_by_agent0': [np.float32(0.0)], 'agent0-hsp_adaptive-eval_ep_soup_pickup_by_agent0': [np.float32(0.0)], 'agent1-mep1_3-eval_ep_soup_pickup_by_agent0': [np.float32(0.0)], 'either-hsp_adaptive-eval_ep_soup_pickup_by_agent0': [np.float32(0.0)], 'either-mep1_3-eval_ep_soup_pickup_by_agent0': [np.float32(0.0)], 'hsp_adaptive-mep1_3-eval_ep_soup_delivery_by_agent0': [np.float32(0.0)], 'agent0-hsp_adaptive-eval_ep_soup_delivery_by_agent0': [np.float32(0.0)], 'agent1-mep1_3-eval_ep_soup_delivery_by_agent0': [np.float32(0.0)], 'either-hsp_adaptive-eval_ep_soup_delivery_by_agent0': [np.float32(0.0)], 'either-mep1_3-eval_ep_soup_delivery_by_agent0': [np.float32(0.0)], 'hsp_adaptive-mep1_3-eval_ep_soup_drop_by_agent0': [np.float32(0.0)], 'agent0-hsp_adaptive-eval_ep_soup_drop_by_agent0': [np.float32(0.0)], 'agent1-mep1_3-eval_ep_soup_drop_by_agent0': [np.float32(0.0)], 'either-hsp_adaptive-eval_ep_soup_drop_by_agent0': [np.float32(0.0)], 'either-mep1_3-eval_ep_soup_drop_by_agent0': [np.float32(0.0)], 'hsp_adaptive-mep1_3-eval_ep_soup_risked_by_agent0': [np.float32(0.0)], 'agent0-hsp_adaptive-eval_ep_soup_risked_by_agent0': [np.float32(0.0)], 'agent1-mep1_3-eval_ep_soup_risked_by_agent0': [np.float32(0.0)], 'either-hsp_adaptive-eval_ep_soup_risked_by_agent0': [np.float32(0.0)], 'either-mep1_3-eval_ep_soup_risked_by_agent0': [np.float32(0.0)], 'hsp_adaptive-mep1_3-eval_ep_soup_slip_by_agent0': [np.float32(0.0)], 'agent0-hsp_adaptive-eval_ep_soup_slip_by_agent0': [np.float32(0.0)], 'agent1-mep1_3-eval_ep_soup_slip_by_agent0': [np.float32(0.0)], 'either-hsp_adaptive-eval_ep_soup_slip_by_agent0': [np.float32(0.0)], 'either-mep1_3-eval_ep_soup_slip_by_agent0': [np.float32(0.0)], 'hsp_adaptive-mep1_3-eval_ep_soup_handoff_by_agent0': [np.float32(0.0)], 'agent0-hsp_adaptive-eval_ep_soup_handoff_by_agent0': [np.float32(0.0)], 'agent1-mep1_3-eval_ep_soup_handoff_by_agent0': [np.float32(0.0)], 'either-hsp_adaptive-eval_ep_soup_handoff_by_agent0': [np.float32(0.0)], 'either-mep1_3-eval_ep_soup_handoff_by_agent0': [np.float32(0.0)], 'hsp_adaptive-mep1_3-eval_ep_optimal_onion_potting_by_agent0': [np.float32(0.1)], 'agent0-hsp_adaptive-eval_ep_optimal_onion_potting_by_agent0': [np.float32(0.1)], 'agent1-mep1_3-eval_ep_optimal_onion_potting_by_agent0': [np.float32(0.1)], 'either-hsp_adaptive-eval_ep_optimal_onion_potting_by_agent0': [np.float32(0.1)], 'either-mep1_3-eval_ep_optimal_onion_potting_by_agent0': [np.float32(0.1)], 'hsp_adaptive-mep1_3-eval_ep_optimal_tomato_potting_by_agent0': [np.float32(0.0)], 'agent0-hsp_adaptive-eval_ep_optimal_tomato_potting_by_agent0': [np.float32(0.0)], 'agent1-mep1_3-eval_ep_optimal_tomato_potting_by_agent0': [np.float32(0.0)], 'either-hsp_adaptive-eval_ep_optimal_tomato_potting_by_agent0': [np.float32(0.0)], 'either-mep1_3-eval_ep_optimal_tomato_potting_by_agent0': [np.float32(0.0)], 'hsp_adaptive-mep1_3-eval_ep_viable_onion_potting_by_agent0': [np.float32(0.1)], 'agent0-hsp_adaptive-eval_ep_viable_onion_potting_by_agent0': [np.float32(0.1)], 'agent1-mep1_3-eval_ep_viable_onion_potting_by_agent0': [np.float32(0.1)], 'either-hsp_adaptive-eval_ep_viable_onion_potting_by_agent0': [np.float32(0.1)], 'either-mep1_3-eval_ep_viable_onion_potting_by_agent0': [np.float32(0.1)], 'hsp_adaptive-mep1_3-eval_ep_viable_tomato_potting_by_agent0': [np.float32(0.0)], 'agent0-hsp_adaptive-eval_ep_viable_tomato_potting_by_agent0': [np.float32(0.0)], 'agent1-mep1_3-eval_ep_viable_tomato_potting_by_agent0': [np.float32(0.0)], 'either-hsp_adaptive-eval_ep_viable_tomato_potting_by_agent0': [np.float32(0.0)], 'either-mep1_3-eval_ep_viable_tomato_potting_by_agent0': [np.float32(0.0)], 'hsp_adaptive-mep1_3-eval_ep_catastrophic_onion_potting_by_agent0': [np.float32(0.0)], 'agent0-hsp_adaptive-eval_ep_catastrophic_onion_potting_by_agent0': [np.float32(0.0)], 'agent1-mep1_3-eval_ep_catastrophic_onion_potting_by_agent0': [np.float32(0.0)], 'either-hsp_adaptive-eval_ep_catastrophic_onion_potting_by_agent0': [np.float32(0.0)], 'either-mep1_3-eval_ep_catastrophic_onion_potting_by_agent0': [np.float32(0.0)], 'hsp_adaptive-mep1_3-eval_ep_catastrophic_tomato_potting_by_agent0': [np.float32(0.0)], 'agent0-hsp_adaptive-eval_ep_catastrophic_tomato_potting_by_agent0': [np.float32(0.0)], 'agent1-mep1_3-eval_ep_catastrophic_tomato_potting_by_agent0': [np.float32(0.0)], 'either-hsp_adaptive-eval_ep_catastrophic_tomato_potting_by_agent0': [np.float32(0.0)], 'either-mep1_3-eval_ep_catastrophic_tomato_potting_by_agent0': [np.float32(0.0)], 'hsp_adaptive-mep1_3-eval_ep_useless_onion_potting_by_agent0': [np.float32(0.0)], 'agent0-hsp_adaptive-eval_ep_useless_onion_potting_by_agent0': [np.float32(0.0)], 'agent1-mep1_3-eval_ep_useless_onion_potting_by_agent0': [np.float32(0.0)], 'either-hsp_adaptive-eval_ep_useless_onion_potting_by_agent0': [np.float32(0.0)], 'either-mep1_3-eval_ep_useless_onion_potting_by_agent0': [np.float32(0.0)], 'hsp_adaptive-mep1_3-eval_ep_useless_tomato_potting_by_agent0': [np.float32(0.0)], 'agent0-hsp_adaptive-eval_ep_useless_tomato_potting_by_agent0': [np.float32(0.0)], 'agent1-mep1_3-eval_ep_useless_tomato_potting_by_agent0': [np.float32(0.0)], 'either-hsp_adaptive-eval_ep_useless_tomato_potting_by_agent0': [np.float32(0.0)], 'either-mep1_3-eval_ep_useless_tomato_potting_by_agent0': [np.float32(0.0)], 'hsp_adaptive-mep1_3-eval_ep_empty_slip_by_agent0': [np.float32(0.0)], 'agent0-hsp_adaptive-eval_ep_empty_slip_by_agent0': [np.float32(0.0)], 'agent1-mep1_3-eval_ep_empty_slip_by_agent0': [np.float32(0.0)], 'either-hsp_adaptive-eval_ep_empty_slip_by_agent0': [np.float32(0.0)], 'either-mep1_3-eval_ep_empty_slip_by_agent0': [np.float32(0.0)], 'hsp_adaptive-mep1_3-eval_ep_tomato_pickup_by_agent1': [np.float32(0.0)], 'agent0-hsp_adaptive-eval_ep_tomato_pickup_by_agent1': [np.float32(0.0)], 'agent1-mep1_3-eval_ep_tomato_pickup_by_agent1': [np.float32(0.0)], 'either-hsp_adaptive-eval_ep_tomato_pickup_by_agent1': [np.float32(0.0)], 'either-mep1_3-eval_ep_tomato_pickup_by_agent1': [np.float32(0.0)], 'hsp_adaptive-mep1_3-eval_ep_useful_tomato_pickup_by_agent1': [np.float32(0.0)], 'agent0-hsp_adaptive-eval_ep_useful_tomato_pickup_by_agent1': [np.float32(0.0)], 'agent1-mep1_3-eval_ep_useful_tomato_pickup_by_agent1': [np.float32(0.0)], 'either-hsp_adaptive-eval_ep_useful_tomato_pickup_by_agent1': [np.float32(0.0)], 'either-mep1_3-eval_ep_useful_tomato_pickup_by_agent1': [np.float32(0.0)], 'hsp_adaptive-mep1_3-eval_ep_tomato_drop_by_agent1': [np.float32(0.0)], 'agent0-hsp_adaptive-eval_ep_tomato_drop_by_agent1': [np.float32(0.0)], 'agent1-mep1_3-eval_ep_tomato_drop_by_agent1': [np.float32(0.0)], 'either-hsp_adaptive-eval_ep_tomato_drop_by_agent1': [np.float32(0.0)], 'either-mep1_3-eval_ep_tomato_drop_by_agent1': [np.float32(0.0)], 'hsp_adaptive-mep1_3-eval_ep_useful_tomato_drop_by_agent1': [np.float32(0.0)], 'agent0-hsp_adaptive-eval_ep_useful_tomato_drop_by_agent1': [np.float32(0.0)], 'agent1-mep1_3-eval_ep_useful_tomato_drop_by_agent1': [np.float32(0.0)], 'either-hsp_adaptive-eval_ep_useful_tomato_drop_by_agent1': [np.float32(0.0)], 'either-mep1_3-eval_ep_useful_tomato_drop_by_agent1': [np.float32(0.0)], 'hsp_adaptive-mep1_3-eval_ep_potting_tomato_by_agent1': [np.float32(0.0)], 'agent0-hsp_adaptive-eval_ep_potting_tomato_by_agent1': [np.float32(0.0)], 'agent1-mep1_3-eval_ep_potting_tomato_by_agent1': [np.float32(0.0)], 'either-hsp_adaptive-eval_ep_potting_tomato_by_agent1': [np.float32(0.0)], 'either-mep1_3-eval_ep_potting_tomato_by_agent1': [np.float32(0.0)], 'hsp_adaptive-mep1_3-eval_ep_tomato_risked_by_agent1': [np.float32(0.0)], 'agent0-hsp_adaptive-eval_ep_tomato_risked_by_agent1': [np.float32(0.0)], 'agent1-mep1_3-eval_ep_tomato_risked_by_agent1': [np.float32(0.0)], 'either-hsp_adaptive-eval_ep_tomato_risked_by_agent1': [np.float32(0.0)], 'either-mep1_3-eval_ep_tomato_risked_by_agent1': [np.float32(0.0)], 'hsp_adaptive-mep1_3-eval_ep_tomato_slip_by_agent1': [np.float32(0.0)], 'agent0-hsp_adaptive-eval_ep_tomato_slip_by_agent1': [np.float32(0.0)], 'agent1-mep1_3-eval_ep_tomato_slip_by_agent1': [np.float32(0.0)], 'either-hsp_adaptive-eval_ep_tomato_slip_by_agent1': [np.float32(0.0)], 'either-mep1_3-eval_ep_tomato_slip_by_agent1': [np.float32(0.0)], 'hsp_adaptive-mep1_3-eval_ep_tomato_handoff_by_agent1': [np.float32(0.0)], 'agent0-hsp_adaptive-eval_ep_tomato_handoff_by_agent1': [np.float32(0.0)], 'agent1-mep1_3-eval_ep_tomato_handoff_by_agent1': [np.float32(0.0)], 'either-hsp_adaptive-eval_ep_tomato_handoff_by_agent1': [np.float32(0.0)], 'either-mep1_3-eval_ep_tomato_handoff_by_agent1': [np.float32(0.0)], 'hsp_adaptive-mep1_3-eval_ep_onion_pickup_by_agent1': [np.float32(9.25)], 'agent0-hsp_adaptive-eval_ep_onion_pickup_by_agent1': [np.float32(9.25)], 'agent1-mep1_3-eval_ep_onion_pickup_by_agent1': [np.float32(9.25)], 'either-hsp_adaptive-eval_ep_onion_pickup_by_agent1': [np.float32(9.25)], 'either-mep1_3-eval_ep_onion_pickup_by_agent1': [np.float32(9.25)], 'hsp_adaptive-mep1_3-eval_ep_useful_onion_pickup_by_agent1': [np.float32(9.25)], 'agent0-hsp_adaptive-eval_ep_useful_onion_pickup_by_agent1': [np.float32(9.25)], 'agent1-mep1_3-eval_ep_useful_onion_pickup_by_agent1': [np.float32(9.25)], 'either-hsp_adaptive-eval_ep_useful_onion_pickup_by_agent1': [np.float32(9.25)], 'either-mep1_3-eval_ep_useful_onion_pickup_by_agent1': [np.float32(9.25)], 'hsp_adaptive-mep1_3-eval_ep_onion_drop_by_agent1': [np.float32(2.0)], 'agent0-hsp_adaptive-eval_ep_onion_drop_by_agent1': [np.float32(2.0)], 'agent1-mep1_3-eval_ep_onion_drop_by_agent1': [np.float32(2.0)], 'either-hsp_adaptive-eval_ep_onion_drop_by_agent1': [np.float32(2.0)], 'either-mep1_3-eval_ep_onion_drop_by_agent1': [np.float32(2.0)], 'hsp_adaptive-mep1_3-eval_ep_useful_onion_drop_by_agent1': [np.float32(0.0)], 'agent0-hsp_adaptive-eval_ep_useful_onion_drop_by_agent1': [np.float32(0.0)], 'agent1-mep1_3-eval_ep_useful_onion_drop_by_agent1': [np.float32(0.0)], 'either-hsp_adaptive-eval_ep_useful_onion_drop_by_agent1': [np.float32(0.0)], 'either-mep1_3-eval_ep_useful_onion_drop_by_agent1': [np.float32(0.0)], 'hsp_adaptive-mep1_3-eval_ep_potting_onion_by_agent1': [np.float32(3.85)], 'agent0-hsp_adaptive-eval_ep_potting_onion_by_agent1': [np.float32(3.85)], 'agent1-mep1_3-eval_ep_potting_onion_by_agent1': [np.float32(3.85)], 'either-hsp_adaptive-eval_ep_potting_onion_by_agent1': [np.float32(3.85)], 'either-mep1_3-eval_ep_potting_onion_by_agent1': [np.float32(3.85)], 'hsp_adaptive-mep1_3-eval_ep_onion_risked_by_agent1': [np.float32(24.65)], 'agent0-hsp_adaptive-eval_ep_onion_risked_by_agent1': [np.float32(24.65)], 'agent1-mep1_3-eval_ep_onion_risked_by_agent1': [np.float32(24.65)], 'either-hsp_adaptive-eval_ep_onion_risked_by_agent1': [np.float32(24.65)], 'either-mep1_3-eval_ep_onion_risked_by_agent1': [np.float32(24.65)], 'hsp_adaptive-mep1_3-eval_ep_onion_slip_by_agent1': [np.float32(3.35)], 'agent0-hsp_adaptive-eval_ep_onion_slip_by_agent1': [np.float32(3.35)], 'agent1-mep1_3-eval_ep_onion_slip_by_agent1': [np.float32(3.35)], 'either-hsp_adaptive-eval_ep_onion_slip_by_agent1': [np.float32(3.35)], 'either-mep1_3-eval_ep_onion_slip_by_agent1': [np.float32(3.35)], 'hsp_adaptive-mep1_3-eval_ep_onion_handoff_by_agent1': [np.float32(0.1)], 'agent0-hsp_adaptive-eval_ep_onion_handoff_by_agent1': [np.float32(0.1)], 'agent1-mep1_3-eval_ep_onion_handoff_by_agent1': [np.float32(0.1)], 'either-hsp_adaptive-eval_ep_onion_handoff_by_agent1': [np.float32(0.1)], 'either-mep1_3-eval_ep_onion_handoff_by_agent1': [np.float32(0.1)], 'hsp_adaptive-mep1_3-eval_ep_dish_pickup_by_agent1': [np.float32(0.15)], 'agent0-hsp_adaptive-eval_ep_dish_pickup_by_agent1': [np.float32(0.15)], 'agent1-mep1_3-eval_ep_dish_pickup_by_agent1': [np.float32(0.15)], 'either-hsp_adaptive-eval_ep_dish_pickup_by_agent1': [np.float32(0.15)], 'either-mep1_3-eval_ep_dish_pickup_by_agent1': [np.float32(0.15)], 'hsp_adaptive-mep1_3-eval_ep_useful_dish_pickup_by_agent1': [np.float32(0.0)], 'agent0-hsp_adaptive-eval_ep_useful_dish_pickup_by_agent1': [np.float32(0.0)], 'agent1-mep1_3-eval_ep_useful_dish_pickup_by_agent1': [np.float32(0.0)], 'either-hsp_adaptive-eval_ep_useful_dish_pickup_by_agent1': [np.float32(0.0)], 'either-mep1_3-eval_ep_useful_dish_pickup_by_agent1': [np.float32(0.0)], 'hsp_adaptive-mep1_3-eval_ep_dish_drop_by_agent1': [np.float32(0.05)], 'agent0-hsp_adaptive-eval_ep_dish_drop_by_agent1': [np.float32(0.05)], 'agent1-mep1_3-eval_ep_dish_drop_by_agent1': [np.float32(0.05)], 'either-hsp_adaptive-eval_ep_dish_drop_by_agent1': [np.float32(0.05)], 'either-mep1_3-eval_ep_dish_drop_by_agent1': [np.float32(0.05)], 'hsp_adaptive-mep1_3-eval_ep_useful_dish_drop_by_agent1': [np.float32(0.05)], 'agent0-hsp_adaptive-eval_ep_useful_dish_drop_by_agent1': [np.float32(0.05)], 'agent1-mep1_3-eval_ep_useful_dish_drop_by_agent1': [np.float32(0.05)], 'either-hsp_adaptive-eval_ep_useful_dish_drop_by_agent1': [np.float32(0.05)], 'either-mep1_3-eval_ep_useful_dish_drop_by_agent1': [np.float32(0.05)], 'hsp_adaptive-mep1_3-eval_ep_dish_risked_by_agent1': [np.float32(0.85)], 'agent0-hsp_adaptive-eval_ep_dish_risked_by_agent1': [np.float32(0.85)], 'agent1-mep1_3-eval_ep_dish_risked_by_agent1': [np.float32(0.85)], 'either-hsp_adaptive-eval_ep_dish_risked_by_agent1': [np.float32(0.85)], 'either-mep1_3-eval_ep_dish_risked_by_agent1': [np.float32(0.85)], 'hsp_adaptive-mep1_3-eval_ep_dish_slip_by_agent1': [np.float32(0.1)], 'agent0-hsp_adaptive-eval_ep_dish_slip_by_agent1': [np.float32(0.1)], 'agent1-mep1_3-eval_ep_dish_slip_by_agent1': [np.float32(0.1)], 'either-hsp_adaptive-eval_ep_dish_slip_by_agent1': [np.float32(0.1)], 'either-mep1_3-eval_ep_dish_slip_by_agent1': [np.float32(0.1)], 'hsp_adaptive-mep1_3-eval_ep_dish_handoff_by_agent1': [np.float32(0.05)], 'agent0-hsp_adaptive-eval_ep_dish_handoff_by_agent1': [np.float32(0.05)], 'agent1-mep1_3-eval_ep_dish_handoff_by_agent1': [np.float32(0.05)], 'either-hsp_adaptive-eval_ep_dish_handoff_by_agent1': [np.float32(0.05)], 'either-mep1_3-eval_ep_dish_handoff_by_agent1': [np.float32(0.05)], 'hsp_adaptive-mep1_3-eval_ep_soup_pickup_by_agent1': [np.float32(0.0)], 'agent0-hsp_adaptive-eval_ep_soup_pickup_by_agent1': [np.float32(0.0)], 'agent1-mep1_3-eval_ep_soup_pickup_by_agent1': [np.float32(0.0)], 'either-hsp_adaptive-eval_ep_soup_pickup_by_agent1': [np.float32(0.0)], 'either-mep1_3-eval_ep_soup_pickup_by_agent1': [np.float32(0.0)], 'hsp_adaptive-mep1_3-eval_ep_soup_delivery_by_agent1': [np.float32(0.0)], 'agent0-hsp_adaptive-eval_ep_soup_delivery_by_agent1': [np.float32(0.0)], 'agent1-mep1_3-eval_ep_soup_delivery_by_agent1': [np.float32(0.0)], 'either-hsp_adaptive-eval_ep_soup_delivery_by_agent1': [np.float32(0.0)], 'either-mep1_3-eval_ep_soup_delivery_by_agent1': [np.float32(0.0)], 'hsp_adaptive-mep1_3-eval_ep_soup_drop_by_agent1': [np.float32(0.0)], 'agent0-hsp_adaptive-eval_ep_soup_drop_by_agent1': [np.float32(0.0)], 'agent1-mep1_3-eval_ep_soup_drop_by_agent1': [np.float32(0.0)], 'either-hsp_adaptive-eval_ep_soup_drop_by_agent1': [np.float32(0.0)], 'either-mep1_3-eval_ep_soup_drop_by_agent1': [np.float32(0.0)], 'hsp_adaptive-mep1_3-eval_ep_soup_risked_by_agent1': [np.float32(0.0)], 'agent0-hsp_adaptive-eval_ep_soup_risked_by_agent1': [np.float32(0.0)], 'agent1-mep1_3-eval_ep_soup_risked_by_agent1': [np.float32(0.0)], 'either-hsp_adaptive-eval_ep_soup_risked_by_agent1': [np.float32(0.0)], 'either-mep1_3-eval_ep_soup_risked_by_agent1': [np.float32(0.0)], 'hsp_adaptive-mep1_3-eval_ep_soup_slip_by_agent1': [np.float32(0.0)], 'agent0-hsp_adaptive-eval_ep_soup_slip_by_agent1': [np.float32(0.0)], 'agent1-mep1_3-eval_ep_soup_slip_by_agent1': [np.float32(0.0)], 'either-hsp_adaptive-eval_ep_soup_slip_by_agent1': [np.float32(0.0)], 'either-mep1_3-eval_ep_soup_slip_by_agent1': [np.float32(0.0)], 'hsp_adaptive-mep1_3-eval_ep_soup_handoff_by_agent1': [np.float32(0.0)], 'agent0-hsp_adaptive-eval_ep_soup_handoff_by_agent1': [np.float32(0.0)], 'agent1-mep1_3-eval_ep_soup_handoff_by_agent1': [np.float32(0.0)], 'either-hsp_adaptive-eval_ep_soup_handoff_by_agent1': [np.float32(0.0)], 'either-mep1_3-eval_ep_soup_handoff_by_agent1': [np.float32(0.0)], 'hsp_adaptive-mep1_3-eval_ep_optimal_onion_potting_by_agent1': [np.float32(3.85)], 'agent0-hsp_adaptive-eval_ep_optimal_onion_potting_by_agent1': [np.float32(3.85)], 'agent1-mep1_3-eval_ep_optimal_onion_potting_by_agent1': [np.float32(3.85)], 'either-hsp_adaptive-eval_ep_optimal_onion_potting_by_agent1': [np.float32(3.85)], 'either-mep1_3-eval_ep_optimal_onion_potting_by_agent1': [np.float32(3.85)], 'hsp_adaptive-mep1_3-eval_ep_optimal_tomato_potting_by_agent1': [np.float32(0.0)], 'agent0-hsp_adaptive-eval_ep_optimal_tomato_potting_by_agent1': [np.float32(0.0)], 'agent1-mep1_3-eval_ep_optimal_tomato_potting_by_agent1': [np.float32(0.0)], 'either-hsp_adaptive-eval_ep_optimal_tomato_potting_by_agent1': [np.float32(0.0)], 'either-mep1_3-eval_ep_optimal_tomato_potting_by_agent1': [np.float32(0.0)], 'hsp_adaptive-mep1_3-eval_ep_viable_onion_potting_by_agent1': [np.float32(3.85)], 'agent0-hsp_adaptive-eval_ep_viable_onion_potting_by_agent1': [np.float32(3.85)], 'agent1-mep1_3-eval_ep_viable_onion_potting_by_agent1': [np.float32(3.85)], 'either-hsp_adaptive-eval_ep_viable_onion_potting_by_agent1': [np.float32(3.85)], 'either-mep1_3-eval_ep_viable_onion_potting_by_agent1': [np.float32(3.85)], 'hsp_adaptive-mep1_3-eval_ep_viable_tomato_potting_by_agent1': [np.float32(0.0)], 'agent0-hsp_adaptive-eval_ep_viable_tomato_potting_by_agent1': [np.float32(0.0)], 'agent1-mep1_3-eval_ep_viable_tomato_potting_by_agent1': [np.float32(0.0)], 'either-hsp_adaptive-eval_ep_viable_tomato_potting_by_agent1': [np.float32(0.0)], 'either-mep1_3-eval_ep_viable_tomato_potting_by_agent1': [np.float32(0.0)], 'hsp_adaptive-mep1_3-eval_ep_catastrophic_onion_potting_by_agent1': [np.float32(0.0)], 'agent0-hsp_adaptive-eval_ep_catastrophic_onion_potting_by_agent1': [np.float32(0.0)], 'agent1-mep1_3-eval_ep_catastrophic_onion_potting_by_agent1': [np.float32(0.0)], 'either-hsp_adaptive-eval_ep_catastrophic_onion_potting_by_agent1': [np.float32(0.0)], 'either-mep1_3-eval_ep_catastrophic_onion_potting_by_agent1': [np.float32(0.0)], 'hsp_adaptive-mep1_3-eval_ep_catastrophic_tomato_potting_by_agent1': [np.float32(0.0)], 'agent0-hsp_adaptive-eval_ep_catastrophic_tomato_potting_by_agent1': [np.float32(0.0)], 'agent1-mep1_3-eval_ep_catastrophic_tomato_potting_by_agent1': [np.float32(0.0)], 'either-hsp_adaptive-eval_ep_catastrophic_tomato_potting_by_agent1': [np.float32(0.0)], 'either-mep1_3-eval_ep_catastrophic_tomato_potting_by_agent1': [np.float32(0.0)], 'hsp_adaptive-mep1_3-eval_ep_useless_onion_potting_by_agent1': [np.float32(0.0)], 'agent0-hsp_adaptive-eval_ep_useless_onion_potting_by_agent1': [np.float32(0.0)], 'agent1-mep1_3-eval_ep_useless_onion_potting_by_agent1': [np.float32(0.0)], 'either-hsp_adaptive-eval_ep_useless_onion_potting_by_agent1': [np.float32(0.0)], 'either-mep1_3-eval_ep_useless_onion_potting_by_agent1': [np.float32(0.0)], 'hsp_adaptive-mep1_3-eval_ep_useless_tomato_potting_by_agent1': [np.float32(0.0)], 'agent0-hsp_adaptive-eval_ep_useless_tomato_potting_by_agent1': [np.float32(0.0)], 'agent1-mep1_3-eval_ep_useless_tomato_potting_by_agent1': [np.float32(0.0)], 'either-hsp_adaptive-eval_ep_useless_tomato_potting_by_agent1': [np.float32(0.0)], 'either-mep1_3-eval_ep_useless_tomato_potting_by_agent1': [np.float32(0.0)], 'hsp_adaptive-mep1_3-eval_ep_empty_slip_by_agent1': [np.float32(0.0)], 'agent0-hsp_adaptive-eval_ep_empty_slip_by_agent1': [np.float32(0.0)], 'agent1-mep1_3-eval_ep_empty_slip_by_agent1': [np.float32(0.0)], 'either-hsp_adaptive-eval_ep_empty_slip_by_agent1': [np.float32(0.0)], 'either-mep1_3-eval_ep_empty_slip_by_agent1': [np.float32(0.0)], 'hsp_adaptive-mep1_3-eval_ep_sparse_r_by_agent0': [np.float64(0.0)], 'agent0-hsp_adaptive-eval_ep_sparse_r_by_agent0': [np.float64(0.0)], 'agent1-mep1_3-eval_ep_sparse_r_by_agent0': [np.float64(0.0)], 'either-hsp_adaptive-eval_ep_sparse_r_by_agent0': [np.float64(0.0)], 'either-mep1_3-eval_ep_sparse_r_by_agent0': [np.float64(0.0)], 'hsp_adaptive-mep1_3-eval_ep_shaped_r_by_agent0': [np.float64(0.35)], 'agent0-hsp_adaptive-eval_ep_shaped_r_by_agent0': [np.float64(0.35)], 'agent1-mep1_3-eval_ep_shaped_r_by_agent0': [np.float64(0.35)], 'either-hsp_adaptive-eval_ep_shaped_r_by_agent0': [np.float64(0.35)], 'either-mep1_3-eval_ep_shaped_r_by_agent0': [np.float64(0.35)], 'hsp_adaptive-mep1_3-eval_ep_sparse_r_by_agent1': [np.float64(0.0)], 'agent0-hsp_adaptive-eval_ep_sparse_r_by_agent1': [np.float64(0.0)], 'agent1-mep1_3-eval_ep_sparse_r_by_agent1': [np.float64(0.0)], 'either-hsp_adaptive-eval_ep_sparse_r_by_agent1': [np.float64(0.0)], 'either-mep1_3-eval_ep_sparse_r_by_agent1': [np.float64(0.0)], 'hsp_adaptive-mep1_3-eval_ep_shaped_r_by_agent1': [np.float64(11.55)], 'agent0-hsp_adaptive-eval_ep_shaped_r_by_agent1': [np.float64(11.55)], 'agent1-mep1_3-eval_ep_shaped_r_by_agent1': [np.float64(11.55)], 'either-hsp_adaptive-eval_ep_shaped_r_by_agent1': [np.float64(11.55)], 'either-mep1_3-eval_ep_shaped_r_by_agent1': [np.float64(11.55)], 'hsp_adaptive-mep1_3-eval_ep_sparse_r': [np.float64(0.0)], 'agent0-hsp_adaptive-eval_ep_sparse_r': [np.float64(0.0)], 'agent1-mep1_3-eval_ep_sparse_r': [np.float64(0.0)], 'either-hsp_adaptive-eval_ep_sparse_r': [np.float64(0.0)], 'either-mep1_3-eval_ep_sparse_r': [np.float64(0.0)], 'hsp_adaptive-mep1_3-eval_ep_shaped_r': [np.float64(11.9)], 'agent0-hsp_adaptive-eval_ep_shaped_r': [np.float64(11.9)], 'agent1-mep1_3-eval_ep_shaped_r': [np.float64(11.9)], 'either-hsp_adaptive-eval_ep_shaped_r': [np.float64(11.9)], 'either-mep1_3-eval_ep_shaped_r': [np.float64(11.9)]}
{'hsp_adaptive-mep1_3-eval_ep_sparse_r_by_agent0': [np.float64(0.0)], 'agent0-hsp_adaptive-eval_ep_sparse_r_by_agent0': [np.float64(0.0)], 'agent1-mep1_3-eval_ep_sparse_r_by_agent0': [np.float64(0.0)], 'either-hsp_adaptive-eval_ep_sparse_r_by_agent0': [np.float64(0.0)], 'either-mep1_3-eval_ep_sparse_r_by_agent0': [np.float64(0.0)], 'hsp_adaptive-mep1_3-eval_ep_sparse_r_by_agent1': [np.float64(0.0)], 'agent0-hsp_adaptive-eval_ep_sparse_r_by_agent1': [np.float64(0.0)], 'agent1-mep1_3-eval_ep_sparse_r_by_agent1': [np.float64(0.0)], 'either-hsp_adaptive-eval_ep_sparse_r_by_agent1': [np.float64(0.0)], 'either-mep1_3-eval_ep_sparse_r_by_agent1': [np.float64(0.0)], 'hsp_adaptive-mep1_3-eval_ep_sparse_r': [np.float64(0.0)], 'agent0-hsp_adaptive-eval_ep_sparse_r': [np.float64(0.0)], 'agent1-mep1_3-eval_ep_sparse_r': [np.float64(0.0)], 'either-hsp_adaptive-eval_ep_sparse_r': [np.float64(0.0)], 'either-mep1_3-eval_ep_sparse_r': [np.float64(0.0)]}
/home/isl_jhoh/miniconda3/envs/corl/lib/python3.10/site-packages/pygame/pkgdata.py:25: UserWarning: pkg_resources is deprecated as an API. See https://setuptools.pypa.io/en/latest/pkg_resources.html. The pkg_resources package is slated for removal as early as 2025-11-30. Refrain from using this package or pin to Setuptools<81.
  from pkg_resources import resource_stream, resource_exists
pygame 2.6.1 (SDL 2.28.4, Python 3.10.20)
Hello from the pygame community. https://www.pygame.org/contribute.html
choose to use gpu...
/home/isl_jhoh/CoRL/HSP/hsp/algorithms/population/policy_pool.py:63: UserWarning: Policy pool currently loads all checkpoints into gpu, consider load into cpu latter...
  warnings.warn("Policy pool currently loads all checkpoints into gpu, consider load into cpu latter...")
/home/isl_jhoh/CoRL/transplant/runners/risky_overcooked_runner.py:131: UserWarning: Evaluation with multi policy is not compatible with async done.
  warnings.warn("Evaluation with multi policy is not compatible with async done.")
Pickle dump policy config at /home/isl_jhoh/CoRL/transplant/results/RiskyOvercooked/risky_multipath/population/final-mep1_3-hsp_adaptive/run2/policy_config.pkl
population_yaml_path:  /home/isl_jhoh/CoRL/transplant/policy_pool/risky_multipath/hsp/s2/eval.yml
config loaded
디버깅 before checkpoint: {'actor': '/home/isl_jhoh/CoRL/transplant/policy_pool/risky_multipath/hsp/s2/hsp_adaptive.pt'}
디버깅 checkpoint loaded
디버깅 before checkpoint: {'actor': '/home/isl_jhoh/CoRL/transplant/policy_pool/risky_multipath/mep/s1/mep1_init_actor.pt'}
디버깅 checkpoint loaded
디버깅 before checkpoint: {'actor': '/home/isl_jhoh/CoRL/transplant/policy_pool/risky_multipath/mep/s1/mep1_mid_actor.pt'}
디버깅 checkpoint loaded
디버깅 before checkpoint: {'actor': '/home/isl_jhoh/CoRL/transplant/policy_pool/risky_multipath/mep/s1/mep1_final_actor.pt'}
디버깅 checkpoint loaded
디버깅 before checkpoint: {'actor': '/home/isl_jhoh/CoRL/transplant/policy_pool/risky_multipath/mep/s1/mep2_init_actor.pt'}
디버깅 checkpoint loaded
디버깅 before checkpoint: {'actor': '/home/isl_jhoh/CoRL/transplant/policy_pool/risky_multipath/mep/s1/mep2_mid_actor.pt'}
디버깅 checkpoint loaded
디버깅 before checkpoint: {'actor': '/home/isl_jhoh/CoRL/transplant/policy_pool/risky_multipath/mep/s1/mep2_final_actor.pt'}
디버깅 checkpoint loaded
디버깅 before checkpoint: {'actor': '/home/isl_jhoh/CoRL/transplant/policy_pool/risky_multipath/mep/s1/mep3_init_actor.pt'}
디버깅 checkpoint loaded
디버깅 before checkpoint: {'actor': '/home/isl_jhoh/CoRL/transplant/policy_pool/risky_multipath/mep/s1/mep3_mid_actor.pt'}
디버깅 checkpoint loaded
디버깅 before checkpoint: {'actor': '/home/isl_jhoh/CoRL/transplant/policy_pool/risky_multipath/mep/s1/mep3_final_actor.pt'}
디버깅 checkpoint loaded
디버깅 before checkpoint: {'actor': '/home/isl_jhoh/CoRL/transplant/policy_pool/risky_multipath/mep/s1/mep4_init_actor.pt'}
디버깅 checkpoint loaded
디버깅 before checkpoint: {'actor': '/home/isl_jhoh/CoRL/transplant/policy_pool/risky_multipath/mep/s1/mep4_mid_actor.pt'}
디버깅 checkpoint loaded
디버깅 before checkpoint: {'actor': '/home/isl_jhoh/CoRL/transplant/policy_pool/risky_multipath/mep/s1/mep4_final_actor.pt'}
디버깅 checkpoint loaded
디버깅 before checkpoint: {'actor': '/home/isl_jhoh/CoRL/transplant/policy_pool/risky_multipath/mep/s1/mep5_init_actor.pt'}
디버깅 checkpoint loaded
디버깅 before checkpoint: {'actor': '/home/isl_jhoh/CoRL/transplant/policy_pool/risky_multipath/mep/s1/mep5_mid_actor.pt'}
디버깅 checkpoint loaded
디버깅 before checkpoint: {'actor': '/home/isl_jhoh/CoRL/transplant/policy_pool/risky_multipath/mep/s1/mep5_final_actor.pt'}
디버깅 checkpoint loaded
디버깅 before checkpoint: {'actor': '/home/isl_jhoh/CoRL/transplant/policy_pool/risky_multipath/mep/s1/mep6_init_actor.pt'}
디버깅 checkpoint loaded
디버깅 before checkpoint: {'actor': '/home/isl_jhoh/CoRL/transplant/policy_pool/risky_multipath/mep/s1/mep6_mid_actor.pt'}
디버깅 checkpoint loaded
디버깅 before checkpoint: {'actor': '/home/isl_jhoh/CoRL/transplant/policy_pool/risky_multipath/mep/s1/mep6_final_actor.pt'}
디버깅 checkpoint loaded
디버깅 before checkpoint: {'actor': '/home/isl_jhoh/CoRL/transplant/policy_pool/risky_multipath/hsp/s1/hsp1_w0_actor.pt'}
디버깅 checkpoint loaded
{'mep1_3-hsp_adaptive-eval_ep_tomato_pickup_by_agent0': [np.float32(0.0)], 'agent0-mep1_3-eval_ep_tomato_pickup_by_agent0': [np.float32(0.0)], 'agent1-hsp_adaptive-eval_ep_tomato_pickup_by_agent0': [np.float32(0.0)], 'either-mep1_3-eval_ep_tomato_pickup_by_agent0': [np.float32(0.0)], 'either-hsp_adaptive-eval_ep_tomato_pickup_by_agent0': [np.float32(0.0)], 'mep1_3-hsp_adaptive-eval_ep_useful_tomato_pickup_by_agent0': [np.float32(0.0)], 'agent0-mep1_3-eval_ep_useful_tomato_pickup_by_agent0': [np.float32(0.0)], 'agent1-hsp_adaptive-eval_ep_useful_tomato_pickup_by_agent0': [np.float32(0.0)], 'either-mep1_3-eval_ep_useful_tomato_pickup_by_agent0': [np.float32(0.0)], 'either-hsp_adaptive-eval_ep_useful_tomato_pickup_by_agent0': [np.float32(0.0)], 'mep1_3-hsp_adaptive-eval_ep_tomato_drop_by_agent0': [np.float32(0.0)], 'agent0-mep1_3-eval_ep_tomato_drop_by_agent0': [np.float32(0.0)], 'agent1-hsp_adaptive-eval_ep_tomato_drop_by_agent0': [np.float32(0.0)], 'either-mep1_3-eval_ep_tomato_drop_by_agent0': [np.float32(0.0)], 'either-hsp_adaptive-eval_ep_tomato_drop_by_agent0': [np.float32(0.0)], 'mep1_3-hsp_adaptive-eval_ep_useful_tomato_drop_by_agent0': [np.float32(0.0)], 'agent0-mep1_3-eval_ep_useful_tomato_drop_by_agent0': [np.float32(0.0)], 'agent1-hsp_adaptive-eval_ep_useful_tomato_drop_by_agent0': [np.float32(0.0)], 'either-mep1_3-eval_ep_useful_tomato_drop_by_agent0': [np.float32(0.0)], 'either-hsp_adaptive-eval_ep_useful_tomato_drop_by_agent0': [np.float32(0.0)], 'mep1_3-hsp_adaptive-eval_ep_potting_tomato_by_agent0': [np.float32(0.0)], 'agent0-mep1_3-eval_ep_potting_tomato_by_agent0': [np.float32(0.0)], 'agent1-hsp_adaptive-eval_ep_potting_tomato_by_agent0': [np.float32(0.0)], 'either-mep1_3-eval_ep_potting_tomato_by_agent0': [np.float32(0.0)], 'either-hsp_adaptive-eval_ep_potting_tomato_by_agent0': [np.float32(0.0)], 'mep1_3-hsp_adaptive-eval_ep_tomato_risked_by_agent0': [np.float32(0.0)], 'agent0-mep1_3-eval_ep_tomato_risked_by_agent0': [np.float32(0.0)], 'agent1-hsp_adaptive-eval_ep_tomato_risked_by_agent0': [np.float32(0.0)], 'either-mep1_3-eval_ep_tomato_risked_by_agent0': [np.float32(0.0)], 'either-hsp_adaptive-eval_ep_tomato_risked_by_agent0': [np.float32(0.0)], 'mep1_3-hsp_adaptive-eval_ep_tomato_slip_by_agent0': [np.float32(0.0)], 'agent0-mep1_3-eval_ep_tomato_slip_by_agent0': [np.float32(0.0)], 'agent1-hsp_adaptive-eval_ep_tomato_slip_by_agent0': [np.float32(0.0)], 'either-mep1_3-eval_ep_tomato_slip_by_agent0': [np.float32(0.0)], 'either-hsp_adaptive-eval_ep_tomato_slip_by_agent0': [np.float32(0.0)], 'mep1_3-hsp_adaptive-eval_ep_tomato_handoff_by_agent0': [np.float32(0.0)], 'agent0-mep1_3-eval_ep_tomato_handoff_by_agent0': [np.float32(0.0)], 'agent1-hsp_adaptive-eval_ep_tomato_handoff_by_agent0': [np.float32(0.0)], 'either-mep1_3-eval_ep_tomato_handoff_by_agent0': [np.float32(0.0)], 'either-hsp_adaptive-eval_ep_tomato_handoff_by_agent0': [np.float32(0.0)], 'mep1_3-hsp_adaptive-eval_ep_onion_pickup_by_agent0': [np.float32(9.35)], 'agent0-mep1_3-eval_ep_onion_pickup_by_agent0': [np.float32(9.35)], 'agent1-hsp_adaptive-eval_ep_onion_pickup_by_agent0': [np.float32(9.35)], 'either-mep1_3-eval_ep_onion_pickup_by_agent0': [np.float32(9.35)], 'either-hsp_adaptive-eval_ep_onion_pickup_by_agent0': [np.float32(9.35)], 'mep1_3-hsp_adaptive-eval_ep_useful_onion_pickup_by_agent0': [np.float32(9.35)], 'agent0-mep1_3-eval_ep_useful_onion_pickup_by_agent0': [np.float32(9.35)], 'agent1-hsp_adaptive-eval_ep_useful_onion_pickup_by_agent0': [np.float32(9.35)], 'either-mep1_3-eval_ep_useful_onion_pickup_by_agent0': [np.float32(9.35)], 'either-hsp_adaptive-eval_ep_useful_onion_pickup_by_agent0': [np.float32(9.35)], 'mep1_3-hsp_adaptive-eval_ep_onion_drop_by_agent0': [np.float32(1.85)], 'agent0-mep1_3-eval_ep_onion_drop_by_agent0': [np.float32(1.85)], 'agent1-hsp_adaptive-eval_ep_onion_drop_by_agent0': [np.float32(1.85)], 'either-mep1_3-eval_ep_onion_drop_by_agent0': [np.float32(1.85)], 'either-hsp_adaptive-eval_ep_onion_drop_by_agent0': [np.float32(1.85)], 'mep1_3-hsp_adaptive-eval_ep_useful_onion_drop_by_agent0': [np.float32(0.0)], 'agent0-mep1_3-eval_ep_useful_onion_drop_by_agent0': [np.float32(0.0)], 'agent1-hsp_adaptive-eval_ep_useful_onion_drop_by_agent0': [np.float32(0.0)], 'either-mep1_3-eval_ep_useful_onion_drop_by_agent0': [np.float32(0.0)], 'either-hsp_adaptive-eval_ep_useful_onion_drop_by_agent0': [np.float32(0.0)], 'mep1_3-hsp_adaptive-eval_ep_potting_onion_by_agent0': [np.float32(3.35)], 'agent0-mep1_3-eval_ep_potting_onion_by_agent0': [np.float32(3.35)], 'agent1-hsp_adaptive-eval_ep_potting_onion_by_agent0': [np.float32(3.35)], 'either-mep1_3-eval_ep_potting_onion_by_agent0': [np.float32(3.35)], 'either-hsp_adaptive-eval_ep_potting_onion_by_agent0': [np.float32(3.35)], 'mep1_3-hsp_adaptive-eval_ep_onion_risked_by_agent0': [np.float32(27.75)], 'agent0-mep1_3-eval_ep_onion_risked_by_agent0': [np.float32(27.75)], 'agent1-hsp_adaptive-eval_ep_onion_risked_by_agent0': [np.float32(27.75)], 'either-mep1_3-eval_ep_onion_risked_by_agent0': [np.float32(27.75)], 'either-hsp_adaptive-eval_ep_onion_risked_by_agent0': [np.float32(27.75)], 'mep1_3-hsp_adaptive-eval_ep_onion_slip_by_agent0': [np.float32(4.05)], 'agent0-mep1_3-eval_ep_onion_slip_by_agent0': [np.float32(4.05)], 'agent1-hsp_adaptive-eval_ep_onion_slip_by_agent0': [np.float32(4.05)], 'either-mep1_3-eval_ep_onion_slip_by_agent0': [np.float32(4.05)], 'either-hsp_adaptive-eval_ep_onion_slip_by_agent0': [np.float32(4.05)], 'mep1_3-hsp_adaptive-eval_ep_onion_handoff_by_agent0': [np.float32(0.05)], 'agent0-mep1_3-eval_ep_onion_handoff_by_agent0': [np.float32(0.05)], 'agent1-hsp_adaptive-eval_ep_onion_handoff_by_agent0': [np.float32(0.05)], 'either-mep1_3-eval_ep_onion_handoff_by_agent0': [np.float32(0.05)], 'either-hsp_adaptive-eval_ep_onion_handoff_by_agent0': [np.float32(0.05)], 'mep1_3-hsp_adaptive-eval_ep_dish_pickup_by_agent0': [np.float32(0.05)], 'agent0-mep1_3-eval_ep_dish_pickup_by_agent0': [np.float32(0.05)], 'agent1-hsp_adaptive-eval_ep_dish_pickup_by_agent0': [np.float32(0.05)], 'either-mep1_3-eval_ep_dish_pickup_by_agent0': [np.float32(0.05)], 'either-hsp_adaptive-eval_ep_dish_pickup_by_agent0': [np.float32(0.05)], 'mep1_3-hsp_adaptive-eval_ep_useful_dish_pickup_by_agent0': [np.float32(0.05)], 'agent0-mep1_3-eval_ep_useful_dish_pickup_by_agent0': [np.float32(0.05)], 'agent1-hsp_adaptive-eval_ep_useful_dish_pickup_by_agent0': [np.float32(0.05)], 'either-mep1_3-eval_ep_useful_dish_pickup_by_agent0': [np.float32(0.05)], 'either-hsp_adaptive-eval_ep_useful_dish_pickup_by_agent0': [np.float32(0.05)], 'mep1_3-hsp_adaptive-eval_ep_dish_drop_by_agent0': [np.float32(0.05)], 'agent0-mep1_3-eval_ep_dish_drop_by_agent0': [np.float32(0.05)], 'agent1-hsp_adaptive-eval_ep_dish_drop_by_agent0': [np.float32(0.05)], 'either-mep1_3-eval_ep_dish_drop_by_agent0': [np.float32(0.05)], 'either-hsp_adaptive-eval_ep_dish_drop_by_agent0': [np.float32(0.05)], 'mep1_3-hsp_adaptive-eval_ep_useful_dish_drop_by_agent0': [np.float32(0.0)], 'agent0-mep1_3-eval_ep_useful_dish_drop_by_agent0': [np.float32(0.0)], 'agent1-hsp_adaptive-eval_ep_useful_dish_drop_by_agent0': [np.float32(0.0)], 'either-mep1_3-eval_ep_useful_dish_drop_by_agent0': [np.float32(0.0)], 'either-hsp_adaptive-eval_ep_useful_dish_drop_by_agent0': [np.float32(0.0)], 'mep1_3-hsp_adaptive-eval_ep_dish_risked_by_agent0': [np.float32(0.35)], 'agent0-mep1_3-eval_ep_dish_risked_by_agent0': [np.float32(0.35)], 'agent1-hsp_adaptive-eval_ep_dish_risked_by_agent0': [np.float32(0.35)], 'either-mep1_3-eval_ep_dish_risked_by_agent0': [np.float32(0.35)], 'either-hsp_adaptive-eval_ep_dish_risked_by_agent0': [np.float32(0.35)], 'mep1_3-hsp_adaptive-eval_ep_dish_slip_by_agent0': [np.float32(0.0)], 'agent0-mep1_3-eval_ep_dish_slip_by_agent0': [np.float32(0.0)], 'agent1-hsp_adaptive-eval_ep_dish_slip_by_agent0': [np.float32(0.0)], 'either-mep1_3-eval_ep_dish_slip_by_agent0': [np.float32(0.0)], 'either-hsp_adaptive-eval_ep_dish_slip_by_agent0': [np.float32(0.0)], 'mep1_3-hsp_adaptive-eval_ep_dish_handoff_by_agent0': [np.float32(0.0)], 'agent0-mep1_3-eval_ep_dish_handoff_by_agent0': [np.float32(0.0)], 'agent1-hsp_adaptive-eval_ep_dish_handoff_by_agent0': [np.float32(0.0)], 'either-mep1_3-eval_ep_dish_handoff_by_agent0': [np.float32(0.0)], 'either-hsp_adaptive-eval_ep_dish_handoff_by_agent0': [np.float32(0.0)], 'mep1_3-hsp_adaptive-eval_ep_soup_pickup_by_agent0': [np.float32(0.0)], 'agent0-mep1_3-eval_ep_soup_pickup_by_agent0': [np.float32(0.0)], 'agent1-hsp_adaptive-eval_ep_soup_pickup_by_agent0': [np.float32(0.0)], 'either-mep1_3-eval_ep_soup_pickup_by_agent0': [np.float32(0.0)], 'either-hsp_adaptive-eval_ep_soup_pickup_by_agent0': [np.float32(0.0)], 'mep1_3-hsp_adaptive-eval_ep_soup_delivery_by_agent0': [np.float32(0.0)], 'agent0-mep1_3-eval_ep_soup_delivery_by_agent0': [np.float32(0.0)], 'agent1-hsp_adaptive-eval_ep_soup_delivery_by_agent0': [np.float32(0.0)], 'either-mep1_3-eval_ep_soup_delivery_by_agent0': [np.float32(0.0)], 'either-hsp_adaptive-eval_ep_soup_delivery_by_agent0': [np.float32(0.0)], 'mep1_3-hsp_adaptive-eval_ep_soup_drop_by_agent0': [np.float32(0.0)], 'agent0-mep1_3-eval_ep_soup_drop_by_agent0': [np.float32(0.0)], 'agent1-hsp_adaptive-eval_ep_soup_drop_by_agent0': [np.float32(0.0)], 'either-mep1_3-eval_ep_soup_drop_by_agent0': [np.float32(0.0)], 'either-hsp_adaptive-eval_ep_soup_drop_by_agent0': [np.float32(0.0)], 'mep1_3-hsp_adaptive-eval_ep_soup_risked_by_agent0': [np.float32(0.0)], 'agent0-mep1_3-eval_ep_soup_risked_by_agent0': [np.float32(0.0)], 'agent1-hsp_adaptive-eval_ep_soup_risked_by_agent0': [np.float32(0.0)], 'either-mep1_3-eval_ep_soup_risked_by_agent0': [np.float32(0.0)], 'either-hsp_adaptive-eval_ep_soup_risked_by_agent0': [np.float32(0.0)], 'mep1_3-hsp_adaptive-eval_ep_soup_slip_by_agent0': [np.float32(0.0)], 'agent0-mep1_3-eval_ep_soup_slip_by_agent0': [np.float32(0.0)], 'agent1-hsp_adaptive-eval_ep_soup_slip_by_agent0': [np.float32(0.0)], 'either-mep1_3-eval_ep_soup_slip_by_agent0': [np.float32(0.0)], 'either-hsp_adaptive-eval_ep_soup_slip_by_agent0': [np.float32(0.0)], 'mep1_3-hsp_adaptive-eval_ep_soup_handoff_by_agent0': [np.float32(0.0)], 'agent0-mep1_3-eval_ep_soup_handoff_by_agent0': [np.float32(0.0)], 'agent1-hsp_adaptive-eval_ep_soup_handoff_by_agent0': [np.float32(0.0)], 'either-mep1_3-eval_ep_soup_handoff_by_agent0': [np.float32(0.0)], 'either-hsp_adaptive-eval_ep_soup_handoff_by_agent0': [np.float32(0.0)], 'mep1_3-hsp_adaptive-eval_ep_optimal_onion_potting_by_agent0': [np.float32(3.35)], 'agent0-mep1_3-eval_ep_optimal_onion_potting_by_agent0': [np.float32(3.35)], 'agent1-hsp_adaptive-eval_ep_optimal_onion_potting_by_agent0': [np.float32(3.35)], 'either-mep1_3-eval_ep_optimal_onion_potting_by_agent0': [np.float32(3.35)], 'either-hsp_adaptive-eval_ep_optimal_onion_potting_by_agent0': [np.float32(3.35)], 'mep1_3-hsp_adaptive-eval_ep_optimal_tomato_potting_by_agent0': [np.float32(0.0)], 'agent0-mep1_3-eval_ep_optimal_tomato_potting_by_agent0': [np.float32(0.0)], 'agent1-hsp_adaptive-eval_ep_optimal_tomato_potting_by_agent0': [np.float32(0.0)], 'either-mep1_3-eval_ep_optimal_tomato_potting_by_agent0': [np.float32(0.0)], 'either-hsp_adaptive-eval_ep_optimal_tomato_potting_by_agent0': [np.float32(0.0)], 'mep1_3-hsp_adaptive-eval_ep_viable_onion_potting_by_agent0': [np.float32(3.35)], 'agent0-mep1_3-eval_ep_viable_onion_potting_by_agent0': [np.float32(3.35)], 'agent1-hsp_adaptive-eval_ep_viable_onion_potting_by_agent0': [np.float32(3.35)], 'either-mep1_3-eval_ep_viable_onion_potting_by_agent0': [np.float32(3.35)], 'either-hsp_adaptive-eval_ep_viable_onion_potting_by_agent0': [np.float32(3.35)], 'mep1_3-hsp_adaptive-eval_ep_viable_tomato_potting_by_agent0': [np.float32(0.0)], 'agent0-mep1_3-eval_ep_viable_tomato_potting_by_agent0': [np.float32(0.0)], 'agent1-hsp_adaptive-eval_ep_viable_tomato_potting_by_agent0': [np.float32(0.0)], 'either-mep1_3-eval_ep_viable_tomato_potting_by_agent0': [np.float32(0.0)], 'either-hsp_adaptive-eval_ep_viable_tomato_potting_by_agent0': [np.float32(0.0)], 'mep1_3-hsp_adaptive-eval_ep_catastrophic_onion_potting_by_agent0': [np.float32(0.0)], 'agent0-mep1_3-eval_ep_catastrophic_onion_potting_by_agent0': [np.float32(0.0)], 'agent1-hsp_adaptive-eval_ep_catastrophic_onion_potting_by_agent0': [np.float32(0.0)], 'either-mep1_3-eval_ep_catastrophic_onion_potting_by_agent0': [np.float32(0.0)], 'either-hsp_adaptive-eval_ep_catastrophic_onion_potting_by_agent0': [np.float32(0.0)], 'mep1_3-hsp_adaptive-eval_ep_catastrophic_tomato_potting_by_agent0': [np.float32(0.0)], 'agent0-mep1_3-eval_ep_catastrophic_tomato_potting_by_agent0': [np.float32(0.0)], 'agent1-hsp_adaptive-eval_ep_catastrophic_tomato_potting_by_agent0': [np.float32(0.0)], 'either-mep1_3-eval_ep_catastrophic_tomato_potting_by_agent0': [np.float32(0.0)], 'either-hsp_adaptive-eval_ep_catastrophic_tomato_potting_by_agent0': [np.float32(0.0)], 'mep1_3-hsp_adaptive-eval_ep_useless_onion_potting_by_agent0': [np.float32(0.0)], 'agent0-mep1_3-eval_ep_useless_onion_potting_by_agent0': [np.float32(0.0)], 'agent1-hsp_adaptive-eval_ep_useless_onion_potting_by_agent0': [np.float32(0.0)], 'either-mep1_3-eval_ep_useless_onion_potting_by_agent0': [np.float32(0.0)], 'either-hsp_adaptive-eval_ep_useless_onion_potting_by_agent0': [np.float32(0.0)], 'mep1_3-hsp_adaptive-eval_ep_useless_tomato_potting_by_agent0': [np.float32(0.0)], 'agent0-mep1_3-eval_ep_useless_tomato_potting_by_agent0': [np.float32(0.0)], 'agent1-hsp_adaptive-eval_ep_useless_tomato_potting_by_agent0': [np.float32(0.0)], 'either-mep1_3-eval_ep_useless_tomato_potting_by_agent0': [np.float32(0.0)], 'either-hsp_adaptive-eval_ep_useless_tomato_potting_by_agent0': [np.float32(0.0)], 'mep1_3-hsp_adaptive-eval_ep_empty_slip_by_agent0': [np.float32(0.0)], 'agent0-mep1_3-eval_ep_empty_slip_by_agent0': [np.float32(0.0)], 'agent1-hsp_adaptive-eval_ep_empty_slip_by_agent0': [np.float32(0.0)], 'either-mep1_3-eval_ep_empty_slip_by_agent0': [np.float32(0.0)], 'either-hsp_adaptive-eval_ep_empty_slip_by_agent0': [np.float32(0.0)], 'mep1_3-hsp_adaptive-eval_ep_tomato_pickup_by_agent1': [np.float32(0.0)], 'agent0-mep1_3-eval_ep_tomato_pickup_by_agent1': [np.float32(0.0)], 'agent1-hsp_adaptive-eval_ep_tomato_pickup_by_agent1': [np.float32(0.0)], 'either-mep1_3-eval_ep_tomato_pickup_by_agent1': [np.float32(0.0)], 'either-hsp_adaptive-eval_ep_tomato_pickup_by_agent1': [np.float32(0.0)], 'mep1_3-hsp_adaptive-eval_ep_useful_tomato_pickup_by_agent1': [np.float32(0.0)], 'agent0-mep1_3-eval_ep_useful_tomato_pickup_by_agent1': [np.float32(0.0)], 'agent1-hsp_adaptive-eval_ep_useful_tomato_pickup_by_agent1': [np.float32(0.0)], 'either-mep1_3-eval_ep_useful_tomato_pickup_by_agent1': [np.float32(0.0)], 'either-hsp_adaptive-eval_ep_useful_tomato_pickup_by_agent1': [np.float32(0.0)], 'mep1_3-hsp_adaptive-eval_ep_tomato_drop_by_agent1': [np.float32(0.0)], 'agent0-mep1_3-eval_ep_tomato_drop_by_agent1': [np.float32(0.0)], 'agent1-hsp_adaptive-eval_ep_tomato_drop_by_agent1': [np.float32(0.0)], 'either-mep1_3-eval_ep_tomato_drop_by_agent1': [np.float32(0.0)], 'either-hsp_adaptive-eval_ep_tomato_drop_by_agent1': [np.float32(0.0)], 'mep1_3-hsp_adaptive-eval_ep_useful_tomato_drop_by_agent1': [np.float32(0.0)], 'agent0-mep1_3-eval_ep_useful_tomato_drop_by_agent1': [np.float32(0.0)], 'agent1-hsp_adaptive-eval_ep_useful_tomato_drop_by_agent1': [np.float32(0.0)], 'either-mep1_3-eval_ep_useful_tomato_drop_by_agent1': [np.float32(0.0)], 'either-hsp_adaptive-eval_ep_useful_tomato_drop_by_agent1': [np.float32(0.0)], 'mep1_3-hsp_adaptive-eval_ep_potting_tomato_by_agent1': [np.float32(0.0)], 'agent0-mep1_3-eval_ep_potting_tomato_by_agent1': [np.float32(0.0)], 'agent1-hsp_adaptive-eval_ep_potting_tomato_by_agent1': [np.float32(0.0)], 'either-mep1_3-eval_ep_potting_tomato_by_agent1': [np.float32(0.0)], 'either-hsp_adaptive-eval_ep_potting_tomato_by_agent1': [np.float32(0.0)], 'mep1_3-hsp_adaptive-eval_ep_tomato_risked_by_agent1': [np.float32(0.0)], 'agent0-mep1_3-eval_ep_tomato_risked_by_agent1': [np.float32(0.0)], 'agent1-hsp_adaptive-eval_ep_tomato_risked_by_agent1': [np.float32(0.0)], 'either-mep1_3-eval_ep_tomato_risked_by_agent1': [np.float32(0.0)], 'either-hsp_adaptive-eval_ep_tomato_risked_by_agent1': [np.float32(0.0)], 'mep1_3-hsp_adaptive-eval_ep_tomato_slip_by_agent1': [np.float32(0.0)], 'agent0-mep1_3-eval_ep_tomato_slip_by_agent1': [np.float32(0.0)], 'agent1-hsp_adaptive-eval_ep_tomato_slip_by_agent1': [np.float32(0.0)], 'either-mep1_3-eval_ep_tomato_slip_by_agent1': [np.float32(0.0)], 'either-hsp_adaptive-eval_ep_tomato_slip_by_agent1': [np.float32(0.0)], 'mep1_3-hsp_adaptive-eval_ep_tomato_handoff_by_agent1': [np.float32(0.0)], 'agent0-mep1_3-eval_ep_tomato_handoff_by_agent1': [np.float32(0.0)], 'agent1-hsp_adaptive-eval_ep_tomato_handoff_by_agent1': [np.float32(0.0)], 'either-mep1_3-eval_ep_tomato_handoff_by_agent1': [np.float32(0.0)], 'either-hsp_adaptive-eval_ep_tomato_handoff_by_agent1': [np.float32(0.0)], 'mep1_3-hsp_adaptive-eval_ep_onion_pickup_by_agent1': [np.float32(0.45)], 'agent0-mep1_3-eval_ep_onion_pickup_by_agent1': [np.float32(0.45)], 'agent1-hsp_adaptive-eval_ep_onion_pickup_by_agent1': [np.float32(0.45)], 'either-mep1_3-eval_ep_onion_pickup_by_agent1': [np.float32(0.45)], 'either-hsp_adaptive-eval_ep_onion_pickup_by_agent1': [np.float32(0.45)], 'mep1_3-hsp_adaptive-eval_ep_useful_onion_pickup_by_agent1': [np.float32(0.45)], 'agent0-mep1_3-eval_ep_useful_onion_pickup_by_agent1': [np.float32(0.45)], 'agent1-hsp_adaptive-eval_ep_useful_onion_pickup_by_agent1': [np.float32(0.45)], 'either-mep1_3-eval_ep_useful_onion_pickup_by_agent1': [np.float32(0.45)], 'either-hsp_adaptive-eval_ep_useful_onion_pickup_by_agent1': [np.float32(0.45)], 'mep1_3-hsp_adaptive-eval_ep_onion_drop_by_agent1': [np.float32(0.15)], 'agent0-mep1_3-eval_ep_onion_drop_by_agent1': [np.float32(0.15)], 'agent1-hsp_adaptive-eval_ep_onion_drop_by_agent1': [np.float32(0.15)], 'either-mep1_3-eval_ep_onion_drop_by_agent1': [np.float32(0.15)], 'either-hsp_adaptive-eval_ep_onion_drop_by_agent1': [np.float32(0.15)], 'mep1_3-hsp_adaptive-eval_ep_useful_onion_drop_by_agent1': [np.float32(0.0)], 'agent0-mep1_3-eval_ep_useful_onion_drop_by_agent1': [np.float32(0.0)], 'agent1-hsp_adaptive-eval_ep_useful_onion_drop_by_agent1': [np.float32(0.0)], 'either-mep1_3-eval_ep_useful_onion_drop_by_agent1': [np.float32(0.0)], 'either-hsp_adaptive-eval_ep_useful_onion_drop_by_agent1': [np.float32(0.0)], 'mep1_3-hsp_adaptive-eval_ep_potting_onion_by_agent1': [np.float32(0.05)], 'agent0-mep1_3-eval_ep_potting_onion_by_agent1': [np.float32(0.05)], 'agent1-hsp_adaptive-eval_ep_potting_onion_by_agent1': [np.float32(0.05)], 'either-mep1_3-eval_ep_potting_onion_by_agent1': [np.float32(0.05)], 'either-hsp_adaptive-eval_ep_potting_onion_by_agent1': [np.float32(0.05)], 'mep1_3-hsp_adaptive-eval_ep_onion_risked_by_agent1': [np.float32(1.7)], 'agent0-mep1_3-eval_ep_onion_risked_by_agent1': [np.float32(1.7)], 'agent1-hsp_adaptive-eval_ep_onion_risked_by_agent1': [np.float32(1.7)], 'either-mep1_3-eval_ep_onion_risked_by_agent1': [np.float32(1.7)], 'either-hsp_adaptive-eval_ep_onion_risked_by_agent1': [np.float32(1.7)], 'mep1_3-hsp_adaptive-eval_ep_onion_slip_by_agent1': [np.float32(0.25)], 'agent0-mep1_3-eval_ep_onion_slip_by_agent1': [np.float32(0.25)], 'agent1-hsp_adaptive-eval_ep_onion_slip_by_agent1': [np.float32(0.25)], 'either-mep1_3-eval_ep_onion_slip_by_agent1': [np.float32(0.25)], 'either-hsp_adaptive-eval_ep_onion_slip_by_agent1': [np.float32(0.25)], 'mep1_3-hsp_adaptive-eval_ep_onion_handoff_by_agent1': [np.float32(0.05)], 'agent0-mep1_3-eval_ep_onion_handoff_by_agent1': [np.float32(0.05)], 'agent1-hsp_adaptive-eval_ep_onion_handoff_by_agent1': [np.float32(0.05)], 'either-mep1_3-eval_ep_onion_handoff_by_agent1': [np.float32(0.05)], 'either-hsp_adaptive-eval_ep_onion_handoff_by_agent1': [np.float32(0.05)], 'mep1_3-hsp_adaptive-eval_ep_dish_pickup_by_agent1': [np.float32(0.25)], 'agent0-mep1_3-eval_ep_dish_pickup_by_agent1': [np.float32(0.25)], 'agent1-hsp_adaptive-eval_ep_dish_pickup_by_agent1': [np.float32(0.25)], 'either-mep1_3-eval_ep_dish_pickup_by_agent1': [np.float32(0.25)], 'either-hsp_adaptive-eval_ep_dish_pickup_by_agent1': [np.float32(0.25)], 'mep1_3-hsp_adaptive-eval_ep_useful_dish_pickup_by_agent1': [np.float32(0.0)], 'agent0-mep1_3-eval_ep_useful_dish_pickup_by_agent1': [np.float32(0.0)], 'agent1-hsp_adaptive-eval_ep_useful_dish_pickup_by_agent1': [np.float32(0.0)], 'either-mep1_3-eval_ep_useful_dish_pickup_by_agent1': [np.float32(0.0)], 'either-hsp_adaptive-eval_ep_useful_dish_pickup_by_agent1': [np.float32(0.0)], 'mep1_3-hsp_adaptive-eval_ep_dish_drop_by_agent1': [np.float32(0.15)], 'agent0-mep1_3-eval_ep_dish_drop_by_agent1': [np.float32(0.15)], 'agent1-hsp_adaptive-eval_ep_dish_drop_by_agent1': [np.float32(0.15)], 'either-mep1_3-eval_ep_dish_drop_by_agent1': [np.float32(0.15)], 'either-hsp_adaptive-eval_ep_dish_drop_by_agent1': [np.float32(0.15)], 'mep1_3-hsp_adaptive-eval_ep_useful_dish_drop_by_agent1': [np.float32(0.15)], 'agent0-mep1_3-eval_ep_useful_dish_drop_by_agent1': [np.float32(0.15)], 'agent1-hsp_adaptive-eval_ep_useful_dish_drop_by_agent1': [np.float32(0.15)], 'either-mep1_3-eval_ep_useful_dish_drop_by_agent1': [np.float32(0.15)], 'either-hsp_adaptive-eval_ep_useful_dish_drop_by_agent1': [np.float32(0.15)], 'mep1_3-hsp_adaptive-eval_ep_dish_risked_by_agent1': [np.float32(0.9)], 'agent0-mep1_3-eval_ep_dish_risked_by_agent1': [np.float32(0.9)], 'agent1-hsp_adaptive-eval_ep_dish_risked_by_agent1': [np.float32(0.9)], 'either-mep1_3-eval_ep_dish_risked_by_agent1': [np.float32(0.9)], 'either-hsp_adaptive-eval_ep_dish_risked_by_agent1': [np.float32(0.9)], 'mep1_3-hsp_adaptive-eval_ep_dish_slip_by_agent1': [np.float32(0.1)], 'agent0-mep1_3-eval_ep_dish_slip_by_agent1': [np.float32(0.1)], 'agent1-hsp_adaptive-eval_ep_dish_slip_by_agent1': [np.float32(0.1)], 'either-mep1_3-eval_ep_dish_slip_by_agent1': [np.float32(0.1)], 'either-hsp_adaptive-eval_ep_dish_slip_by_agent1': [np.float32(0.1)], 'mep1_3-hsp_adaptive-eval_ep_dish_handoff_by_agent1': [np.float32(0.0)], 'agent0-mep1_3-eval_ep_dish_handoff_by_agent1': [np.float32(0.0)], 'agent1-hsp_adaptive-eval_ep_dish_handoff_by_agent1': [np.float32(0.0)], 'either-mep1_3-eval_ep_dish_handoff_by_agent1': [np.float32(0.0)], 'either-hsp_adaptive-eval_ep_dish_handoff_by_agent1': [np.float32(0.0)], 'mep1_3-hsp_adaptive-eval_ep_soup_pickup_by_agent1': [np.float32(0.0)], 'agent0-mep1_3-eval_ep_soup_pickup_by_agent1': [np.float32(0.0)], 'agent1-hsp_adaptive-eval_ep_soup_pickup_by_agent1': [np.float32(0.0)], 'either-mep1_3-eval_ep_soup_pickup_by_agent1': [np.float32(0.0)], 'either-hsp_adaptive-eval_ep_soup_pickup_by_agent1': [np.float32(0.0)], 'mep1_3-hsp_adaptive-eval_ep_soup_delivery_by_agent1': [np.float32(0.0)], 'agent0-mep1_3-eval_ep_soup_delivery_by_agent1': [np.float32(0.0)], 'agent1-hsp_adaptive-eval_ep_soup_delivery_by_agent1': [np.float32(0.0)], 'either-mep1_3-eval_ep_soup_delivery_by_agent1': [np.float32(0.0)], 'either-hsp_adaptive-eval_ep_soup_delivery_by_agent1': [np.float32(0.0)], 'mep1_3-hsp_adaptive-eval_ep_soup_drop_by_agent1': [np.float32(0.0)], 'agent0-mep1_3-eval_ep_soup_drop_by_agent1': [np.float32(0.0)], 'agent1-hsp_adaptive-eval_ep_soup_drop_by_agent1': [np.float32(0.0)], 'either-mep1_3-eval_ep_soup_drop_by_agent1': [np.float32(0.0)], 'either-hsp_adaptive-eval_ep_soup_drop_by_agent1': [np.float32(0.0)], 'mep1_3-hsp_adaptive-eval_ep_soup_risked_by_agent1': [np.float32(0.0)], 'agent0-mep1_3-eval_ep_soup_risked_by_agent1': [np.float32(0.0)], 'agent1-hsp_adaptive-eval_ep_soup_risked_by_agent1': [np.float32(0.0)], 'either-mep1_3-eval_ep_soup_risked_by_agent1': [np.float32(0.0)], 'either-hsp_adaptive-eval_ep_soup_risked_by_agent1': [np.float32(0.0)], 'mep1_3-hsp_adaptive-eval_ep_soup_slip_by_agent1': [np.float32(0.0)], 'agent0-mep1_3-eval_ep_soup_slip_by_agent1': [np.float32(0.0)], 'agent1-hsp_adaptive-eval_ep_soup_slip_by_agent1': [np.float32(0.0)], 'either-mep1_3-eval_ep_soup_slip_by_agent1': [np.float32(0.0)], 'either-hsp_adaptive-eval_ep_soup_slip_by_agent1': [np.float32(0.0)], 'mep1_3-hsp_adaptive-eval_ep_soup_handoff_by_agent1': [np.float32(0.0)], 'agent0-mep1_3-eval_ep_soup_handoff_by_agent1': [np.float32(0.0)], 'agent1-hsp_adaptive-eval_ep_soup_handoff_by_agent1': [np.float32(0.0)], 'either-mep1_3-eval_ep_soup_handoff_by_agent1': [np.float32(0.0)], 'either-hsp_adaptive-eval_ep_soup_handoff_by_agent1': [np.float32(0.0)], 'mep1_3-hsp_adaptive-eval_ep_optimal_onion_potting_by_agent1': [np.float32(0.05)], 'agent0-mep1_3-eval_ep_optimal_onion_potting_by_agent1': [np.float32(0.05)], 'agent1-hsp_adaptive-eval_ep_optimal_onion_potting_by_agent1': [np.float32(0.05)], 'either-mep1_3-eval_ep_optimal_onion_potting_by_agent1': [np.float32(0.05)], 'either-hsp_adaptive-eval_ep_optimal_onion_potting_by_agent1': [np.float32(0.05)], 'mep1_3-hsp_adaptive-eval_ep_optimal_tomato_potting_by_agent1': [np.float32(0.0)], 'agent0-mep1_3-eval_ep_optimal_tomato_potting_by_agent1': [np.float32(0.0)], 'agent1-hsp_adaptive-eval_ep_optimal_tomato_potting_by_agent1': [np.float32(0.0)], 'either-mep1_3-eval_ep_optimal_tomato_potting_by_agent1': [np.float32(0.0)], 'either-hsp_adaptive-eval_ep_optimal_tomato_potting_by_agent1': [np.float32(0.0)], 'mep1_3-hsp_adaptive-eval_ep_viable_onion_potting_by_agent1': [np.float32(0.05)], 'agent0-mep1_3-eval_ep_viable_onion_potting_by_agent1': [np.float32(0.05)], 'agent1-hsp_adaptive-eval_ep_viable_onion_potting_by_agent1': [np.float32(0.05)], 'either-mep1_3-eval_ep_viable_onion_potting_by_agent1': [np.float32(0.05)], 'either-hsp_adaptive-eval_ep_viable_onion_potting_by_agent1': [np.float32(0.05)], 'mep1_3-hsp_adaptive-eval_ep_viable_tomato_potting_by_agent1': [np.float32(0.0)], 'agent0-mep1_3-eval_ep_viable_tomato_potting_by_agent1': [np.float32(0.0)], 'agent1-hsp_adaptive-eval_ep_viable_tomato_potting_by_agent1': [np.float32(0.0)], 'either-mep1_3-eval_ep_viable_tomato_potting_by_agent1': [np.float32(0.0)], 'either-hsp_adaptive-eval_ep_viable_tomato_potting_by_agent1': [np.float32(0.0)], 'mep1_3-hsp_adaptive-eval_ep_catastrophic_onion_potting_by_agent1': [np.float32(0.0)], 'agent0-mep1_3-eval_ep_catastrophic_onion_potting_by_agent1': [np.float32(0.0)], 'agent1-hsp_adaptive-eval_ep_catastrophic_onion_potting_by_agent1': [np.float32(0.0)], 'either-mep1_3-eval_ep_catastrophic_onion_potting_by_agent1': [np.float32(0.0)], 'either-hsp_adaptive-eval_ep_catastrophic_onion_potting_by_agent1': [np.float32(0.0)], 'mep1_3-hsp_adaptive-eval_ep_catastrophic_tomato_potting_by_agent1': [np.float32(0.0)], 'agent0-mep1_3-eval_ep_catastrophic_tomato_potting_by_agent1': [np.float32(0.0)], 'agent1-hsp_adaptive-eval_ep_catastrophic_tomato_potting_by_agent1': [np.float32(0.0)], 'either-mep1_3-eval_ep_catastrophic_tomato_potting_by_agent1': [np.float32(0.0)], 'either-hsp_adaptive-eval_ep_catastrophic_tomato_potting_by_agent1': [np.float32(0.0)], 'mep1_3-hsp_adaptive-eval_ep_useless_onion_potting_by_agent1': [np.float32(0.0)], 'agent0-mep1_3-eval_ep_useless_onion_potting_by_agent1': [np.float32(0.0)], 'agent1-hsp_adaptive-eval_ep_useless_onion_potting_by_agent1': [np.float32(0.0)], 'either-mep1_3-eval_ep_useless_onion_potting_by_agent1': [np.float32(0.0)], 'either-hsp_adaptive-eval_ep_useless_onion_potting_by_agent1': [np.float32(0.0)], 'mep1_3-hsp_adaptive-eval_ep_useless_tomato_potting_by_agent1': [np.float32(0.0)], 'agent0-mep1_3-eval_ep_useless_tomato_potting_by_agent1': [np.float32(0.0)], 'agent1-hsp_adaptive-eval_ep_useless_tomato_potting_by_agent1': [np.float32(0.0)], 'either-mep1_3-eval_ep_useless_tomato_potting_by_agent1': [np.float32(0.0)], 'either-hsp_adaptive-eval_ep_useless_tomato_potting_by_agent1': [np.float32(0.0)], 'mep1_3-hsp_adaptive-eval_ep_empty_slip_by_agent1': [np.float32(0.0)], 'agent0-mep1_3-eval_ep_empty_slip_by_agent1': [np.float32(0.0)], 'agent1-hsp_adaptive-eval_ep_empty_slip_by_agent1': [np.float32(0.0)], 'either-mep1_3-eval_ep_empty_slip_by_agent1': [np.float32(0.0)], 'either-hsp_adaptive-eval_ep_empty_slip_by_agent1': [np.float32(0.0)], 'mep1_3-hsp_adaptive-eval_ep_sparse_r_by_agent0': [np.float64(0.0)], 'agent0-mep1_3-eval_ep_sparse_r_by_agent0': [np.float64(0.0)], 'agent1-hsp_adaptive-eval_ep_sparse_r_by_agent0': [np.float64(0.0)], 'either-mep1_3-eval_ep_sparse_r_by_agent0': [np.float64(0.0)], 'either-hsp_adaptive-eval_ep_sparse_r_by_agent0': [np.float64(0.0)], 'mep1_3-hsp_adaptive-eval_ep_shaped_r_by_agent0': [np.float64(10.1)], 'agent0-mep1_3-eval_ep_shaped_r_by_agent0': [np.float64(10.1)], 'agent1-hsp_adaptive-eval_ep_shaped_r_by_agent0': [np.float64(10.1)], 'either-mep1_3-eval_ep_shaped_r_by_agent0': [np.float64(10.1)], 'either-hsp_adaptive-eval_ep_shaped_r_by_agent0': [np.float64(10.1)], 'mep1_3-hsp_adaptive-eval_ep_sparse_r_by_agent1': [np.float64(0.0)], 'agent0-mep1_3-eval_ep_sparse_r_by_agent1': [np.float64(0.0)], 'agent1-hsp_adaptive-eval_ep_sparse_r_by_agent1': [np.float64(0.0)], 'either-mep1_3-eval_ep_sparse_r_by_agent1': [np.float64(0.0)], 'either-hsp_adaptive-eval_ep_sparse_r_by_agent1': [np.float64(0.0)], 'mep1_3-hsp_adaptive-eval_ep_shaped_r_by_agent1': [np.float64(0.15)], 'agent0-mep1_3-eval_ep_shaped_r_by_agent1': [np.float64(0.15)], 'agent1-hsp_adaptive-eval_ep_shaped_r_by_agent1': [np.float64(0.15)], 'either-mep1_3-eval_ep_shaped_r_by_agent1': [np.float64(0.15)], 'either-hsp_adaptive-eval_ep_shaped_r_by_agent1': [np.float64(0.15)], 'mep1_3-hsp_adaptive-eval_ep_sparse_r': [np.float64(0.0)], 'agent0-mep1_3-eval_ep_sparse_r': [np.float64(0.0)], 'agent1-hsp_adaptive-eval_ep_sparse_r': [np.float64(0.0)], 'either-mep1_3-eval_ep_sparse_r': [np.float64(0.0)], 'either-hsp_adaptive-eval_ep_sparse_r': [np.float64(0.0)], 'mep1_3-hsp_adaptive-eval_ep_shaped_r': [np.float64(10.25)], 'agent0-mep1_3-eval_ep_shaped_r': [np.float64(10.25)], 'agent1-hsp_adaptive-eval_ep_shaped_r': [np.float64(10.25)], 'either-mep1_3-eval_ep_shaped_r': [np.float64(10.25)], 'either-hsp_adaptive-eval_ep_shaped_r': [np.float64(10.25)]}
{'mep1_3-hsp_adaptive-eval_ep_sparse_r_by_agent0': [np.float64(0.0)], 'agent0-mep1_3-eval_ep_sparse_r_by_agent0': [np.float64(0.0)], 'agent1-hsp_adaptive-eval_ep_sparse_r_by_agent0': [np.float64(0.0)], 'either-mep1_3-eval_ep_sparse_r_by_agent0': [np.float64(0.0)], 'either-hsp_adaptive-eval_ep_sparse_r_by_agent0': [np.float64(0.0)], 'mep1_3-hsp_adaptive-eval_ep_sparse_r_by_agent1': [np.float64(0.0)], 'agent0-mep1_3-eval_ep_sparse_r_by_agent1': [np.float64(0.0)], 'agent1-hsp_adaptive-eval_ep_sparse_r_by_agent1': [np.float64(0.0)], 'either-mep1_3-eval_ep_sparse_r_by_agent1': [np.float64(0.0)], 'either-hsp_adaptive-eval_ep_sparse_r_by_agent1': [np.float64(0.0)], 'mep1_3-hsp_adaptive-eval_ep_sparse_r': [np.float64(0.0)], 'agent0-mep1_3-eval_ep_sparse_r': [np.float64(0.0)], 'agent1-hsp_adaptive-eval_ep_sparse_r': [np.float64(0.0)], 'either-mep1_3-eval_ep_sparse_r': [np.float64(0.0)], 'either-hsp_adaptive-eval_ep_sparse_r': [np.float64(0.0)]}
